PhoneNumber,Name,City,State,Carrier,Type,SpamScore
+919380799835,Rakesh Solanki,Kolkata,West Bengal,Airtel,Mobile,0
+919079420094,Vijay Barua,Kolkata,West Bengal,Airtel,Mobile,0
+919256024472,Sachin Goyal,Pune,Maharashtra,Airtel,Mobile,0
+919459378729,Savita Dey,Chandigarh,Punjab,BSNL,Mobile,0
+919614320222,Sapna Talwar,Gwalior,Madhya Pradesh,Airtel,Mobile,0
+919456642580,Karun Banerjee,Mysore,Karnataka,Jio,Mobile,0
+917331962041,Rohit Rathore,Ludhiana,Punjab,Vodafone Idea,Mobile,0
+918739829409,Mohan Singh,Vadodara,Gujarat,Airtel,Mobile,0
+919679138053,Vivaan Rao,Amritsar,Punjab,Vodafone Idea,Mobile,0
+917671983148,Ayaan Jadeja,Surat,Gujarat,Jio,Mobile,0
+919186842127,Manju Shetty,Mumbai,Maharashtra,Jio,Mobile,0
+918250887350,Rachna Gupta,Nagpur,Maharashtra,BSNL,Mobile,0
+916198527383,Lalita Singh,Nagpur,Maharashtra,BSNL,Mobile,0
+919580145291,Shalini Wani,Gurugram,Haryana,Jio,Mobile,0
+917960140662,Pradeep Mir,Dehradun,Uttarakhand,Jio,Mobile,0
+919010090845,Mukesh Mathur,Nashik,Maharashtra,BSNL,Mobile,0
+918413966203,Gurpreet Pai,Ranchi,Jharkhand,Airtel,Mobile,0
+918716280032,Radha Jadeja,Amritsar,Punjab,BSNL,Mobile,0
+918418772596,Kabir More,Gurugram,Haryana,Vodafone Idea,Mobile,0
+917838430946,Vipul Warrier,Tiruchirappalli,Tamil Nadu,Airtel,Mobile,0
+919958148286,Amit Deshmukh,Chennai,Tamil Nadu,BSNL,Mobile,0
+917816276700,Dhruv Das,Nagpur,Maharashtra,Airtel,Mobile,0
+919498749043,Namita Shetty,Jaipur,Rajasthan,Vodafone Idea,Mobile,0
+916353381213,Arjun Pant,Rajkot,Gujarat,Jio,Mobile,0
+916132350788,Aditya Mehra,Madurai,Tamil Nadu,BSNL,Mobile,0
+919361714190,Anita Bhatia,Patna,Bihar,BSNL,Mobile,0
+918284437279,Pankaj Warrier,Bhubaneswar,Odisha,Jio,Mobile,0
+917626355829,Usha Yadav,Ludhiana,Punjab,Jio,Mobile,0
+919753262652,Harpreet Patel,Chennai,Tamil Nadu,Jio,Mobile,0
+919667575716,Naveen Pant,Chandigarh,Punjab,BSNL,Mobile,0
+919096039025,Aarohi Verma,Allahabad,Uttar Pradesh,Jio,Mobile,0
+917454457431,Nikhil Nair,Srinagar,Jammu & Kashmir,Jio,Mobile,0
+919160969448,Rakesh Jain,Allahabad,Uttar Pradesh,BSNL,Mobile,0
+917245118669,Girish Singhal,Lucknow,Uttar Pradesh,BSNL,Mobile,0
+918669176683,Reema Paul,Chennai,Tamil Nadu,Vodafone Idea,Mobile,0
+917865318605,Nitesh Patil,Mumbai,Maharashtra,Airtel,Mobile,0
+918291417769,Kapil Sen,Indore,Madhya Pradesh,Jio,Mobile,0
+918812355776,Nitin Nair,Chennai,Tamil Nadu,Vodafone Idea,Mobile,0
+919463854674,Manpreet Reddy,Jammu,Jammu & Kashmir,Jio,Mobile,0
+919968911403,Amit Dar,Jaipur,Rajasthan,Vodafone Idea,Mobile,0
+919638581933,Usha Mehra,Chandigarh,Punjab,Airtel,Mobile,0
+918462919953,Rupesh Das,Bangalore,Karnataka,Airtel,Mobile,0
+919231132166,Mukesh Pant,Lucknow,Uttar Pradesh,Airtel,Mobile,0
+919545576820,Archana Gogoi,Varanasi,Uttar Pradesh,BSNL,Mobile,0
+918997957172,Lakshmi Tandon,Patna,Bihar,Vodafone Idea,Mobile,0
+918513960474,Pari More,Jaipur,Rajasthan,Airtel,Mobile,0
+916158256181,Ashish Desai,Chennai,Tamil Nadu,Jio,Mobile,0
+917738399067,Priya Chauhan,Udaipur,Rajasthan,Vodafone Idea,Mobile,0
+917789294902,Puneet Biswas,Lucknow,Uttar Pradesh,Jio,Mobile,0
+919816552205,Poonam Nair,Jabalpur,Madhya Pradesh,Airtel,Mobile,0
+917814189904,Shaurya Kulkarni,Allahabad,Uttar Pradesh,Airtel,Mobile,0
+918419230483,Ravi Shinde,Chennai,Tamil Nadu,BSNL,Mobile,0
+918484503114,Geeta Mathur,Amritsar,Punjab,BSNL,Mobile,0
+917458003689,Manoj Pawar,Belgaum,Karnataka,Jio,Mobile,0
+918824407621,Nandini Bora,Bhopal,Madhya Pradesh,Vodafone Idea,Mobile,0
+918125074197,Yogesh Mitra,Agra,Uttar Pradesh,Vodafone Idea,Mobile,0
+917783672378,Pradeep Biswas,Bangalore,Karnataka,Vodafone Idea,Mobile,0
+917728359073,Lakhan Gupta,Bhubaneswar,Odisha,Jio,Mobile,0
+917590990989,Gurpreet Hegde,Aurangabad,Maharashtra,BSNL,Mobile,0
+919226662985,Harpreet Banerjee,Thane,Maharashtra,Vodafone Idea,Mobile,0
+917918082126,Harish Patil,Noida,Uttar Pradesh,Jio,Mobile,0
+918018975039,Anita Warrier,Nashik,Maharashtra,Airtel,Mobile,0
+919582512775,Geeta Jadeja,Tiruchirappalli,Tamil Nadu,BSNL,Mobile,0
+919968101998,Sneha Barua,Allahabad,Uttar Pradesh,Vodafone Idea,Mobile,0
+917624417486,Vinita Sethi,Indore,Madhya Pradesh,Vodafone Idea,Mobile,0
+917867102816,Jayesh Shukla,Delhi,Delhi,Jio,Mobile,0
+917677435177,Divya Dhawan,Gurugram,Haryana,Jio,Mobile,0
+919643580146,Ananya Das,Shimla,Himachal Pradesh,Airtel,Mobile,0
+918090109203,Naveen Joshi,Hyderabad,Telangana,Vodafone Idea,Mobile,0
+919041138443,Swati Iyer,Lucknow,Uttar Pradesh,Vodafone Idea,Mobile,0
+918790620131,Manish Modi,Ghaziabad,Uttar Pradesh,Vodafone Idea,Mobile,0
+918485400490,Aarav Shukla,Gwalior,Madhya Pradesh,BSNL,Mobile,0
+917533114635,Mohit Patil,Mumbai,Maharashtra,Vodafone Idea,Mobile,0
+918571643884,Nikhil Gupta,Ranchi,Jharkhand,Jio,Mobile,0
+916349206896,Sachin Iyer,Nagpur,Maharashtra,Jio,Mobile,0
+917838728795,Mahesh Pillai,Surat,Gujarat,Jio,Mobile,0
+919985679789,Puneet Tiwari,Jodhpur,Rajasthan,Jio,Mobile,0
+917170154259,Sneha Barua,Patna,Bihar,Airtel,Mobile,0
+918332030975,Naman Bhatia,Mysore,Karnataka,Airtel,Mobile,0
+918745841982,Vinita Rao,Jodhpur,Rajasthan,Jio,Mobile,0
+917065210993,Priya Ghosh,Chennai,Tamil Nadu,Jio,Mobile,0
+919251811580,Pavan Pawar,Bhopal,Madhya Pradesh,Airtel,Mobile,0
+917244860009,Arun Shinde,Mumbai,Maharashtra,Jio,Mobile,0
+917782840012,Ashish Verma,Gurugram,Haryana,BSNL,Mobile,0
+918921202432,Hitesh Shukla,Jodhpur,Rajasthan,Jio,Mobile,0
+918861675623,Rupesh Dey,Bhubaneswar,Odisha,Jio,Mobile,0
+916379357264,Nandini Singh,Mysore,Karnataka,Airtel,Mobile,0
+917246124152,Satish Nair,Rajkot,Gujarat,Vodafone Idea,Mobile,0
+918399623882,Gurpreet Jain,Hubli,Karnataka,Vodafone Idea,Mobile,0
+919629274545,Bhavna Mishra,Srinagar,Jammu & Kashmir,Airtel,Mobile,0
+916092970125,Rakesh Paul,Agra,Uttar Pradesh,Vodafone Idea,Mobile,0
+917598093281,Aarush Bora,Aurangabad,Maharashtra,Jio,Mobile,0
+918946083097,Poonam Pandey,Rajkot,Gujarat,Airtel,Mobile,0
+919654480669,Vikram Singhal,Dehradun,Uttarakhand,BSNL,Mobile,0
+919454196517,Karun Chatterjee,Surat,Gujarat,BSNL,Mobile,0
+917935326601,Nandini Dey,Bhopal,Madhya Pradesh,BSNL,Mobile,0
+918233673380,Kiran Naidu,Visakhapatnam,Andhra Pradesh,Airtel,Mobile,0
+918696344679,Sushma Sethi,Hyderabad,Telangana,Vodafone Idea,Mobile,0
+919982697884,Karun Goyal,Aurangabad,Maharashtra,Airtel,Mobile,0
+918216406869,Anjali Gupta,Bangalore,Karnataka,Airtel,Mobile,0
+919264923169,Divya Gogoi,Kolkata,West Bengal,Airtel,Mobile,0
+919216354462,Sachin Patel,Amritsar,Punjab,BSNL,Mobile,0
+919566100550,Priya Agarwal,Hubli,Karnataka,BSNL,Mobile,0
+917118589291,Sushma Tandon,Navi Mumbai,Maharashtra,Airtel,Mobile,0
+919947678539,Lalita Goyal,Nashik,Maharashtra,Jio,Mobile,0
+918557991373,Manoj Arora,Hyderabad,Telangana,Jio,Mobile,0
+917921266574,Tushar Barua,Srinagar,Jammu & Kashmir,BSNL,Mobile,0
+916090658953,Manpreet Shetty,Jabalpur,Madhya Pradesh,Airtel,Mobile,0
+919730099092,Jaspreet Sarkar,Indore,Madhya Pradesh,BSNL,Mobile,0
+917355490960,Anika Jadhav,Rajkot,Gujarat,Vodafone Idea,Mobile,0
+918694432099,Sandeep Singh,Srinagar,Jammu & Kashmir,Airtel,Mobile,0
+918065133477,Roshan Bora,Srinagar,Jammu & Kashmir,BSNL,Mobile,0
+917695119029,Usha Gupta,Chandigarh,Punjab,Airtel,Mobile,0
+917891128695,Lalita Thakur,Chandigarh,Punjab,Jio,Mobile,0
+919183066042,Satish Jadhav,Gwalior,Madhya Pradesh,Airtel,Mobile,0
+917784786925,Archana Sharma,Allahabad,Uttar Pradesh,Jio,Mobile,0
+916250094849,Aarav Iyer,Indore,Madhya Pradesh,Vodafone Idea,Mobile,0
+919878643394,Shikha Yadav,Agra,Uttar Pradesh,Vodafone Idea,Mobile,0
+918441812740,Anvi Tomar,Hubli,Karnataka,Jio,Mobile,0
+918593750948,Lalit More,Jabalpur,Madhya Pradesh,Jio,Mobile,0
+918547260366,Priya Saxena,Jammu,Jammu & Kashmir,BSNL,Mobile,0
+919290923223,Usha Rawat,Dehradun,Uttarakhand,Airtel,Mobile,0
+919713871004,Vihaan Saxena,Vadodara,Gujarat,Airtel,Mobile,0
+919912793663,Raman Arora,Aurangabad,Maharashtra,Jio,Mobile,0
+916042072430,Harpreet Jadeja,Mumbai,Maharashtra,Vodafone Idea,Mobile,0
+917947229005,Geeta Desai,Mumbai,Maharashtra,Vodafone Idea,Mobile,0
+916272055152,Myra Bhatia,Agra,Uttar Pradesh,Airtel,Mobile,0
+917592201910,Harpreet Mukherjee,Ghaziabad,Uttar Pradesh,BSNL,Mobile,0
+919994758001,Shalini Pandey,Hyderabad,Telangana,Jio,Mobile,0
+919111226403,Ritu Talwar,Mangalore,Karnataka,Airtel,Mobile,0
+919297992681,Jaspreet Raina,Indore,Madhya Pradesh,Airtel,Mobile,0
+916081004801,Reema Malhotra,Thane,Maharashtra,Vodafone Idea,Mobile,0
+918076133390,Vinita Dey,Noida,Uttar Pradesh,Airtel,Mobile,0
+919842520659,Nandini Shinde,Agra,Uttar Pradesh,BSNL,Mobile,0
+919536612833,Chetan Chauhan,Jammu,Jammu & Kashmir,BSNL,Mobile,0
+918780274838,Ganesh Raina,Mangalore,Karnataka,Airtel,Mobile,0
+919659318618,Rajeev Menon,Ghaziabad,Uttar Pradesh,Airtel,Mobile,0
+919239847924,Poonam Mitra,Dehradun,Uttarakhand,Vodafone Idea,Mobile,0
+919588784315,Mohit Mir,Guwahati,Assam,Vodafone Idea,Mobile,0
+917627182663,Lalit Jain,Madurai,Tamil Nadu,Jio,Mobile,0
+917282467758,Anvi Kamath,Thiruvananthapuram,Kerala,Jio,Mobile,0
+919759609472,Sanjay Suri,Mumbai,Maharashtra,Jio,Mobile,0
+917074857942,Nisha Chauhan,Visakhapatnam,Andhra Pradesh,Jio,Mobile,0
+916382299687,Swapna Pandey,Belgaum,Karnataka,Jio,Mobile,0
+918033678959,Mukesh Paul,Gurugram,Haryana,Vodafone Idea,Mobile,0
+916180161827,Amita Singhal,Hubli,Karnataka,BSNL,Mobile,0
+918391941133,Myra Talwar,Bhopal,Madhya Pradesh,Jio,Mobile,0
+918877602313,Tejinder Ghosh,Hyderabad,Telangana,BSNL,Mobile,0
+917029642028,Lakhan Kurup,Bhubaneswar,Odisha,Airtel,Mobile,0
+918245810779,Rahul Dey,Navi Mumbai,Maharashtra,Airtel,Mobile,0
+918723881474,Atharv Tiwari,Allahabad,Uttar Pradesh,BSNL,Mobile,0
+919864072869,Diya Chopra,Delhi,Delhi,Jio,Mobile,0
+918740259903,Pradeep Mitra,Jodhpur,Rajasthan,BSNL,Mobile,0
+917248611555,Lalita Jain,Hyderabad,Telangana,Jio,Mobile,0
+918280107621,Mukesh Mir,Allahabad,Uttar Pradesh,Jio,Mobile,0
+916377221417,Vikram Warrier,Allahabad,Uttar Pradesh,BSNL,Mobile,0
+916284048115,Anjali Warrier,Gurugram,Haryana,BSNL,Mobile,0
+919835071946,Rajeev Pawar,Madurai,Tamil Nadu,Vodafone Idea,Mobile,0
+919729435654,Amita Wani,Nashik,Maharashtra,Vodafone Idea,Mobile,0
+917533740189,Dhruv Barua,Chennai,Tamil Nadu,Airtel,Mobile,0
+919582004895,Jitesh Modi,Ranchi,Jharkhand,Jio,Mobile,0
+918792828726,Aadhya Pai,Hyderabad,Telangana,Jio,Mobile,0
+916016493358,Sumit Rathore,Pune,Maharashtra,Vodafone Idea,Mobile,0
+918176105112,Naveen Mehta,Dehradun,Uttarakhand,Jio,Mobile,0
+919636169939,Dhruv Banerjee,Nashik,Maharashtra,Airtel,Mobile,0
+917682096275,Neha Agarwal,Varanasi,Uttar Pradesh,Airtel,Mobile,0
+918726468044,Aditya Chatterjee,Visakhapatnam,Andhra Pradesh,Airtel,Mobile,0
+918043679737,Lakhan Kaul,Amritsar,Punjab,Vodafone Idea,Mobile,0
+918363540206,Savita More,Thiruvananthapuram,Kerala,Airtel,Mobile,0
+918081847296,Kuldeep Mishra,Delhi,Delhi,Jio,Mobile,0
+919793952082,Myra Mukherjee,Mumbai,Maharashtra,Vodafone Idea,Mobile,0
+918652499737,Hitesh Patil,Gurugram,Haryana,Jio,Mobile,0
+918547779122,Poonam Desai,Delhi,Delhi,BSNL,Mobile,0
+918434847821,Naman Pawar,Patna,Bihar,Vodafone Idea,Mobile,0
+917993974485,Suresh Gowda,Pune,Maharashtra,Jio,Mobile,0
+918250341378,Anvi Shekhawat,Allahabad,Uttar Pradesh,Airtel,Mobile,0
+918339347820,Sapna Chauhan,Tiruchirappalli,Tamil Nadu,BSNL,Mobile,0
+918567779540,Arun Saikia,Shimla,Himachal Pradesh,Airtel,Mobile,0
+916127831895,Lalita Patil,Salem,Tamil Nadu,Airtel,Mobile,0
+919652903228,Garima Shinde,Bhopal,Madhya Pradesh,Vodafone Idea,Mobile,0
+917823164513,Rohan Naidu,Vadodara,Gujarat,Airtel,Mobile,0
+916353962852,Nisha Biswas,Varanasi,Uttar Pradesh,BSNL,Mobile,0
+919792058710,Harpreet Deshmukh,Shimla,Himachal Pradesh,Airtel,Mobile,0
+919891377150,Archana Solanki,Pune,Maharashtra,BSNL,Mobile,0
+919030734050,Mukesh Mathur,Srinagar,Jammu & Kashmir,Vodafone Idea,Mobile,0
+917558491458,Sara Patil,Dehradun,Uttarakhand,BSNL,Mobile,0
+916394416273,Jaspreet Wani,Vadodara,Gujarat,Vodafone Idea,Mobile,0
+919288937488,Diya Banerjee,Ghaziabad,Uttar Pradesh,BSNL,Mobile,0
+919689792557,Amit Modi,Mumbai,Maharashtra,Jio,Mobile,0
+917523637938,Padma Tiwari,Mangalore,Karnataka,Vodafone Idea,Mobile,0
+919661984249,Ravi Kumar,Salem,Tamil Nadu,Jio,Mobile,0
+917329898565,Tarun Thakur,Surat,Gujarat,Vodafone Idea,Mobile,0
+919835270005,Sushma Pawar,Srinagar,Jammu & Kashmir,Vodafone Idea,Mobile,0
+917147394362,Gaurav Bhat,Navi Mumbai,Maharashtra,Vodafone Idea,Mobile,0
+919391688206,Reyansh Naidu,Ludhiana,Punjab,Airtel,Mobile,0
+917771956259,Priya Singh,Hubli,Karnataka,Airtel,Mobile,0
+917571527888,Tejinder Jadhav,Dehradun,Uttarakhand,BSNL,Mobile,0
+917019524545,Lalita Bora,Ghaziabad,Uttar Pradesh,Jio,Mobile,0
+918869676512,Pradeep Raina,Bangalore,Karnataka,Jio,Mobile,0
+918286515076,Kiran Mathur,Nashik,Maharashtra,Vodafone Idea,Mobile,0
+916220184608,Girish Paul,Ludhiana,Punjab,Jio,Mobile,0
+918199529792,Vineet Sethi,Mangalore,Karnataka,Jio,Mobile,0
+917944402625,Geeta Mehra,Pune,Maharashtra,BSNL,Mobile,0
+918326264879,Swati Joshi,Ludhiana,Punjab,Jio,Mobile,0
+919359052909,Lalita Kumar,Chandigarh,Punjab,Airtel,Mobile,0
+919720146208,Sunil Saikia,Jodhpur,Rajasthan,Airtel,Mobile,0
+917137497516,Vandana Parmar,Surat,Gujarat,BSNL,Mobile,0
+919836791589,Tejinder Patil,Nagpur,Maharashtra,BSNL,Mobile,0
+916240829777,Umesh Mukherjee,Navi Mumbai,Maharashtra,Vodafone Idea,Mobile,0
+916361500921,Lokesh Bajaj,Lucknow,Uttar Pradesh,BSNL,Mobile,0
+917426295369,Suresh Khanna,Mangalore,Karnataka,Jio,Mobile,0
+917391550749,Ganesh Shah,Ahmedabad,Gujarat,BSNL,Mobile,0
+918584527229,Varun Goyal,Ghaziabad,Uttar Pradesh,Vodafone Idea,Mobile,0
+919682178592,Divya Bora,Coimbatore,Tamil Nadu,Vodafone Idea,Mobile,0
+918653385804,Mohit Thakur,Allahabad,Uttar Pradesh,BSNL,Mobile,0
+919391245596,Rajesh Dhawan,Delhi,Delhi,BSNL,Mobile,0
+919720120664,Aman Jadeja,Ranchi,Jharkhand,Vodafone Idea,Mobile,0
+919216496792,Radha Singhal,Vadodara,Gujarat,Jio,Mobile,0
+917067539302,Vikram Tiwari,Mangalore,Karnataka,BSNL,Mobile,0
+918741005598,Diya Sen,Dehradun,Uttarakhand,Jio,Mobile,0
+919324191193,Geeta Das,Jammu,Jammu & Kashmir,Airtel,Mobile,0
+917891397173,Sukhpreet Nair,Jabalpur,Madhya Pradesh,Vodafone Idea,Mobile,0
+918285957981,Shaurya Bisht,Jammu,Jammu & Kashmir,Vodafone Idea,Mobile,0
+919977623704,Aarohi Dar,Mangalore,Karnataka,BSNL,Mobile,0
+919383775788,Arun Jadeja,Navi Mumbai,Maharashtra,Airtel,Mobile,0
+919475881000,Ananya Roy,Pune,Maharashtra,Jio,Mobile,0
+917087416034,Sarita Pillai,Faridabad,Haryana,Vodafone Idea,Mobile,0
+918385479861,Sunita Nair,Nashik,Maharashtra,Jio,Mobile,0
+918180417982,Savita Mitra,Ghaziabad,Uttar Pradesh,Vodafone Idea,Mobile,0
+919056624711,Shaurya Tripathi,Kanpur,Uttar Pradesh,Vodafone Idea,Mobile,0
+917813211524,Pavan Mukherjee,Ludhiana,Punjab,Vodafone Idea,Mobile,0
+918896346821,Rohan Desai,Udaipur,Rajasthan,Vodafone Idea,Mobile,0
+916176332859,Ravi Chauhan,Amritsar,Punjab,Vodafone Idea,Mobile,0
+918342528245,Aarav Singh,Mangalore,Karnataka,BSNL,Mobile,0
+917019938564,Atharv Reddy,Varanasi,Uttar Pradesh,Jio,Mobile,0
+918148327194,Lokesh Mathur,Shimla,Himachal Pradesh,Airtel,Mobile,0
+917283186247,Nikhil Chauhan,Coimbatore,Tamil Nadu,Jio,Mobile,0
+917522203793,Sushma Chauhan,Udaipur,Rajasthan,Vodafone Idea,Mobile,0
+917834250798,Rekha Shetty,Kanpur,Uttar Pradesh,Vodafone Idea,Mobile,0
+917873859417,Dinesh Vaghela,Bhopal,Madhya Pradesh,BSNL,Mobile,0
+918358437477,Rajeev Barua,Coimbatore,Tamil Nadu,Jio,Mobile,0
+918857092926,Kishan Mishra,Udaipur,Rajasthan,Airtel,Mobile,0
+918982196997,Simran Jadeja,Raipur,Chhattisgarh,Vodafone Idea,Mobile,0
+918351733637,Lakhan Kurup,Madurai,Tamil Nadu,Airtel,Mobile,0
+919644017324,Sapna Chopra,Aurangabad,Maharashtra,Jio,Mobile,0
+919980491281,Nitesh Patil,Kanpur,Uttar Pradesh,Airtel,Mobile,0
+918832105015,Rahul Tripathi,Coimbatore,Tamil Nadu,Jio,Mobile,0
+919768652680,Ishaan Rathore,Visakhapatnam,Andhra Pradesh,BSNL,Mobile,0
+916178504214,Reema Verma,Vadodara,Gujarat,Vodafone Idea,Mobile,0
+918115509668,Ansh Dey,Nagpur,Maharashtra,Jio,Mobile,0
+916056837930,Smita More,Lucknow,Uttar Pradesh,Jio,Mobile,0
+918595008591,Kavita Tomar,Madurai,Tamil Nadu,Jio,Mobile,0
+917936895126,Kunal Sen,Nagpur,Maharashtra,Jio,Mobile,0
+919680028324,Suresh Singhal,Aurangabad,Maharashtra,Vodafone Idea,Mobile,0
+918673153085,Asha Ahuja,Jaipur,Rajasthan,BSNL,Mobile,0
+918587958044,Sunanda Kumar,Jodhpur,Rajasthan,Jio,Mobile,0
+919797125228,Vikram Paul,Surat,Gujarat,Airtel,Mobile,0
+918411944370,Nikhil Tomar,Salem,Tamil Nadu,Jio,Mobile,0
+919917422742,Lakshmi Jain,Allahabad,Uttar Pradesh,Airtel,Mobile,0
+919694597543,Amita Rao,Vijayawada,Andhra Pradesh,Airtel,Mobile,0
+918998131390,Seema Bose,Dehradun,Uttarakhand,Jio,Mobile,0
+919855662076,Neha Khare,Faridabad,Haryana,Vodafone Idea,Mobile,0
+917457640444,Reshma Bisht,Hyderabad,Telangana,Jio,Mobile,0
+919323199394,Manoj Choudhary,Dehradun,Uttarakhand,BSNL,Mobile,0
+917978673745,Harish Mandal,Mangalore,Karnataka,Vodafone Idea,Mobile,0
+919222288206,Sarita Mukherjee,Jabalpur,Madhya Pradesh,Vodafone Idea,Mobile,0
+919779746304,Anvi Dar,Ahmedabad,Gujarat,BSNL,Mobile,0
+916366084309,Ramesh Mir,Lucknow,Uttar Pradesh,Vodafone Idea,Mobile,0
+918279907811,Sandeep Pawar,Bhubaneswar,Odisha,Vodafone Idea,Mobile,0
+916184771096,Harpreet Jain,Gurugram,Haryana,Jio,Mobile,0
+917095569399,Priya Rathore,Ludhiana,Punjab,Vodafone Idea,Mobile,0
+919672336485,Anjali Saikia,Jammu,Jammu & Kashmir,Jio,Mobile,0
+916361646236,Simran Tomar,Hyderabad,Telangana,Vodafone Idea,Mobile,0
+916216802638,Garima Jain,Tiruchirappalli,Tamil Nadu,Vodafone Idea,Mobile,0
+918354054681,Geeta Malhotra,Hyderabad,Telangana,BSNL,Mobile,0
+917725266690,Myra Kaul,Bhubaneswar,Odisha,BSNL,Mobile,0
+919546475486,Aditya Singh,Mangalore,Karnataka,Airtel,Mobile,0
+919548656386,Sunita Joshi,Lucknow,Uttar Pradesh,Airtel,Mobile,0
+919582062283,Sunita Shah,Faridabad,Haryana,Airtel,Mobile,0
+918176296953,Uma Kulkarni,Guwahati,Assam,Jio,Mobile,0
+917756197554,Neelam Chopra,Surat,Gujarat,Jio,Mobile,0
+918550641894,Paresh Mishra,Belgaum,Karnataka,Airtel,Mobile,0
+918842293296,Aarohi Sharma,Dehradun,Uttarakhand,Jio,Mobile,0
+919724117997,Lalita Mehra,Vadodara,Gujarat,Airtel,Mobile,0
+918473337462,Sunita Dubey,Surat,Gujarat,Jio,Mobile,0
+918494708131,Hitesh Pawar,Faridabad,Haryana,Airtel,Mobile,0
+918110292010,Sachin Negi,Tiruchirappalli,Tamil Nadu,Airtel,Mobile,0
+918886468133,Ravi Patil,Amritsar,Punjab,Jio,Mobile,0
+918799452333,Savita Raina,Indore,Madhya Pradesh,Airtel,Mobile,0
+919148179325,Bhavna More,Noida,Uttar Pradesh,Jio,Mobile,0
+916033372835,Jayesh Shekhawat,Ranchi,Jharkhand,Airtel,Mobile,0
+918099529360,Priya Rawat,Bhopal,Madhya Pradesh,BSNL,Mobile,0
+916171032881,Myra Saxena,Varanasi,Uttar Pradesh,Airtel,Mobile,0
+917537117773,Sanjiv Chopra,Mangalore,Karnataka,Vodafone Idea,Mobile,0
+919210855332,Manju Patel,Kanpur,Uttar Pradesh,BSNL,Mobile,0
+918262813901,Raman Bhatia,Ahmedabad,Gujarat,Jio,Mobile,0
+918498515390,Shravan Tomar,Kolkata,West Bengal,Vodafone Idea,Mobile,0
+918828938299,Vivaan Kurup,Bangalore,Karnataka,Jio,Mobile,0
+919911923853,Amanpreet Mandal,Shimla,Himachal Pradesh,Vodafone Idea,Mobile,0
+917467099866,Reema Sen,Hubli,Karnataka,BSNL,Mobile,0
+917991962464,Jyoti Barua,Delhi,Delhi,Vodafone Idea,Mobile,0
+919763009453,Kavita Shetty,Faridabad,Haryana,BSNL,Mobile,0
+919479609820,Lokesh Tandon,Chennai,Tamil Nadu,Jio,Mobile,0
+919693668264,Dhruv Iyer,Srinagar,Jammu & Kashmir,Airtel,Mobile,0
+917960070449,Simran Bhat,Surat,Gujarat,Vodafone Idea,Mobile,0
+917322469823,Reema Saxena,Bangalore,Karnataka,Vodafone Idea,Mobile,0
+917430299570,Aman Mathur,Chennai,Tamil Nadu,BSNL,Mobile,0
+916218554341,Amita Paul,Jodhpur,Rajasthan,Jio,Mobile,0
+917352721464,Poonam Mishra,Allahabad,Uttar Pradesh,Jio,Mobile,0
+917642291402,Tejinder Mathur,Chennai,Tamil Nadu,BSNL,Mobile,0
+918248785128,Sushma Mehra,Kolkata,West Bengal,Airtel,Mobile,0
+918754280909,Manpreet Pandey,Udaipur,Rajasthan,Airtel,Mobile,0
+919361707347,Vikram Bhatia,Gurugram,Haryana,Vodafone Idea,Mobile,0
+917976641467,Rajeev Sen,Jodhpur,Rajasthan,Airtel,Mobile,0
+918851307999,Kapil Rathore,Kochi,Kerala,Vodafone Idea,Mobile,0
+919695293248,Rajeev Kumar,Faridabad,Haryana,Vodafone Idea,Mobile,0
+918321649672,Rajeev Dutta,Agra,Uttar Pradesh,Vodafone Idea,Mobile,0
+918989257894,Arnav Mehta,Ahmedabad,Gujarat,Vodafone Idea,Mobile,0
+918073295390,Sai Mandal,Gurugram,Haryana,BSNL,Mobile,0
+917549255611,Tejinder Bhatia,Kochi,Kerala,Jio,Mobile,0
+918425335846,Myra Tandon,Aurangabad,Maharashtra,Jio,Mobile,0
+917147612461,Sunil Nair,Vadodara,Gujarat,Vodafone Idea,Mobile,0
+916342503218,Navpreet Kurup,Udaipur,Rajasthan,BSNL,Mobile,0
+917284467228,Sara Dey,Hyderabad,Telangana,Jio,Mobile,0
+919147726790,Sneha Raina,Udaipur,Rajasthan,Airtel,Mobile,0
+918195618549,Sumit More,Nashik,Maharashtra,BSNL,Mobile,0
+916369268066,Kabir Tripathi,Aurangabad,Maharashtra,Jio,Mobile,0
+917589480156,Padma Gupta,Varanasi,Uttar Pradesh,Vodafone Idea,Mobile,0
+917139564465,Swapna Mehra,Thane,Maharashtra,Vodafone Idea,Mobile,0
+919952018289,Archana Gogoi,Ghaziabad,Uttar Pradesh,Jio,Mobile,0
+919790492667,Ritesh Mukherjee,Nashik,Maharashtra,BSNL,Mobile,0
+917885171076,Navpreet Chopra,Pune,Maharashtra,Jio,Mobile,0
+918826633592,Manpreet Kurup,Mangalore,Karnataka,Vodafone Idea,Mobile,0
+919512945094,Aman Shinde,Bhopal,Madhya Pradesh,Airtel,Mobile,0
+918872786015,Anjali Patel,Gurugram,Haryana,Airtel,Mobile,0
+916129841921,Archana Shetty,Mysore,Karnataka,Vodafone Idea,Mobile,0
+918829041621,Deepak Pandey,Hyderabad,Telangana,Vodafone Idea,Mobile,0
+919542435809,Hitesh Tomar,Amritsar,Punjab,Vodafone Idea,Mobile,0
+918863638241,Mukul Mishra,Navi Mumbai,Maharashtra,Airtel,Mobile,0
+916193667760,Kabir Kamath,Thane,Maharashtra,Vodafone Idea,Mobile,0
+916329091297,Shravan Kamath,Ranchi,Jharkhand,Vodafone Idea,Mobile,0
+917833113087,Diya Pai,Thane,Maharashtra,Airtel,Mobile,0
+917391506208,Lakshmi Dhawan,Ahmedabad,Gujarat,Airtel,Mobile,0
+918658643300,Kiran Mitra,Coimbatore,Tamil Nadu,BSNL,Mobile,0
+916078996248,Rekha Chakraborty,Jammu,Jammu & Kashmir,Jio,Mobile,0
+917111504785,Lokesh Goyal,Rajkot,Gujarat,Vodafone Idea,Mobile,0
+917126665662,Sai Menon,Bhubaneswar,Odisha,Vodafone Idea,Mobile,0
+917357710976,Harpreet Pandey,Kanpur,Uttar Pradesh,Airtel,Mobile,0
+918449308444,Pradeep Singhal,Vadodara,Gujarat,Airtel,Mobile,0
+916139784051,Vinita Iyer,Aurangabad,Maharashtra,Airtel,Mobile,0
+917928355192,Vihaan Gogoi,Hubli,Karnataka,BSNL,Mobile,0
+918679184832,Usha Reddy,Allahabad,Uttar Pradesh,Vodafone Idea,Mobile,0
+917391332810,Anika Bora,Visakhapatnam,Andhra Pradesh,BSNL,Mobile,0
+919527623713,Manpreet Garg,Patna,Bihar,Airtel,Mobile,0
+918075409623,Sukhpreet Yadav,Allahabad,Uttar Pradesh,Jio,Mobile,0
+917838678488,Atharv Saikia,Thiruvananthapuram,Kerala,BSNL,Mobile,0
+916288018910,Simran Tiwari,Srinagar,Jammu & Kashmir,Airtel,Mobile,0
+916223032572,Rajeev Jadhav,Salem,Tamil Nadu,Vodafone Idea,Mobile,0
+919377102827,Suresh Pawar,Gurugram,Haryana,BSNL,Mobile,0
+919677117244,Amanpreet Tandon,Pune,Maharashtra,Jio,Mobile,0
+919910904230,Pooja Dhawan,Hyderabad,Telangana,Jio,Mobile,0
+917377605167,Manoj Mukherjee,Agra,Uttar Pradesh,Airtel,Mobile,0
+917568341858,Shalini Biswas,Agra,Uttar Pradesh,Vodafone Idea,Mobile,0
+918289843809,Lokesh Naidu,Navi Mumbai,Maharashtra,Vodafone Idea,Mobile,0
+919668632389,Anvi Mehra,Srinagar,Jammu & Kashmir,BSNL,Mobile,0
+919927176987,Kavita Pai,Gwalior,Madhya Pradesh,BSNL,Mobile,0
+917096581152,Nandini Tomar,Rajkot,Gujarat,BSNL,Mobile,0
+917722891061,Archana Mehta,Surat,Gujarat,BSNL,Mobile,0
+919632472769,Pankaj Khare,Mumbai,Maharashtra,Jio,Mobile,0
+917980276562,Shravan Sarkar,Madurai,Tamil Nadu,Vodafone Idea,Mobile,0
+918847908599,Nitesh Jadhav,Pune,Maharashtra,Jio,Mobile,0
+917239370514,Nikhil Bajaj,Varanasi,Uttar Pradesh,BSNL,Mobile,0
+916081252318,Amanpreet Dutta,Varanasi,Uttar Pradesh,BSNL,Mobile,0
+919182715736,Shikha Gogoi,Surat,Gujarat,Airtel,Mobile,0
+916044460152,Navpreet Mitra,Noida,Uttar Pradesh,Vodafone Idea,Mobile,0
+917426101356,Rajesh Sarkar,Agra,Uttar Pradesh,Airtel,Mobile,0
+918630712600,Ganesh Mishra,Kanpur,Uttar Pradesh,Vodafone Idea,Mobile,0
+918477896663,Lalit Mitra,Pune,Maharashtra,Vodafone Idea,Mobile,0
+917142259061,Harpreet Bajaj,Hyderabad,Telangana,Jio,Mobile,0
+918631483278,Rohit Parmar,Jabalpur,Madhya Pradesh,Jio,Mobile,0
+917363881856,Ritesh Mitra,Surat,Gujarat,Airtel,Mobile,0
+918270050361,Jaspreet Saikia,Navi Mumbai,Maharashtra,Vodafone Idea,Mobile,0
+917344912964,Arnav Reddy,Udaipur,Rajasthan,BSNL,Mobile,0
+918363252012,Asha Pillai,Bangalore,Karnataka,Vodafone Idea,Mobile,0
+918794555052,Jyoti Thakur,Coimbatore,Tamil Nadu,Vodafone Idea,Mobile,0
+917320111873,Navpreet Arora,Mysore,Karnataka,Jio,Mobile,0
+917245015541,Amit Rawat,Kanpur,Uttar Pradesh,Jio,Mobile,0
+919481576878,Anjali Iyer,Agra,Uttar Pradesh,Vodafone Idea,Mobile,0
+917887459437,Dhruv Malhotra,Nashik,Maharashtra,Vodafone Idea,Mobile,0
+919514414231,Arnav Paul,Dehradun,Uttarakhand,Vodafone Idea,Mobile,0
+916314943639,Alpesh Pandey,Pune,Maharashtra,Jio,Mobile,0
+917041430879,Vipul Negi,Varanasi,Uttar Pradesh,Vodafone Idea,Mobile,0
+918923081456,Suresh Sarkar,Nashik,Maharashtra,Airtel,Mobile,0
+918436465844,Advik Yadav,Dehradun,Uttarakhand,BSNL,Mobile,0
+917585959292,Sohan Shinde,Tiruchirappalli,Tamil Nadu,Airtel,Mobile,0
+919961046011,Jaspreet Pant,Rajkot,Gujarat,Airtel,Mobile,0
+919372030422,Yogesh Mishra,Varanasi,Uttar Pradesh,Jio,Mobile,0
+919151339362,Myra Bora,Dehradun,Uttarakhand,BSNL,Mobile,0
+916063253578,Deepa Deshmukh,Chennai,Tamil Nadu,BSNL,Mobile,0
+919160927705,Lakhan Verma,Gwalior,Madhya Pradesh,BSNL,Mobile,0
+919280956498,Shikha Tandon,Varanasi,Uttar Pradesh,Airtel,Mobile,0
+918924800173,Atharv Bhat,Varanasi,Uttar Pradesh,Airtel,Mobile,0
+916310410266,Anita Gogoi,Jodhpur,Rajasthan,Jio,Mobile,0
+919363399520,Manpreet Singhal,Thane,Maharashtra,Jio,Mobile,0
+916211302682,Rahul Dey,Salem,Tamil Nadu,Jio,Mobile,0
+916292671251,Shikha Kumar,Ahmedabad,Gujarat,Vodafone Idea,Mobile,0
+919633004806,Tushar Negi,Gwalior,Madhya Pradesh,Vodafone Idea,Mobile,0
+919073004359,Mahesh Tripathi,Jabalpur,Madhya Pradesh,Vodafone Idea,Mobile,0
+918318210253,Manoj Tiwari,Gurugram,Haryana,BSNL,Mobile,0
+917517069474,Krishna Roy,Jammu,Jammu & Kashmir,BSNL,Mobile,0
+917185291049,Bhavna Sethi,Varanasi,Uttar Pradesh,Vodafone Idea,Mobile,0
+919772871638,Ayaan Negi,Mysore,Karnataka,Airtel,Mobile,0
+919443205339,Yash More,Navi Mumbai,Maharashtra,Airtel,Mobile,0
+917978148084,Sara Saikia,Salem,Tamil Nadu,Jio,Mobile,0
+916064361912,Rakesh Biswas,Visakhapatnam,Andhra Pradesh,BSNL,Mobile,0
+919941317840,Umesh Yadav,Rajkot,Gujarat,Airtel,Mobile,0
+916079366963,Seema Warrier,Ranchi,Jharkhand,Airtel,Mobile,0
+917522448399,Rahul Jain,Ludhiana,Punjab,Vodafone Idea,Mobile,0
+919928249635,Paresh Saikia,Srinagar,Jammu & Kashmir,Vodafone Idea,Mobile,0
+919514301269,Lalita Kaul,Bhopal,Madhya Pradesh,Airtel,Mobile,0
+918569968155,Vijay Chauhan,Gurugram,Haryana,Vodafone Idea,Mobile,0
+918296483992,Harish Shah,Vadodara,Gujarat,Jio,Mobile,0
+919677891482,Divya Pai,Bangalore,Karnataka,Jio,Mobile,0
+918753141089,Meera Bajaj,Kanpur,Uttar Pradesh,Airtel,Mobile,0
+918269788550,Aditya Singh,Coimbatore,Tamil Nadu,Vodafone Idea,Mobile,0
+918769123549,Karthik Vaghela,Tiruchirappalli,Tamil Nadu,Airtel,Mobile,0
+919695433480,Umesh Saikia,Gwalior,Madhya Pradesh,BSNL,Mobile,0
+917534588739,Nitesh Jadeja,Noida,Uttar Pradesh,BSNL,Mobile,0
+916386980849,Arjun Mandal,Hubli,Karnataka,BSNL,Mobile,0
+918117647809,Sumit Roy,Thiruvananthapuram,Kerala,Airtel,Mobile,0
+916255932186,Reyansh Modi,Ghaziabad,Uttar Pradesh,BSNL,Mobile,0
+918687567672,Gurpreet Jadhav,Thane,Maharashtra,Jio,Mobile,0
+919566778523,Divya Malhotra,Rajkot,Gujarat,Vodafone Idea,Mobile,0
+919955565614,Deepak Patel,Ranchi,Jharkhand,Jio,Mobile,0
+917683137676,Yash Reddy,Guwahati,Assam,BSNL,Mobile,0
+918958695611,Navpreet Chopra,Bangalore,Karnataka,Jio,Mobile,0
+917258724256,Anika Shukla,Shimla,Himachal Pradesh,BSNL,Mobile,0
+919586747222,Atharv Ahuja,Bangalore,Karnataka,Vodafone Idea,Mobile,0
+919567511312,Hitesh Mitra,Chandigarh,Punjab,Airtel,Mobile,0
+919592953708,Lalita Bhatia,Bangalore,Karnataka,BSNL,Mobile,0
+918111960286,Aman Rajput,Navi Mumbai,Maharashtra,Vodafone Idea,Mobile,0
+917764984434,Arnav Shukla,Varanasi,Uttar Pradesh,Airtel,Mobile,0
+919428783200,Sushma Dhawan,Agra,Uttar Pradesh,Jio,Mobile,0
+918862283769,Ganesh Warrier,Salem,Tamil Nadu,Vodafone Idea,Mobile,0
+916139542001,Geeta Mehta,Hyderabad,Telangana,BSNL,Mobile,0
+917873373749,Bhavna Talwar,Nashik,Maharashtra,Vodafone Idea,Mobile,0
+918846686323,Vivaan Verma,Belgaum,Karnataka,Jio,Mobile,0
+918054593925,Rahul Iyer,Chandigarh,Punjab,Vodafone Idea,Mobile,0
+916338750428,Vipul Wani,Amritsar,Punjab,Airtel,Mobile,0
+917581229561,Lakshmi Rawat,Ahmedabad,Gujarat,BSNL,Mobile,0
+919336783773,Arun Chopra,Dehradun,Uttarakhand,BSNL,Mobile,0
+916053919868,Vijay Roy,Bhubaneswar,Odisha,Airtel,Mobile,0
+919081641688,Sapna Pandey,Chandigarh,Punjab,Vodafone Idea,Mobile,0
+916358376671,Garima Modi,Ghaziabad,Uttar Pradesh,Jio,Mobile,0
+918069952003,Sarita Bora,Nagpur,Maharashtra,Airtel,Mobile,0
+919388471569,Chetan Biswas,Madurai,Tamil Nadu,Vodafone Idea,Mobile,0
+917154261194,Preeti Mathur,Bhubaneswar,Odisha,Jio,Mobile,0
+918521037930,Neelam Deshmukh,Thiruvananthapuram,Kerala,Jio,Mobile,0
+919628685669,Namita Nair,Ahmedabad,Gujarat,Vodafone Idea,Mobile,0
+918915737735,Aadhya Dar,Hubli,Karnataka,Airtel,Mobile,0
+918474696491,Mukul Chakraborty,Jammu,Jammu & Kashmir,Jio,Mobile,0
+917663562191,Anika Kapoor,Varanasi,Uttar Pradesh,Airtel,Mobile,0
+918512748776,Dinesh Hegde,Surat,Gujarat,Airtel,Mobile,0
+917521629568,Shalini Jadeja,Pune,Maharashtra,Vodafone Idea,Mobile,0
+917684398318,Anjali Wani,Ahmedabad,Gujarat,BSNL,Mobile,0
+916246739509,Lokesh Saikia,Allahabad,Uttar Pradesh,Airtel,Mobile,0
+918897826723,Rachna Chauhan,Bhubaneswar,Odisha,Jio,Mobile,0
+919249223306,Tarun Rao,Jabalpur,Madhya Pradesh,Airtel,Mobile,0
+919345218810,Roshan Banerjee,Jodhpur,Rajasthan,Vodafone Idea,Mobile,0
+917025946203,Jyoti Ghosh,Rajkot,Gujarat,Vodafone Idea,Mobile,0
+917483751227,Manoj Kapoor,Mangalore,Karnataka,Airtel,Mobile,0
+919119659997,Asha Kurup,Jaipur,Rajasthan,Vodafone Idea,Mobile,0
+919662585254,Rahul Singhal,Delhi,Delhi,Jio,Mobile,0
+917128194815,Ravi Ghosh,Nashik,Maharashtra,Airtel,Mobile,0
+918938446730,Atharv Malhotra,Bhopal,Madhya Pradesh,Airtel,Mobile,0
+916373812901,Preeti Sethi,Tiruchirappalli,Tamil Nadu,Jio,Mobile,0
+918050591848,Manju Chakraborty,Ranchi,Jharkhand,Airtel,Mobile,0
+918424499370,Jaspreet Chauhan,Mangalore,Karnataka,BSNL,Mobile,0
+919325259108,Ramesh Rajput,Indore,Madhya Pradesh,Airtel,Mobile,0
+918315690984,Raman Shah,Kolkata,West Bengal,Airtel,Mobile,0
+917288145528,Umesh Chopra,Tiruchirappalli,Tamil Nadu,Vodafone Idea,Mobile,0
+917322599677,Ishaan Sarkar,Indore,Madhya Pradesh,Airtel,Mobile,0
+917433759729,Kishan Das,Nagpur,Maharashtra,BSNL,Mobile,0
+918142694247,Jayesh Ghosh,Agra,Uttar Pradesh,Airtel,Mobile,0
+918279878923,Sushma Mir,Bhubaneswar,Odisha,Vodafone Idea,Mobile,0
+918037520631,Vihaan Kamath,Raipur,Chhattisgarh,Airtel,Mobile,0
+919422498024,Shalini Gowda,Navi Mumbai,Maharashtra,Airtel,Mobile,0
+917494361629,Swapna Yadav,Mangalore,Karnataka,Vodafone Idea,Mobile,0
+919413172999,Nitesh Chauhan,Lucknow,Uttar Pradesh,Jio,Mobile,0
+917385551978,Asha Tandon,Kochi,Kerala,Vodafone Idea,Mobile,0
+917482241746,Krishna Shah,Lucknow,Uttar Pradesh,BSNL,Mobile,0
+916399736931,Diya Hegde,Ranchi,Jharkhand,Jio,Mobile,0
+918046346897,Ishaan Bora,Nagpur,Maharashtra,Jio,Mobile,0
+917111191587,Neha Dutta,Srinagar,Jammu & Kashmir,Airtel,Mobile,0
+917797158671,Aarav Wani,Kolkata,West Bengal,Jio,Mobile,0
+918611076215,Sneha More,Visakhapatnam,Andhra Pradesh,Airtel,Mobile,0
+918587199924,Vandana Mehta,Gurugram,Haryana,Airtel,Mobile,0
+919971828268,Arun Sen,Thiruvananthapuram,Kerala,Jio,Mobile,0
+916210721721,Vinita Garg,Navi Mumbai,Maharashtra,Vodafone Idea,Mobile,0
+919635403985,Shravan Negi,Navi Mumbai,Maharashtra,BSNL,Mobile,0
+918628290531,Reyansh Tomar,Gurugram,Haryana,Vodafone Idea,Mobile,0
+918711255223,Vineet Bora,Kanpur,Uttar Pradesh,Airtel,Mobile,0
+918534637535,Vihaan Yadav,Chennai,Tamil Nadu,Airtel,Mobile,0
+918765414695,Navpreet Das,Raipur,Chhattisgarh,Vodafone Idea,Mobile,0
+918849383228,Rahul Dar,Jammu,Jammu & Kashmir,BSNL,Mobile,0
+917478317395,Gurpreet Gogoi,Kochi,Kerala,Vodafone Idea,Mobile,0
+919457553842,Kunal Mehra,Agra,Uttar Pradesh,Vodafone Idea,Mobile,0
+918059456720,Reyansh Vaghela,Visakhapatnam,Andhra Pradesh,BSNL,Mobile,0
+917939144117,Priya Ghosh,Madurai,Tamil Nadu,Jio,Mobile,0
+917339119043,Archana Verma,Chennai,Tamil Nadu,Airtel,Mobile,0
+918782024528,Manish Gupta,Navi Mumbai,Maharashtra,Airtel,Mobile,0
+916175791365,Pooja Khare,Kolkata,West Bengal,Vodafone Idea,Mobile,0
+918958033810,Gurpreet Sharma,Kochi,Kerala,Vodafone Idea,Mobile,0
+918992208139,Sushma Yadav,Kolkata,West Bengal,Airtel,Mobile,0
+919288550794,Archana Khare,Noida,Uttar Pradesh,Jio,Mobile,0
+919083644387,Ravi Chauhan,Tiruchirappalli,Tamil Nadu,Jio,Mobile,0
+919583977495,Divya Khanna,Belgaum,Karnataka,Jio,Mobile,0
+916126519734,Vihaan Gogoi,Jammu,Jammu & Kashmir,Airtel,Mobile,0
+919893986747,Mukul Chatterjee,Visakhapatnam,Andhra Pradesh,BSNL,Mobile,0
+919670181770,Sarita Mehta,Pune,Maharashtra,Airtel,Mobile,0
+918353737438,Swati Arora,Rajkot,Gujarat,BSNL,Mobile,0
+919032816947,Ritesh Rao,Belgaum,Karnataka,Vodafone Idea,Mobile,0
+916125615352,Amit Iyer,Visakhapatnam,Andhra Pradesh,Vodafone Idea,Mobile,0
+918989107352,Arun Talwar,Madurai,Tamil Nadu,Jio,Mobile,0
+917574219484,Naman Pai,Tiruchirappalli,Tamil Nadu,Airtel,Mobile,0
+917920029792,Shravan Gowda,Kochi,Kerala,Airtel,Mobile,0
+919056229136,Myra Gowda,Noida,Uttar Pradesh,BSNL,Mobile,0
+917387344856,Aarav Pillai,Aurangabad,Maharashtra,Airtel,Mobile,0
+919913845920,Sunanda Pant,Aurangabad,Maharashtra,Jio,Mobile,0
+918267133110,Ishaan Kulkarni,Bhopal,Madhya Pradesh,Vodafone Idea,Mobile,0
+916268103211,Krishna Bose,Lucknow,Uttar Pradesh,Airtel,Mobile,0
+919534946142,Krishna Tripathi,Varanasi,Uttar Pradesh,Vodafone Idea,Mobile,0
+918868021205,Brijesh Kurup,Chandigarh,Punjab,Vodafone Idea,Mobile,0
+917645419841,Kunal Khanna,Aurangabad,Maharashtra,Airtel,Mobile,0
+918473187794,Kavita Sen,Bangalore,Karnataka,BSNL,Mobile,0
+919457052018,Kavita Garg,Ghaziabad,Uttar Pradesh,Jio,Mobile,0
+918571423401,Sara Gogoi,Shimla,Himachal Pradesh,BSNL,Mobile,0
+917095962331,Naman Bora,Indore,Madhya Pradesh,Jio,Mobile,0
+917684659827,Shravan Shekhawat,Kochi,Kerala,BSNL,Mobile,0
+919351997298,Reema Kamath,Aurangabad,Maharashtra,BSNL,Mobile,0
+919877940663,Geeta Malhotra,Delhi,Delhi,Jio,Mobile,0
+919636295475,Priya Saikia,Shimla,Himachal Pradesh,BSNL,Mobile,0
+919593012797,Rakesh Kamath,Salem,Tamil Nadu,Jio,Mobile,0
+917062879750,Girish Yadav,Jaipur,Rajasthan,Jio,Mobile,0
+919926784607,Bhavna Goyal,Amritsar,Punjab,Jio,Mobile,0
+919113875600,Rekha Desai,Dehradun,Uttarakhand,BSNL,Mobile,0
+919184455258,Raman Dar,Pune,Maharashtra,Airtel,Mobile,0
+919675826570,Uma Gogoi,Shimla,Himachal Pradesh,Jio,Mobile,0
+917623048666,Suresh Raina,Patna,Bihar,Vodafone Idea,Mobile,0
+917584587897,Lakshmi Suri,Visakhapatnam,Andhra Pradesh,Jio,Mobile,0
+918350850220,Kabir Khanna,Guwahati,Assam,Jio,Mobile,0
+918325975877,Nikhil Banerjee,Jaipur,Rajasthan,Vodafone Idea,Mobile,0
+918781206464,Pooja Suri,Thane,Maharashtra,Vodafone Idea,Mobile,0
+919525679507,Jaspreet Goyal,Shimla,Himachal Pradesh,BSNL,Mobile,0
+918277605278,Uma Bhatia,Kolkata,West Bengal,Jio,Mobile,0
+916290903027,Naveen Patil,Ahmedabad,Gujarat,Vodafone Idea,Mobile,0
+918695616048,Paresh Talwar,Varanasi,Uttar Pradesh,Vodafone Idea,Mobile,0
+918932604152,Sunanda Patil,Guwahati,Assam,Airtel,Mobile,0
+918248192735,Mukesh Mathur,Jaipur,Rajasthan,BSNL,Mobile,0
+918934787009,Nitin Dar,Vadodara,Gujarat,Airtel,Mobile,0
+918014617888,Ajay Tripathi,Gwalior,Madhya Pradesh,Vodafone Idea,Mobile,0
+917442887853,Aadhya Gowda,Madurai,Tamil Nadu,Airtel,Mobile,0
+916325605527,Sandeep Naidu,Patna,Bihar,Vodafone Idea,Mobile,0
+918698142748,Kishan Sethi,Ludhiana,Punjab,Jio,Mobile,0
+917252553107,Lakhan Dar,Guwahati,Assam,BSNL,Mobile,0
+917436670158,Aanya Mehta,Amritsar,Punjab,Vodafone Idea,Mobile,0
+917861215781,Sanjay Mathur,Nashik,Maharashtra,Vodafone Idea,Mobile,0
+916017903701,Tejinder Bhatia,Delhi,Delhi,Airtel,Mobile,0
+918938863541,Garima Shinde,Varanasi,Uttar Pradesh,Airtel,Mobile,0
+917724905493,Jyoti Bhat,Jammu,Jammu & Kashmir,Airtel,Mobile,0
+918632236445,Amanpreet Hegde,Bangalore,Karnataka,Vodafone Idea,Mobile,0
+918028369428,Sachin Naidu,Lucknow,Uttar Pradesh,BSNL,Mobile,0
+916034169871,Neelam Rawat,Chandigarh,Punjab,BSNL,Mobile,0
+918524780855,Advik Singh,Lucknow,Uttar Pradesh,Airtel,Mobile,0
+916134030071,Advik Gowda,Tiruchirappalli,Tamil Nadu,BSNL,Mobile,0
+918081260499,Neelam Pai,Vadodara,Gujarat,BSNL,Mobile,0
+916333391944,Mohan Talwar,Kochi,Kerala,Airtel,Mobile,0
+917864052465,Kunal Goyal,Bhubaneswar,Odisha,BSNL,Mobile,0
+919082157678,Savita Iyer,Chandigarh,Punjab,BSNL,Mobile,0
+918080857367,Dhruv Banerjee,Hyderabad,Telangana,BSNL,Mobile,0
+918176317178,Sneha Bhatia,Visakhapatnam,Andhra Pradesh,Jio,Mobile,0
+917691704816,Harpreet Saxena,Pune,Maharashtra,BSNL,Mobile,0
+917773251163,Amita Singhal,Belgaum,Karnataka,Vodafone Idea,Mobile,0
+917299387415,Atharv Yadav,Noida,Uttar Pradesh,Jio,Mobile,0
+918710141705,Ajay Jain,Gwalior,Madhya Pradesh,BSNL,Mobile,0
+917485849374,Amita Sharma,Surat,Gujarat,Vodafone Idea,Mobile,0
+919283070484,Preeti Dutta,Thiruvananthapuram,Kerala,Jio,Mobile,0
+919069046749,Dinesh Malhotra,Rajkot,Gujarat,Vodafone Idea,Mobile,0
+917718403854,Uma Deshmukh,Faridabad,Haryana,BSNL,Mobile,0
+917916900550,Meera Kurup,Chandigarh,Punjab,Vodafone Idea,Mobile,0
+917063765535,Naresh Reddy,Jodhpur,Rajasthan,Vodafone Idea,Mobile,0
+918923090356,Pankaj Das,Gurugram,Haryana,Jio,Mobile,0
+917112860854,Krishna Talwar,Thane,Maharashtra,BSNL,Mobile,0
+916352007348,Bhavna Yadav,Guwahati,Assam,Jio,Mobile,0
+918085693006,Smita Ahuja,Jammu,Jammu & Kashmir,Vodafone Idea,Mobile,0
+917954452963,Sukhpreet Reddy,Thane,Maharashtra,Jio,Mobile,0
+917413625238,Kuldeep Negi,Vijayawada,Andhra Pradesh,Jio,Mobile,0
+918636195538,Karthik Das,Madurai,Tamil Nadu,Airtel,Mobile,0
+916275694246,Sneha Jain,Patna,Bihar,Airtel,Mobile,0
+918550930443,Raman Joshi,Agra,Uttar Pradesh,Vodafone Idea,Mobile,0
+919947837751,Nikhil Kumar,Ranchi,Jharkhand,Jio,Mobile,0
+919224275043,Ananya Iyer,Raipur,Chhattisgarh,Jio,Mobile,0
+917310001822,Mahesh Menon,Bangalore,Karnataka,Airtel,Mobile,0
+919459466278,Meera Solanki,Visakhapatnam,Andhra Pradesh,Airtel,Mobile,0
+917235110597,Manju Mukherjee,Visakhapatnam,Andhra Pradesh,BSNL,Mobile,0
+918771153019,Manju Banerjee,Agra,Uttar Pradesh,Airtel,Mobile,0
+917737423474,Sneha Modi,Indore,Madhya Pradesh,Airtel,Mobile,0
+917766338991,Lokesh Paul,Chennai,Tamil Nadu,BSNL,Mobile,0
+918922000077,Kavita Bisht,Salem,Tamil Nadu,Airtel,Mobile,0
+918826816617,Poonam Saxena,Lucknow,Uttar Pradesh,Vodafone Idea,Mobile,0
+916397044329,Naveen Banerjee,Udaipur,Rajasthan,Jio,Mobile,0
+918410370451,Arnav Kurup,Tiruchirappalli,Tamil Nadu,BSNL,Mobile,0
+919133044497,Aarav Rajput,Dehradun,Uttarakhand,Jio,Mobile,0
+918012705805,Rekha Mathur,Guwahati,Assam,BSNL,Mobile,0
+916176882105,Navpreet Jain,Ludhiana,Punjab,Airtel,Mobile,0
+917278515126,Kavita Warrier,Bhubaneswar,Odisha,BSNL,Mobile,0
+918327769579,Rachna Jadeja,Jaipur,Rajasthan,Jio,Mobile,0
+917028627279,Tejinder Modi,Srinagar,Jammu & Kashmir,Vodafone Idea,Mobile,0
+917671663310,Deepak Khare,Nashik,Maharashtra,BSNL,Mobile,0
+917757799935,Asha Reddy,Jabalpur,Madhya Pradesh,Airtel,Mobile,0
+917295116372,Anvi Mehra,Ghaziabad,Uttar Pradesh,Vodafone Idea,Mobile,0
+919827043387,Preeti Pandey,Salem,Tamil Nadu,Jio,Mobile,0
+917380577184,Vikram Shah,Agra,Uttar Pradesh,Vodafone Idea,Mobile,0
+919155985932,Ganesh Sen,Aurangabad,Maharashtra,Airtel,Mobile,0
+918930772951,Sushma Arora,Bangalore,Karnataka,BSNL,Mobile,0
+919582434708,Jitesh Jain,Chennai,Tamil Nadu,BSNL,Mobile,0
+917223073647,Pari Dey,Ghaziabad,Uttar Pradesh,Jio,Mobile,0
+918478252136,Sunanda Ghosh,Chennai,Tamil Nadu,BSNL,Mobile,0
+919674168762,Reema Tandon,Bangalore,Karnataka,BSNL,Mobile,0
+916344512318,Rajesh Negi,Pune,Maharashtra,Jio,Mobile,0
+919450019342,Umesh Bora,Navi Mumbai,Maharashtra,Airtel,Mobile,0
+917164236394,Ayaan Banerjee,Patna,Bihar,Airtel,Mobile,0
+918552824509,Ananya Gogoi,Noida,Uttar Pradesh,Jio,Mobile,0
+917027369679,Preeti Mir,Aurangabad,Maharashtra,BSNL,Mobile,0
+918950394610,Rohan Sethi,Rajkot,Gujarat,Vodafone Idea,Mobile,0
+918589345586,Aadhya Menon,Surat,Gujarat,Airtel,Mobile,0
+919012156827,Paresh Gogoi,Ahmedabad,Gujarat,BSNL,Mobile,0
+918683565049,Dhruv Ahuja,Coimbatore,Tamil Nadu,Airtel,Mobile,0
+918192161672,Vijay Mathur,Surat,Gujarat,Jio,Mobile,0
+917564448803,Krishna Jadeja,Allahabad,Uttar Pradesh,Vodafone Idea,Mobile,0
+918359098852,Arjun Tiwari,Ahmedabad,Gujarat,BSNL,Mobile,0
+917894299976,Rupesh Bisht,Srinagar,Jammu & Kashmir,Jio,Mobile,0
+918996890575,Yogesh Bajaj,Delhi,Delhi,Airtel,Mobile,0
+917279998018,Vishal Wani,Vijayawada,Andhra Pradesh,BSNL,Mobile,0
+918382449472,Lakshmi Patil,Thiruvananthapuram,Kerala,Airtel,Mobile,0
+916127306057,Usha Dutta,Visakhapatnam,Andhra Pradesh,Airtel,Mobile,0
+917356214884,Pari Bose,Agra,Uttar Pradesh,BSNL,Mobile,0
+918056390913,Rohan Shinde,Gwalior,Madhya Pradesh,BSNL,Mobile,0
+917069847800,Lakhan Rathore,Patna,Bihar,Vodafone Idea,Mobile,0
+917538717201,Dhruv Reddy,Navi Mumbai,Maharashtra,Vodafone Idea,Mobile,0
+918370692028,Sunita Yadav,Bhopal,Madhya Pradesh,Jio,Mobile,0
+917630998657,Sarita Mehta,Udaipur,Rajasthan,Jio,Mobile,0
+918313113866,Pradeep Rao,Shimla,Himachal Pradesh,Vodafone Idea,Mobile,0
+916370676560,Navpreet Modi,Srinagar,Jammu & Kashmir,BSNL,Mobile,0
+916042736801,Preeti Das,Coimbatore,Tamil Nadu,Airtel,Mobile,0
+919978590832,Anjali Negi,Ranchi,Jharkhand,Vodafone Idea,Mobile,0
+919482893174,Naresh Patel,Kanpur,Uttar Pradesh,Jio,Mobile,0
+918139361789,Rajesh Kurup,Mumbai,Maharashtra,Vodafone Idea,Mobile,0
+918942449449,Ajay Dubey,Hyderabad,Telangana,Airtel,Mobile,0
+917037222735,Manoj Dhawan,Noida,Uttar Pradesh,Jio,Mobile,0
+919968765914,Anvi Sethi,Hubli,Karnataka,Airtel,Mobile,0
+917493530509,Lalit Gogoi,Ghaziabad,Uttar Pradesh,Jio,Mobile,0
+919426308448,Vikram Sethi,Guwahati,Assam,Jio,Mobile,0
+918079909055,Sunil Nair,Patna,Bihar,Vodafone Idea,Mobile,0
+919760752254,Anjali Patil,Madurai,Tamil Nadu,Vodafone Idea,Mobile,0
+917212785621,Namita Warrier,Ludhiana,Punjab,Airtel,Mobile,0
+917424227778,Rajesh Garg,Mysore,Karnataka,Jio,Mobile,0
+917282494616,Kunal Menon,Chennai,Tamil Nadu,BSNL,Mobile,0
+918766291273,Hitesh Negi,Hyderabad,Telangana,Jio,Mobile,0
+918773773500,Kavita Dutta,Dehradun,Uttarakhand,BSNL,Mobile,0
+917779898621,Karun Reddy,Delhi,Delhi,BSNL,Mobile,0
+918346117257,Sushma Bhat,Dehradun,Uttarakhand,Airtel,Mobile,0
+919122851030,Reema Biswas,Agra,Uttar Pradesh,Airtel,Mobile,0
+918517888122,Aarav Joshi,Vijayawada,Andhra Pradesh,Vodafone Idea,Mobile,0
+918746086004,Varun Tripathi,Bhubaneswar,Odisha,Airtel,Mobile,0
+916376009329,Pradeep Patel,Jaipur,Rajasthan,Vodafone Idea,Mobile,0
+917526923136,Sapna Iyer,Pune,Maharashtra,Vodafone Idea,Mobile,0
+917598639193,Pari Reddy,Delhi,Delhi,Airtel,Mobile,0
+919231404203,Shikha Biswas,Kolkata,West Bengal,Vodafone Idea,Mobile,0
+918950786423,Sukhpreet Mehra,Agra,Uttar Pradesh,BSNL,Mobile,0
+917452620973,Harpreet Shekhawat,Bhopal,Madhya Pradesh,Airtel,Mobile,0
+918062745024,Lalita Biswas,Madurai,Tamil Nadu,Airtel,Mobile,0
+917262946664,Gurpreet Chopra,Agra,Uttar Pradesh,Airtel,Mobile,0
+917840419705,Tejinder Kapoor,Dehradun,Uttarakhand,Vodafone Idea,Mobile,0
+916057942261,Shikha Jadhav,Salem,Tamil Nadu,Vodafone Idea,Mobile,0
+917492954802,Manju Gogoi,Gwalior,Madhya Pradesh,Airtel,Mobile,0
+916113871819,Ajay Mehra,Chandigarh,Punjab,Airtel,Mobile,0
+917487066540,Sarita Talwar,Bangalore,Karnataka,Vodafone Idea,Mobile,0
+917698459403,Vinita Mukherjee,Thane,Maharashtra,Airtel,Mobile,0
+917268466576,Tejinder Mukherjee,Varanasi,Uttar Pradesh,Vodafone Idea,Mobile,0
+919741160625,Advik Dey,Mangalore,Karnataka,Jio,Mobile,0
+916389083805,Diya Mitra,Shimla,Himachal Pradesh,BSNL,Mobile,0
+918535561989,Rudra Mitra,Tiruchirappalli,Tamil Nadu,Jio,Mobile,0
+916058228313,Rudra Pawar,Srinagar,Jammu & Kashmir,Vodafone Idea,Mobile,0
+917915594474,Dinesh Patel,Ludhiana,Punjab,Airtel,Mobile,0
+919682594810,Savita Solanki,Thane,Maharashtra,Jio,Mobile,0
+918667463741,Anvi Hegde,Thane,Maharashtra,Vodafone Idea,Mobile,0
+916357652159,Shravan Shekhawat,Noida,Uttar Pradesh,Airtel,Mobile,0
+918843368650,Swati Joshi,Rajkot,Gujarat,Vodafone Idea,Mobile,0
+919348752883,Ajay Sarkar,Navi Mumbai,Maharashtra,Jio,Mobile,0
+917598927413,Pankaj Jadeja,Ghaziabad,Uttar Pradesh,BSNL,Mobile,0
+918025151727,Sneha Mehra,Udaipur,Rajasthan,BSNL,Mobile,0
+918170876296,Savita Mitra,Shimla,Himachal Pradesh,Vodafone Idea,Mobile,0
+917092342981,Tarun Vaghela,Hubli,Karnataka,Jio,Mobile,0
+919227371626,Radha Mukherjee,Chennai,Tamil Nadu,Jio,Mobile,0
+919783114899,Kabir Shetty,Mumbai,Maharashtra,BSNL,Mobile,0
+917073069017,Usha Pillai,Mangalore,Karnataka,Vodafone Idea,Mobile,0
+917988880507,Satish Pawar,Ahmedabad,Gujarat,Airtel,Mobile,0
+918759627774,Shalini Sethi,Nashik,Maharashtra,BSNL,Mobile,0
+918284167186,Anjali Mukherjee,Mysore,Karnataka,Vodafone Idea,Mobile,0
+919226889274,Kabir Barua,Udaipur,Rajasthan,Vodafone Idea,Mobile,0
+919054446973,Nitin Hegde,Indore,Madhya Pradesh,Vodafone Idea,Mobile,0
+916067946899,Jitesh Vaghela,Navi Mumbai,Maharashtra,Vodafone Idea,Mobile,0
+919994170482,Rekha Thakur,Mumbai,Maharashtra,BSNL,Mobile,0
+919774625298,Vinita Ahuja,Coimbatore,Tamil Nadu,Vodafone Idea,Mobile,0
+919451773228,Preeti Mathur,Udaipur,Rajasthan,Vodafone Idea,Mobile,0
+916288764423,Divya Raina,Mumbai,Maharashtra,Jio,Mobile,0
+919780359632,Aman Shekhawat,Jodhpur,Rajasthan,BSNL,Mobile,0
+917773321942,Alpesh Chopra,Gurugram,Haryana,Vodafone Idea,Mobile,0
+919751112989,Neha Solanki,Dehradun,Uttarakhand,Vodafone Idea,Mobile,0
+918382584701,Rashmi Rathore,Guwahati,Assam,Airtel,Mobile,0
+917965666983,Naman Kapoor,Noida,Uttar Pradesh,BSNL,Mobile,0
+918065606567,Nandini Wani,Delhi,Delhi,Vodafone Idea,Mobile,0
+916361725979,Mukesh Saxena,Thane,Maharashtra,Airtel,Mobile,0
+918778691757,Diya Pawar,Nagpur,Maharashtra,Airtel,Mobile,0
+919575953999,Deepak Chakraborty,Chennai,Tamil Nadu,Jio,Mobile,0
+917769160742,Sanjay Reddy,Jodhpur,Rajasthan,Vodafone Idea,Mobile,0
+917630360136,Kishan Wani,Navi Mumbai,Maharashtra,BSNL,Mobile,0
+917252458609,Usha Patil,Gwalior,Madhya Pradesh,Vodafone Idea,Mobile,0
+917483411630,Manish Sarkar,Faridabad,Haryana,Vodafone Idea,Mobile,0
+917448938373,Mukul Desai,Delhi,Delhi,Vodafone Idea,Mobile,0
+918567485987,Girish Mitra,Belgaum,Karnataka,Jio,Mobile,0
+919059602138,Swati Nair,Aurangabad,Maharashtra,BSNL,Mobile,0
+919310764470,Amit Negi,Pune,Maharashtra,Airtel,Mobile,0
+916210067437,Swapna Paul,Delhi,Delhi,Jio,Mobile,0
+917943249357,Varun Mehra,Coimbatore,Tamil Nadu,Vodafone Idea,Mobile,0
+918237269217,Satish Shukla,Guwahati,Assam,BSNL,Mobile,0
+918437620837,Garima Deshmukh,Aurangabad,Maharashtra,BSNL,Mobile,0
+918117661922,Sunita Choudhary,Patna,Bihar,Jio,Mobile,0
+917920996278,Anvi Chakraborty,Bangalore,Karnataka,Airtel,Mobile,0
+917378336805,Amita Saikia,Navi Mumbai,Maharashtra,Vodafone Idea,Mobile,0
+916130266484,Sanjay Agarwal,Gurugram,Haryana,BSNL,Mobile,0
+918269407766,Sumit Mehra,Agra,Uttar Pradesh,BSNL,Mobile,0
+918145724785,Ravi Sharma,Guwahati,Assam,Airtel,Mobile,0
+917234358690,Meera Saxena,Indore,Madhya Pradesh,Vodafone Idea,Mobile,0
+919567670554,Kabir Mukherjee,Gwalior,Madhya Pradesh,BSNL,Mobile,0
+919634151279,Sohan Gogoi,Indore,Madhya Pradesh,Vodafone Idea,Mobile,0
+917669811312,Lalita Bhat,Mumbai,Maharashtra,BSNL,Mobile,0
+916077747714,Pari More,Ranchi,Jharkhand,Jio,Mobile,0
+917537764763,Swapna Nair,Indore,Madhya Pradesh,Vodafone Idea,Mobile,0
+919352983489,Girish Parmar,Jodhpur,Rajasthan,BSNL,Mobile,0
+919924802990,Swati Bhatia,Indore,Madhya Pradesh,Vodafone Idea,Mobile,0
+918757468545,Advik Barua,Gurugram,Haryana,Airtel,Mobile,0
+919880250754,Ajay Mishra,Navi Mumbai,Maharashtra,Vodafone Idea,Mobile,0
+919868436522,Reema Desai,Jodhpur,Rajasthan,Jio,Mobile,0
+917797134155,Aanya Ahuja,Vadodara,Gujarat,Vodafone Idea,Mobile,0
+917451343581,Preeti Joshi,Ahmedabad,Gujarat,Vodafone Idea,Mobile,0
+918990694979,Aanya Garg,Kolkata,West Bengal,BSNL,Mobile,0
+919016966436,Ramesh Das,Gwalior,Madhya Pradesh,BSNL,Mobile,0
+917240325941,Rohit Dubey,Mumbai,Maharashtra,Jio,Mobile,0
+917987243229,Simran Chopra,Nagpur,Maharashtra,Jio,Mobile,0
+918444469186,Diya Verma,Allahabad,Uttar Pradesh,BSNL,Mobile,0
+919519153991,Amita Mandal,Patna,Bihar,BSNL,Mobile,0
+919243763952,Manpreet Yadav,Noida,Uttar Pradesh,Vodafone Idea,Mobile,0
+917661802888,Lalita Mishra,Dehradun,Uttarakhand,Jio,Mobile,0
+917699200126,Anika Gupta,Kochi,Kerala,Jio,Mobile,0
+918880374484,Kiran Gowda,Bangalore,Karnataka,Airtel,Mobile,0
+918253824285,Advik Deshmukh,Coimbatore,Tamil Nadu,Airtel,Mobile,0
+917294128592,Pradeep Bisht,Hubli,Karnataka,Vodafone Idea,Mobile,0
+916286548209,Aarohi Chopra,Gwalior,Madhya Pradesh,Jio,Mobile,0
+919650082848,Neelam Sen,Raipur,Chhattisgarh,Vodafone Idea,Mobile,0
+918958321107,Roshan Biswas,Lucknow,Uttar Pradesh,Airtel,Mobile,0
+918589699726,Naman Mehra,Dehradun,Uttarakhand,Airtel,Mobile,0
+918571240139,Manju Chatterjee,Mangalore,Karnataka,Jio,Mobile,0
+918868953601,Pavan Mitra,Belgaum,Karnataka,Jio,Mobile,0
+918787012358,Poonam Agarwal,Tiruchirappalli,Tamil Nadu,Vodafone Idea,Mobile,0
+919946496184,Vijay Dhawan,Ranchi,Jharkhand,Jio,Mobile,0
+916114772728,Reyansh Patel,Coimbatore,Tamil Nadu,Vodafone Idea,Mobile,0
+917123639892,Varun Kulkarni,Kochi,Kerala,Jio,Mobile,0
+917723691143,Shalini Singhal,Jaipur,Rajasthan,Airtel,Mobile,0
+919373849908,Ravi Pai,Coimbatore,Tamil Nadu,BSNL,Mobile,0
+916060473327,Archana Joshi,Agra,Uttar Pradesh,BSNL,Mobile,0
+919059173004,Sumit Khare,Gurugram,Haryana,BSNL,Mobile,0
+918151171600,Rahul Shah,Nagpur,Maharashtra,Vodafone Idea,Mobile,0
+916199309913,Savita Chopra,Raipur,Chhattisgarh,Vodafone Idea,Mobile,0
+918933693891,Roshan Dutta,Varanasi,Uttar Pradesh,Vodafone Idea,Mobile,0
+918643249593,Aarav Rajput,Indore,Madhya Pradesh,Airtel,Mobile,0
+917376312165,Asha Mathur,Navi Mumbai,Maharashtra,Jio,Mobile,0
+917598804874,Ishaan Das,Vijayawada,Andhra Pradesh,Airtel,Mobile,0
+919625035489,Sarita Pai,Salem,Tamil Nadu,BSNL,Mobile,0
+918194740374,Neelam Banerjee,Ranchi,Jharkhand,Vodafone Idea,Mobile,0
+919811462366,Ritu Gupta,Delhi,Delhi,Vodafone Idea,Mobile,0
+918633878766,Rekha Agarwal,Bhubaneswar,Odisha,Jio,Mobile,0
+919596291649,Ashish Mitra,Dehradun,Uttarakhand,Vodafone Idea,Mobile,0
+919996788397,Aanya Dhawan,Shimla,Himachal Pradesh,BSNL,Mobile,0
+919260461793,Harpreet Deshmukh,Raipur,Chhattisgarh,Airtel,Mobile,0
+918085436905,Rashmi Nair,Bhopal,Madhya Pradesh,BSNL,Mobile,0
+918481468123,Nikhil Das,Noida,Uttar Pradesh,BSNL,Mobile,0
+918283425855,Manoj Roy,Belgaum,Karnataka,BSNL,Mobile,0
+917723371267,Nisha Bisht,Ahmedabad,Gujarat,Airtel,Mobile,0
+917660226506,Sukhpreet Arora,Shimla,Himachal Pradesh,BSNL,Mobile,0
+917969800518,Ayaan Kamath,Thane,Maharashtra,Jio,Mobile,0
+916250176971,Geeta Gowda,Gwalior,Madhya Pradesh,Jio,Mobile,0
+918660694599,Manish Dutta,Ranchi,Jharkhand,Jio,Mobile,0
+919049952340,Shalini Singhal,Faridabad,Haryana,Jio,Mobile,0
+918830249740,Puneet Vaghela,Thiruvananthapuram,Kerala,Airtel,Mobile,0
+917211644910,Vinita Singhal,Thiruvananthapuram,Kerala,Jio,Mobile,0
+917476809803,Bhavna Joshi,Belgaum,Karnataka,Airtel,Mobile,0
+918157459744,Sara Warrier,Jabalpur,Madhya Pradesh,Jio,Mobile,0
+917269286559,Sara Garg,Bhubaneswar,Odisha,Vodafone Idea,Mobile,0
+918776259149,Gurpreet Chatterjee,Patna,Bihar,BSNL,Mobile,0
+916334615579,Uma Warrier,Shimla,Himachal Pradesh,Jio,Mobile,0
+919610448185,Bhavna Shekhawat,Thiruvananthapuram,Kerala,Airtel,Mobile,0
+917243762472,Jyoti Malhotra,Amritsar,Punjab,Airtel,Mobile,0
+918317411242,Neelam Mathur,Coimbatore,Tamil Nadu,Jio,Mobile,0
+919163021710,Ananya Reddy,Hubli,Karnataka,BSNL,Mobile,0
+917541563464,Jaspreet Mishra,Ghaziabad,Uttar Pradesh,Vodafone Idea,Mobile,0
+917673875024,Vandana Kurup,Ranchi,Jharkhand,Vodafone Idea,Mobile,0
+917973547431,Kunal Tandon,Udaipur,Rajasthan,Airtel,Mobile,0
+917823272296,Ayaan Mehra,Coimbatore,Tamil Nadu,Airtel,Mobile,0
+916319373859,Arjun Sarkar,Guwahati,Assam,Jio,Mobile,0
+918167586961,Garima Naidu,Srinagar,Jammu & Kashmir,Jio,Mobile,0
+916329985683,Sneha Joshi,Surat,Gujarat,BSNL,Mobile,0
+917845507528,Dhruv Shinde,Belgaum,Karnataka,Vodafone Idea,Mobile,0
+917581292189,Gaurav Choudhary,Mangalore,Karnataka,Vodafone Idea,Mobile,0
+919985386674,Divya Vaghela,Mangalore,Karnataka,BSNL,Mobile,0
+919027971763,Jaspreet Deshmukh,Ranchi,Jharkhand,Jio,Mobile,0
+916116359692,Divya Suri,Hubli,Karnataka,Jio,Mobile,0
+918196418855,Manoj Das,Nagpur,Maharashtra,Vodafone Idea,Mobile,0
+918615991996,Amit Hegde,Bhubaneswar,Odisha,Vodafone Idea,Mobile,0
+918119249013,Anita Roy,Belgaum,Karnataka,Jio,Mobile,0
+917453689909,Jaspreet Tandon,Srinagar,Jammu & Kashmir,BSNL,Mobile,0
+919645810555,Rajesh Sethi,Kolkata,West Bengal,Airtel,Mobile,0
+918457761603,Manish Shukla,Agra,Uttar Pradesh,Jio,Mobile,0
+916222033567,Anvi Biswas,Ranchi,Jharkhand,BSNL,Mobile,0
+917689945781,Rahul Bose,Pune,Maharashtra,Jio,Mobile,0
+918748101769,Vandana Tiwari,Dehradun,Uttarakhand,Airtel,Mobile,0
+919710243372,Swati Pillai,Nashik,Maharashtra,Jio,Mobile,0
+917398430131,Mukul Naidu,Ghaziabad,Uttar Pradesh,Jio,Mobile,0
+918899461042,Ananya Chauhan,Ludhiana,Punjab,Jio,Mobile,0
+919722031599,Rekha Chakraborty,Rajkot,Gujarat,Jio,Mobile,0
+916145935867,Rupesh Solanki,Ludhiana,Punjab,Airtel,Mobile,0
+918418469045,Chetan Kaul,Chandigarh,Punjab,Vodafone Idea,Mobile,0
+918347883725,Sachin Hegde,Thiruvananthapuram,Kerala,BSNL,Mobile,0
+919275703701,Vikram Patel,Coimbatore,Tamil Nadu,Airtel,Mobile,0
+918612358171,Archana Pawar,Salem,Tamil Nadu,Vodafone Idea,Mobile,0
+917769144921,Kavita Das,Vadodara,Gujarat,Jio,Mobile,0
+917481911805,Rachna Talwar,Mysore,Karnataka,Vodafone Idea,Mobile,0
+919676408498,Mohan Gowda,Jaipur,Rajasthan,BSNL,Mobile,0
+919941522975,Anika Saikia,Allahabad,Uttar Pradesh,Vodafone Idea,Mobile,0
+919387822397,Nandini Bajaj,Jodhpur,Rajasthan,Jio,Mobile,0
+919785334342,Neha Kapoor,Bhubaneswar,Odisha,BSNL,Mobile,0
+918649283023,Dhruv Mishra,Belgaum,Karnataka,Vodafone Idea,Mobile,0
+918531203737,Rekha Ahuja,Delhi,Delhi,BSNL,Mobile,0
+917188919915,Puneet Mukherjee,Jaipur,Rajasthan,Vodafone Idea,Mobile,0
+917775947377,Rashmi Gupta,Bhopal,Madhya Pradesh,Jio,Mobile,0
+916351246019,Anika Arora,Tiruchirappalli,Tamil Nadu,Jio,Mobile,0
+919090242342,Jayesh Vaghela,Agra,Uttar Pradesh,Jio,Mobile,0
+916195728092,Krishna Shinde,Ghaziabad,Uttar Pradesh,Jio,Mobile,0
+919729159668,Sunanda Wani,Mysore,Karnataka,Jio,Mobile,0
+917525286596,Meera Chopra,Varanasi,Uttar Pradesh,Jio,Mobile,0
+919446263545,Chetan Kumar,Aurangabad,Maharashtra,Jio,Mobile,0
+917187485051,Lokesh Wani,Varanasi,Uttar Pradesh,Vodafone Idea,Mobile,0
+918694048975,Neha Suri,Dehradun,Uttarakhand,Airtel,Mobile,0
+916181789380,Navpreet Arora,Bhubaneswar,Odisha,Vodafone Idea,Mobile,0
+916113824197,Naresh Rajput,Nashik,Maharashtra,Airtel,Mobile,0
+919963093587,Lokesh Patel,Udaipur,Rajasthan,BSNL,Mobile,0
+916367066620,Paresh Tripathi,Jodhpur,Rajasthan,BSNL,Mobile,0
+919472390657,Arun Yadav,Mangalore,Karnataka,BSNL,Mobile,0
+919865737109,Varun Shinde,Gwalior,Madhya Pradesh,BSNL,Mobile,0
+917937745803,Kavita Rawat,Hubli,Karnataka,Vodafone Idea,Mobile,0
+918976643278,Deepak Kumar,Varanasi,Uttar Pradesh,Vodafone Idea,Mobile,0
+917926220866,Asha Raina,Ranchi,Jharkhand,Vodafone Idea,Mobile,0
+917811801255,Amanpreet Sharma,Kochi,Kerala,Airtel,Mobile,0
+917821950052,Manju Menon,Hubli,Karnataka,Airtel,Mobile,0
+919799095089,Kishan Barua,Chennai,Tamil Nadu,Vodafone Idea,Mobile,0
+917819731749,Meera Mandal,Jammu,Jammu & Kashmir,Airtel,Mobile,0
+918524552995,Anjali Shah,Delhi,Delhi,BSNL,Mobile,0
+917868286586,Satish Bose,Delhi,Delhi,Airtel,Mobile,0
+919450450206,Aarav Banerjee,Mumbai,Maharashtra,Vodafone Idea,Mobile,0
+916177634650,Usha Mir,Chandigarh,Punjab,Jio,Mobile,0
+918733732752,Lokesh Chopra,Jabalpur,Madhya Pradesh,Vodafone Idea,Mobile,0
+919642960034,Naresh Banerjee,Faridabad,Haryana,Vodafone Idea,Mobile,0
+917916632955,Radha Rajput,Patna,Bihar,Jio,Mobile,0
+917220237335,Alpesh Mehta,Vijayawada,Andhra Pradesh,BSNL,Mobile,0
+918164340666,Pradeep Vaghela,Patna,Bihar,Airtel,Mobile,0
+918538548539,Vijay Kaul,Jammu,Jammu & Kashmir,BSNL,Mobile,0
+917495846920,Pooja Saxena,Salem,Tamil Nadu,BSNL,Mobile,0
+917729634760,Anjali Saxena,Thane,Maharashtra,BSNL,Mobile,0
+918021938440,Radha Kapoor,Bhopal,Madhya Pradesh,BSNL,Mobile,0
+917397140785,Rajesh Biswas,Ghaziabad,Uttar Pradesh,Jio,Mobile,0
+919068600465,Yash Deshmukh,Jaipur,Rajasthan,BSNL,Mobile,0
+918773266388,Meera Hegde,Tiruchirappalli,Tamil Nadu,BSNL,Mobile,0
+918027144279,Mohan Tandon,Chandigarh,Punjab,BSNL,Mobile,0
+916058980090,Asha Malhotra,Visakhapatnam,Andhra Pradesh,Jio,Mobile,0
+917887106835,Mukesh Chakraborty,Salem,Tamil Nadu,Vodafone Idea,Mobile,0
+919037832742,Pradeep Mehta,Mysore,Karnataka,Vodafone Idea,Mobile,0
+916328073026,Radha Joshi,Thane,Maharashtra,Jio,Mobile,0
+916158231442,Bhavna Sharma,Surat,Gujarat,BSNL,Mobile,0
+918159447005,Vandana Suri,Jammu,Jammu & Kashmir,BSNL,Mobile,0
+916062341788,Radha Khare,Shimla,Himachal Pradesh,BSNL,Mobile,0
+919856825676,Nandini Kumar,Rajkot,Gujarat,BSNL,Mobile,0
+918713681746,Aarohi Agarwal,Kolkata,West Bengal,Airtel,Mobile,0
+919532586098,Tejinder Rawat,Kochi,Kerala,Vodafone Idea,Mobile,0
+916015976959,Diya Dar,Jaipur,Rajasthan,BSNL,Mobile,0
+917137593293,Naveen Tandon,Vijayawada,Andhra Pradesh,Airtel,Mobile,0
+917668245509,Harpreet Biswas,Noida,Uttar Pradesh,Vodafone Idea,Mobile,0
+919660426042,Garima Mehra,Ahmedabad,Gujarat,BSNL,Mobile,0
+918630525521,Sanjiv Khare,Salem,Tamil Nadu,Jio,Mobile,0
+918811574149,Hitesh Mehra,Rajkot,Gujarat,Jio,Mobile,0
+917725055737,Aarush Banerjee,Agra,Uttar Pradesh,Jio,Mobile,0
+917727787795,Vijay Bajaj,Faridabad,Haryana,Airtel,Mobile,0
+918458285568,Ashish Pai,Allahabad,Uttar Pradesh,BSNL,Mobile,0
+916077655268,Rupesh Sarkar,Jodhpur,Rajasthan,BSNL,Mobile,0
+918528800898,Rakesh Mishra,Pune,Maharashtra,BSNL,Mobile,0
+918382987212,Kavita Mandal,Chennai,Tamil Nadu,Airtel,Mobile,0
+917965936024,Vihaan Bose,Shimla,Himachal Pradesh,Vodafone Idea,Mobile,0
+919530284656,Ayaan Banerjee,Coimbatore,Tamil Nadu,Airtel,Mobile,0
+919723181340,Simran Bhatia,Ahmedabad,Gujarat,Airtel,Mobile,0
+919652831828,Geeta Thakur,Kochi,Kerala,Airtel,Mobile,0
+917894049165,Nandini Pillai,Chennai,Tamil Nadu,BSNL,Mobile,0
+916012864319,Advik Gowda,Dehradun,Uttarakhand,Vodafone Idea,Mobile,0
+919990709668,Jitesh Dubey,Jabalpur,Madhya Pradesh,Vodafone Idea,Mobile,0
+919340414993,Amita Biswas,Patna,Bihar,Jio,Mobile,0
+919896084001,Kiran Chauhan,Thane,Maharashtra,BSNL,Mobile,0
+919575934058,Gurpreet Gowda,Mangalore,Karnataka,Airtel,Mobile,0
+916240249808,Brijesh Iyer,Delhi,Delhi,BSNL,Mobile,0
+919652137818,Archana Khare,Amritsar,Punjab,Jio,Mobile,0
+917162633761,Diya Saikia,Guwahati,Assam,BSNL,Mobile,0
+919080682212,Sapna Tandon,Rajkot,Gujarat,BSNL,Mobile,0
+916083004735,Chetan Ahuja,Delhi,Delhi,Vodafone Idea,Mobile,0
+919449450003,Ayaan Mehra,Navi Mumbai,Maharashtra,BSNL,Mobile,0
+918774994613,Girish Joshi,Ranchi,Jharkhand,Vodafone Idea,Mobile,0
+916256343034,Ritesh Joshi,Chennai,Tamil Nadu,Vodafone Idea,Mobile,0
+919751604311,Nisha Malhotra,Patna,Bihar,Airtel,Mobile,0
+918553940659,Pavan Nair,Tiruchirappalli,Tamil Nadu,Airtel,Mobile,0
+918415356855,Ritesh Tandon,Hubli,Karnataka,Vodafone Idea,Mobile,0
+918221606564,Uma Dubey,Kanpur,Uttar Pradesh,Vodafone Idea,Mobile,0
+916138336900,Gurpreet Hegde,Surat,Gujarat,BSNL,Mobile,0
+917817618614,Rohan Negi,Mumbai,Maharashtra,Jio,Mobile,0
+916246556032,Yash Bhatia,Bhopal,Madhya Pradesh,BSNL,Mobile,0
+919172850648,Amita Sharma,Bhubaneswar,Odisha,Airtel,Mobile,0
+919481184902,Sushma Jadhav,Ludhiana,Punjab,Jio,Mobile,0
+918774173844,Savita Singh,Jaipur,Rajasthan,BSNL,Mobile,0
+917425933682,Nitin Rawat,Bhubaneswar,Odisha,Vodafone Idea,Mobile,0
+918310645006,Bhavna Chauhan,Bhubaneswar,Odisha,Vodafone Idea,Mobile,0
+917016547716,Rekha Shinde,Jammu,Jammu & Kashmir,Airtel,Mobile,0
+917024728365,Namita Jadhav,Agra,Uttar Pradesh,Airtel,Mobile,0
+916149366061,Nandini Paul,Ahmedabad,Gujarat,BSNL,Mobile,0
+917086896947,Dinesh Biswas,Kanpur,Uttar Pradesh,Jio,Mobile,0
+918152137894,Diya Shah,Dehradun,Uttarakhand,Airtel,Mobile,0
+917412771706,Arun Parmar,Ghaziabad,Uttar Pradesh,Jio,Mobile,0
+916038068480,Mahesh Negi,Chandigarh,Punjab,Vodafone Idea,Mobile,0
+919984038457,Lakshmi Das,Jodhpur,Rajasthan,Jio,Mobile,0
+917656163367,Rohit Tomar,Srinagar,Jammu & Kashmir,Jio,Mobile,0
+919282080637,Kuldeep Rathore,Bangalore,Karnataka,Jio,Mobile,0
+917547104355,Shaurya Dar,Gurugram,Haryana,Jio,Mobile,0
+918589315926,Ganesh Bora,Aurangabad,Maharashtra,Airtel,Mobile,0
+919045831714,Anjali Thakur,Jaipur,Rajasthan,Vodafone Idea,Mobile,0
+919620345570,Aadhya Dey,Coimbatore,Tamil Nadu,Jio,Mobile,0
+918494089230,Ajay Nair,Chennai,Tamil Nadu,BSNL,Mobile,0
+917266224802,Smita Pandey,Delhi,Delhi,Airtel,Mobile,0
+919530892112,Deepa Rajput,Vijayawada,Andhra Pradesh,Jio,Mobile,0
+919320233594,Manju Shah,Ranchi,Jharkhand,BSNL,Mobile,0
+919740784463,Sushma Solanki,Shimla,Himachal Pradesh,Jio,Mobile,0
+917464626400,Amanpreet Bhat,Mumbai,Maharashtra,Airtel,Mobile,0
+918031289361,Kunal Negi,Pune,Maharashtra,Jio,Mobile,0
+917640393904,Sneha Yadav,Kochi,Kerala,Jio,Mobile,0
+919897814470,Mukul Verma,Gwalior,Madhya Pradesh,Airtel,Mobile,0
+917553562475,Shikha Kamath,Lucknow,Uttar Pradesh,Jio,Mobile,0
+919528079881,Vihaan Pant,Udaipur,Rajasthan,Airtel,Mobile,0
+918670969896,Ananya Rathore,Lucknow,Uttar Pradesh,Jio,Mobile,0
+916162616487,Divya Arora,Nashik,Maharashtra,Vodafone Idea,Mobile,0
+918080308147,Yogesh Sarkar,Amritsar,Punjab,Jio,Mobile,0
+919913171189,Geeta Dubey,Belgaum,Karnataka,BSNL,Mobile,0
+917424962432,Tushar Patil,Surat,Gujarat,Jio,Mobile,0
+918372828259,Sandeep Negi,Nashik,Maharashtra,BSNL,Mobile,0
+917932677604,Kuldeep Menon,Chandigarh,Punjab,Jio,Mobile,0
+917614345445,Meera Naidu,Kolkata,West Bengal,BSNL,Mobile,0
+917517028358,Divya Singh,Allahabad,Uttar Pradesh,BSNL,Mobile,0
+919019645727,Aman Bisht,Patna,Bihar,Vodafone Idea,Mobile,0
+917034229636,Sarita Mitra,Thiruvananthapuram,Kerala,Vodafone Idea,Mobile,0
+919316579236,Vihaan Parmar,Jodhpur,Rajasthan,Airtel,Mobile,0
+918551367268,Rajeev Saikia,Ahmedabad,Gujarat,Vodafone Idea,Mobile,0
+919586471582,Pari Das,Noida,Uttar Pradesh,Vodafone Idea,Mobile,0
+918543657144,Harish Chauhan,Surat,Gujarat,Airtel,Mobile,0
+918157267994,Rupesh Warrier,Kanpur,Uttar Pradesh,Jio,Mobile,0
+916047712780,Pradeep Khanna,Kochi,Kerala,Vodafone Idea,Mobile,0
+919634209751,Deepa Solanki,Bhopal,Madhya Pradesh,Airtel,Mobile,0
+917179083275,Smita Suri,Kolkata,West Bengal,Vodafone Idea,Mobile,0
+916314501921,Anika Chauhan,Indore,Madhya Pradesh,Vodafone Idea,Mobile,0
+917072203532,Rashmi Sharma,Indore,Madhya Pradesh,Jio,Mobile,0
+917475969198,Anjali Chauhan,Surat,Gujarat,BSNL,Mobile,0
+918588581005,Reshma Pandey,Pune,Maharashtra,Vodafone Idea,Mobile,0
+917910464616,Anjali Saikia,Rajkot,Gujarat,Airtel,Mobile,0
+919080478993,Varun Dhawan,Delhi,Delhi,Airtel,Mobile,0
+918813483791,Rudra Paul,Mumbai,Maharashtra,BSNL,Mobile,0
+917866357189,Rakesh Pandey,Jodhpur,Rajasthan,Jio,Mobile,0
+919382291343,Usha Ahuja,Delhi,Delhi,Vodafone Idea,Mobile,0
+918359857339,Rashmi Khanna,Ranchi,Jharkhand,Vodafone Idea,Mobile,0
+918354446331,Anita Negi,Raipur,Chhattisgarh,BSNL,Mobile,0
+919298024243,Reshma Verma,Ranchi,Jharkhand,Airtel,Mobile,0
+917332311786,Uma Naidu,Agra,Uttar Pradesh,Airtel,Mobile,0
+918874060076,Jaspreet Talwar,Pune,Maharashtra,Jio,Mobile,0
+919280349771,Sneha Pillai,Chennai,Tamil Nadu,Vodafone Idea,Mobile,0
+917320188882,Savita Barua,Allahabad,Uttar Pradesh,Vodafone Idea,Mobile,0
+919526598439,Brijesh Roy,Coimbatore,Tamil Nadu,Airtel,Mobile,0
+917351375092,Ritu Mukherjee,Dehradun,Uttarakhand,Vodafone Idea,Mobile,0
+918088414211,Chetan Mandal,Surat,Gujarat,Jio,Mobile,0
+917333295611,Diya Tiwari,Bhubaneswar,Odisha,Vodafone Idea,Mobile,0
+916079375461,Ishaan Tomar,Ahmedabad,Gujarat,Vodafone Idea,Mobile,0
+919112366905,Seema Jadhav,Delhi,Delhi,Airtel,Mobile,0
+918874139601,Vikram Mitra,Kolkata,West Bengal,BSNL,Mobile,0
+918952996124,Lakhan Warrier,Coimbatore,Tamil Nadu,BSNL,Mobile,0
+917222075671,Nikhil Jadhav,Chandigarh,Punjab,Airtel,Mobile,0
+916150489634,Anjali Rawat,Chennai,Tamil Nadu,Vodafone Idea,Mobile,0
+919451446600,Pankaj Pant,Tiruchirappalli,Tamil Nadu,Jio,Mobile,0
+918671735737,Shravan Tiwari,Tiruchirappalli,Tamil Nadu,Airtel,Mobile,0
+917549276254,Yash Ghosh,Gwalior,Madhya Pradesh,BSNL,Mobile,0
+918824286598,Jitesh Dutta,Jabalpur,Madhya Pradesh,Jio,Mobile,0
+917235892659,Rakesh Rajput,Indore,Madhya Pradesh,Vodafone Idea,Mobile,0
+917187113818,Nandini Vaghela,Jaipur,Rajasthan,BSNL,Mobile,0
+919292689902,Vishal Mathur,Salem,Tamil Nadu,Vodafone Idea,Mobile,0
+916020524618,Tejinder Chatterjee,Faridabad,Haryana,Vodafone Idea,Mobile,0
+919262885137,Myra Bisht,Varanasi,Uttar Pradesh,Jio,Mobile,0
+917383804686,Dhruv Roy,Varanasi,Uttar Pradesh,BSNL,Mobile,0
+919819077213,Navpreet Das,Ranchi,Jharkhand,Vodafone Idea,Mobile,0
+916389824616,Sumit Modi,Chandigarh,Punjab,Jio,Mobile,0
+918822428041,Rekha Bisht,Noida,Uttar Pradesh,Vodafone Idea,Mobile,0
+919239744951,Neelam Pawar,Varanasi,Uttar Pradesh,BSNL,Mobile,0
+917450578137,Pari Tomar,Lucknow,Uttar Pradesh,BSNL,Mobile,0
+918587805616,Reema Sethi,Kanpur,Uttar Pradesh,Jio,Mobile,0
+917917629230,Ayaan Solanki,Visakhapatnam,Andhra Pradesh,Jio,Mobile,0
+917082559266,Uma Sen,Ranchi,Jharkhand,Vodafone Idea,Mobile,0
+919214938003,Ritu Goyal,Jaipur,Rajasthan,BSNL,Mobile,0
+917688886250,Sanjiv Dhawan,Hubli,Karnataka,Vodafone Idea,Mobile,0
+916193213693,Nisha Shukla,Salem,Tamil Nadu,Airtel,Mobile,0
+917344502335,Mohan Singhal,Bhopal,Madhya Pradesh,Vodafone Idea,Mobile,0
+918588451526,Sarita Thakur,Vijayawada,Andhra Pradesh,Jio,Mobile,0
+918423141427,Neelam Tripathi,Nashik,Maharashtra,BSNL,Mobile,0
+918985618276,Varun Mitra,Jabalpur,Madhya Pradesh,Vodafone Idea,Mobile,0
+918340871584,Tejinder Patil,Vadodara,Gujarat,BSNL,Mobile,0
+918155272975,Ganesh Malhotra,Vijayawada,Andhra Pradesh,Jio,Mobile,0
+917967351534,Pari Singh,Mysore,Karnataka,BSNL,Mobile,0
+917422711723,Ananya Shukla,Aurangabad,Maharashtra,Airtel,Mobile,0
+917236069542,Reyansh Sarkar,Belgaum,Karnataka,Vodafone Idea,Mobile,0
+918772868494,Sanjay Pandey,Nashik,Maharashtra,Jio,Mobile,0
+919782761100,Shravan Mathur,Salem,Tamil Nadu,Vodafone Idea,Mobile,0
+917784378015,Smita Tomar,Hyderabad,Telangana,Jio,Mobile,0
+917444450527,Jaspreet Mehta,Mumbai,Maharashtra,Vodafone Idea,Mobile,0
+919451956308,Satish Patil,Ludhiana,Punjab,Vodafone Idea,Mobile,0
+916267622065,Suresh Bhat,Agra,Uttar Pradesh,Jio,Mobile,0
+919160244245,Reema Dubey,Delhi,Delhi,Jio,Mobile,0
+917757214525,Vinod Naidu,Hyderabad,Telangana,BSNL,Mobile,0
+918185113478,Aanya Joshi,Thane,Maharashtra,BSNL,Mobile,0
+919182304863,Nandini Jadeja,Ahmedabad,Gujarat,BSNL,Mobile,0
+919129705513,Vinod Mir,Mumbai,Maharashtra,BSNL,Mobile,0
+917452125983,Smita Pai,Hubli,Karnataka,BSNL,Mobile,0
+919610432936,Manpreet Thakur,Bhubaneswar,Odisha,Vodafone Idea,Mobile,0
+917171236168,Naresh Mishra,Vijayawada,Andhra Pradesh,Airtel,Mobile,0
+919351453133,Padma Deshmukh,Jammu,Jammu & Kashmir,BSNL,Mobile,0
+917814988094,Harpreet Garg,Lucknow,Uttar Pradesh,Jio,Mobile,0
+919842997318,Vishal Iyer,Raipur,Chhattisgarh,Vodafone Idea,Mobile,0
+917687461195,Vihaan Barua,Ghaziabad,Uttar Pradesh,BSNL,Mobile,0
+917144528501,Pavan Sharma,Hyderabad,Telangana,Vodafone Idea,Mobile,0
+917911963274,Pradeep Dutta,Bangalore,Karnataka,Jio,Mobile,0
+917439677996,Sai Mehra,Ahmedabad,Gujarat,Airtel,Mobile,0
+919241035928,Geeta Bhat,Visakhapatnam,Andhra Pradesh,BSNL,Mobile,0
+919350137401,Sneha Banerjee,Lucknow,Uttar Pradesh,Vodafone Idea,Mobile,0
+917986565011,Hitesh Kurup,Ludhiana,Punjab,BSNL,Mobile,0
+919238601818,Usha Singhal,Raipur,Chhattisgarh,Jio,Mobile,0
+919480579977,Rohit Reddy,Bhubaneswar,Odisha,BSNL,Mobile,0
+918354762314,Gurpreet Bhatia,Allahabad,Uttar Pradesh,Vodafone Idea,Mobile,0
+917611040624,Aarush Dhawan,Noida,Uttar Pradesh,Vodafone Idea,Mobile,0
+916357635771,Anita Bhat,Aurangabad,Maharashtra,BSNL,Mobile,0
+916381557129,Sapna Chauhan,Varanasi,Uttar Pradesh,Airtel,Mobile,0
+917437065701,Radha Chauhan,Thane,Maharashtra,Airtel,Mobile,0
+917565006579,Tarun Mehra,Guwahati,Assam,Airtel,Mobile,0
+918654105784,Bhavna Sen,Patna,Bihar,Jio,Mobile,0
+917828973263,Vivaan Mukherjee,Navi Mumbai,Maharashtra,Vodafone Idea,Mobile,0
+917268675555,Aanya Mandal,Raipur,Chhattisgarh,Jio,Mobile,0
+918141267599,Uma Sethi,Lucknow,Uttar Pradesh,BSNL,Mobile,0
+918384431575,Usha Shinde,Hubli,Karnataka,BSNL,Mobile,0
+919362246375,Nisha Iyer,Thane,Maharashtra,Jio,Mobile,0
+917163946907,Ashish Reddy,Guwahati,Assam,Vodafone Idea,Mobile,0
+919483908248,Sanjiv Raina,Faridabad,Haryana,BSNL,Mobile,0
+918420798121,Paresh Shinde,Bhubaneswar,Odisha,BSNL,Mobile,0
+917174233039,Puneet Kurup,Jaipur,Rajasthan,Airtel,Mobile,0
+918746653024,Padma Sethi,Surat,Gujarat,Airtel,Mobile,0
+917251645273,Vandana Shetty,Chennai,Tamil Nadu,Vodafone Idea,Mobile,0
+919627741509,Kunal Chatterjee,Vijayawada,Andhra Pradesh,BSNL,Mobile,0
+917760149213,Pradeep Rathore,Gurugram,Haryana,BSNL,Mobile,0
+917651275977,Naresh Garg,Patna,Bihar,Airtel,Mobile,0
+917596787678,Sarita Jadeja,Bangalore,Karnataka,Jio,Mobile,0
+918418524019,Ritu Shekhawat,Hubli,Karnataka,Airtel,Mobile,0
+917518058965,Umesh Warrier,Allahabad,Uttar Pradesh,Vodafone Idea,Mobile,0
+918385693839,Sunita Mitra,Ghaziabad,Uttar Pradesh,Airtel,Mobile,0
+918476181684,Alpesh Mandal,Surat,Gujarat,Vodafone Idea,Mobile,0
+919760058464,Lalit Kaul,Jaipur,Rajasthan,Jio,Mobile,0
+917473835253,Rupesh Dutta,Gwalior,Madhya Pradesh,Vodafone Idea,Mobile,0
+917682852466,Kishan Rathore,Kanpur,Uttar Pradesh,Jio,Mobile,0
+919597291568,Padma Pillai,Mumbai,Maharashtra,Jio,Mobile,0
+919742513691,Shalini Dubey,Srinagar,Jammu & Kashmir,BSNL,Mobile,0
+916114018229,Aanya Ghosh,Aurangabad,Maharashtra,Vodafone Idea,Mobile,0
+916343757096,Sanjay Sen,Varanasi,Uttar Pradesh,Vodafone Idea,Mobile,0
+919346438700,Satish Vaghela,Ahmedabad,Gujarat,Vodafone Idea,Mobile,0
+917762173144,Sushma Pai,Bangalore,Karnataka,Jio,Mobile,0
+918068165266,Pari Mandal,Srinagar,Jammu & Kashmir,Airtel,Mobile,0
+918341475301,Neelam Mir,Nagpur,Maharashtra,BSNL,Mobile,0
+919935656512,Reema Dar,Srinagar,Jammu & Kashmir,Airtel,Mobile,0
+918214405766,Pradeep Dutta,Ahmedabad,Gujarat,Jio,Mobile,0
+919764331671,Sushma Barua,Jodhpur,Rajasthan,Airtel,Mobile,0
+918867369823,Sunil Goyal,Coimbatore,Tamil Nadu,Jio,Mobile,0
+918515494695,Girish Parmar,Aurangabad,Maharashtra,Vodafone Idea,Mobile,0
+919125289661,Anika Desai,Bhopal,Madhya Pradesh,Jio,Mobile,0
+917647633757,Ritesh Talwar,Srinagar,Jammu & Kashmir,Vodafone Idea,Mobile,0
+918920693394,Rajeev Bose,Thane,Maharashtra,BSNL,Mobile,0
+917817760791,Pradeep Jain,Chennai,Tamil Nadu,BSNL,Mobile,0
+918948145782,Ramesh Dhawan,Tiruchirappalli,Tamil Nadu,Airtel,Mobile,0
+916149239609,Rekha Garg,Lucknow,Uttar Pradesh,Airtel,Mobile,0
+917851151234,Shravan Chatterjee,Belgaum,Karnataka,Jio,Mobile,0
+916144567831,Sumit Sharma,Thiruvananthapuram,Kerala,Airtel,Mobile,0
+918055379368,Aarav Reddy,Gurugram,Haryana,Vodafone Idea,Mobile,0
+918524548728,Vinita Tandon,Gwalior,Madhya Pradesh,BSNL,Mobile,0
+916059782243,Sneha Pawar,Vadodara,Gujarat,Jio,Mobile,0
+919417511073,Manju Tripathi,Faridabad,Haryana,Jio,Mobile,0
+919176122766,Sunanda Goyal,Thane,Maharashtra,Vodafone Idea,Mobile,0
+918469019825,Pradeep Bisht,Srinagar,Jammu & Kashmir,BSNL,Mobile,0
+918310407671,Harish Sarkar,Jammu,Jammu & Kashmir,BSNL,Mobile,0
+918865042433,Namita Sethi,Chennai,Tamil Nadu,BSNL,Mobile,0
+919973417136,Myra Bhatia,Ghaziabad,Uttar Pradesh,BSNL,Mobile,0
+919257953258,Rahul Arora,Ghaziabad,Uttar Pradesh,Vodafone Idea,Mobile,0
+918431994003,Rekha Dey,Allahabad,Uttar Pradesh,Jio,Mobile,0
+918988504192,Simran Menon,Madurai,Tamil Nadu,BSNL,Mobile,0
+919571295180,Usha Parmar,Guwahati,Assam,Jio,Mobile,0
+917686962775,Deepa Modi,Ghaziabad,Uttar Pradesh,Vodafone Idea,Mobile,0
+918432709886,Padma Gowda,Thiruvananthapuram,Kerala,Vodafone Idea,Mobile,0
+917536326705,Vinita Jadeja,Kochi,Kerala,Jio,Mobile,0
+917171003215,Harish Naidu,Ludhiana,Punjab,Jio,Mobile,0
+919971891058,Sapna Naidu,Kanpur,Uttar Pradesh,Vodafone Idea,Mobile,0
+917660822735,Simran Dey,Kanpur,Uttar Pradesh,Airtel,Mobile,0
+917034082972,Sushma Malhotra,Salem,Tamil Nadu,Jio,Mobile,0
+919042759953,Namita Jadhav,Rajkot,Gujarat,Vodafone Idea,Mobile,0
+918676129141,Anita Dey,Lucknow,Uttar Pradesh,Airtel,Mobile,0
+919526867015,Lokesh Bose,Shimla,Himachal Pradesh,Vodafone Idea,Mobile,0
+918960718973,Sunanda Shukla,Shimla,Himachal Pradesh,Jio,Mobile,0
+917647919308,Amita Nair,Gwalior,Madhya Pradesh,BSNL,Mobile,0
+919519435321,Radha Choudhary,Dehradun,Uttarakhand,Airtel,Mobile,0
+919481569096,Anvi Patil,Mysore,Karnataka,Airtel,Mobile,0
+917022812239,Simran Agarwal,Guwahati,Assam,Airtel,Mobile,0
+919586108871,Nandini Shetty,Noida,Uttar Pradesh,Vodafone Idea,Mobile,0
+916197729878,Nitesh Warrier,Allahabad,Uttar Pradesh,Jio,Mobile,0
+919323026113,Anita Raina,Guwahati,Assam,Airtel,Mobile,0
+917952478816,Pari Khanna,Vijayawada,Andhra Pradesh,BSNL,Mobile,0
+917926283225,Mahesh Naidu,Jodhpur,Rajasthan,BSNL,Mobile,0
+916138155008,Mukesh Pandey,Lucknow,Uttar Pradesh,Jio,Mobile,0
+918699397314,Karun Mehta,Surat,Gujarat,Jio,Mobile,0
+917852461305,Kiran Verma,Raipur,Chhattisgarh,Jio,Mobile,0
+918652885695,Advik Chatterjee,Dehradun,Uttarakhand,Airtel,Mobile,0
+918976916441,Aarav Dey,Ahmedabad,Gujarat,Vodafone Idea,Mobile,0
+917395245744,Rakesh Bhat,Guwahati,Assam,Jio,Mobile,0
+917934553603,Swati Mathur,Surat,Gujarat,Vodafone Idea,Mobile,0
+919924440497,Pooja Pillai,Surat,Gujarat,BSNL,Mobile,0
+917764494431,Aditya Gowda,Mangalore,Karnataka,Jio,Mobile,0
+917254185818,Pari Wani,Ahmedabad,Gujarat,BSNL,Mobile,0
+917488249834,Anjali Gowda,Thiruvananthapuram,Kerala,Airtel,Mobile,0
+917644587679,Ravi Bisht,Visakhapatnam,Andhra Pradesh,Jio,Mobile,0
+919722650691,Sushma Bisht,Pune,Maharashtra,Jio,Mobile,0
+918972414832,Manju Nair,Agra,Uttar Pradesh,BSNL,Mobile,0
+916338277872,Neelam Arora,Ghaziabad,Uttar Pradesh,Jio,Mobile,0
+918386798466,Aditya Khanna,Kanpur,Uttar Pradesh,Vodafone Idea,Mobile,0
+918550426960,Nandini Singhal,Kolkata,West Bengal,Airtel,Mobile,0
+918112065635,Tarun Mukherjee,Gurugram,Haryana,Airtel,Mobile,0
+919613179572,Lakhan Shetty,Salem,Tamil Nadu,Airtel,Mobile,0
+918412557115,Ramesh Dar,Hyderabad,Telangana,BSNL,Mobile,0
+916259060329,Radha Goyal,Surat,Gujarat,Vodafone Idea,Mobile,0
+918869516290,Anjali Mehta,Vijayawada,Andhra Pradesh,BSNL,Mobile,0
+919322032694,Neha Mir,Aurangabad,Maharashtra,Jio,Mobile,0
+918835759168,Asha Rawat,Ghaziabad,Uttar Pradesh,BSNL,Mobile,0
+917840227727,Tushar Menon,Bhubaneswar,Odisha,Vodafone Idea,Mobile,0
+919314229614,Hitesh Wani,Lucknow,Uttar Pradesh,Jio,Mobile,0
+919260113592,Namita Garg,Jaipur,Rajasthan,Airtel,Mobile,0
+919350119648,Neelam Deshmukh,Pune,Maharashtra,BSNL,Mobile,0
+917136935867,Ashish Kamath,Chennai,Tamil Nadu,Vodafone Idea,Mobile,0
+918828396034,Puneet Joshi,Vijayawada,Andhra Pradesh,Jio,Mobile,0
+917887072641,Savita More,Lucknow,Uttar Pradesh,BSNL,Mobile,0
+917053830619,Smita Mehra,Mangalore,Karnataka,Jio,Mobile,0
+917155679374,Anjali Bhat,Vijayawada,Andhra Pradesh,Jio,Mobile,0
+919460558857,Anika More,Patna,Bihar,Airtel,Mobile,0
+918868428627,Ritu Menon,Coimbatore,Tamil Nadu,BSNL,Mobile,0
+918418262653,Poonam Sarkar,Delhi,Delhi,Jio,Mobile,0
+919212512101,Sarita Iyer,Vadodara,Gujarat,Jio,Mobile,0
+918159814526,Shravan Bhatia,Amritsar,Punjab,Jio,Mobile,0
+918363422556,Nisha Chakraborty,Kolkata,West Bengal,Jio,Mobile,0
+919435666984,Vineet Choudhary,Ghaziabad,Uttar Pradesh,BSNL,Mobile,0
+916259431080,Brijesh Bose,Hubli,Karnataka,Jio,Mobile,0
+919769244638,Karun Joshi,Mumbai,Maharashtra,Airtel,Mobile,0
+918180777947,Amanpreet Patil,Hubli,Karnataka,Jio,Mobile,0
+917411370137,Sohan Patel,Ranchi,Jharkhand,Jio,Mobile,0
+917223884151,Reema Patil,Thiruvananthapuram,Kerala,Airtel,Mobile,0
+916073617193,Tarun Banerjee,Bhubaneswar,Odisha,Airtel,Mobile,0
+917175422730,Aanya Bose,Allahabad,Uttar Pradesh,Vodafone Idea,Mobile,0
+917886019974,Kapil Chatterjee,Mysore,Karnataka,Airtel,Mobile,0
+918290429578,Raman Khare,Dehradun,Uttarakhand,Airtel,Mobile,0
+918240404873,Manju Sethi,Noida,Uttar Pradesh,Airtel,Mobile,0
+917844122826,Aditya Mehra,Bangalore,Karnataka,Jio,Mobile,0
+916192907593,Kabir Garg,Patna,Bihar,Jio,Mobile,0
+917854657867,Radha Dhawan,Mangalore,Karnataka,Airtel,Mobile,0
+918158836448,Meera Agarwal,Ludhiana,Punjab,Jio,Mobile,0
+917393385741,Shravan Joshi,Kolkata,West Bengal,Vodafone Idea,Mobile,0
+916166014935,Padma Sarkar,Udaipur,Rajasthan,Vodafone Idea,Mobile,0
+916022569129,Vivaan Bora,Jabalpur,Madhya Pradesh,Vodafone Idea,Mobile,0
+917628511523,Geeta Bora,Pune,Maharashtra,BSNL,Mobile,0
+918954051707,Kuldeep Kaul,Salem,Tamil Nadu,Jio,Mobile,0
+919628095636,Gaurav Yadav,Vijayawada,Andhra Pradesh,Jio,Mobile,0
+916159271446,Rudra Agarwal,Lucknow,Uttar Pradesh,Jio,Mobile,0
+917445820881,Tejinder Dey,Faridabad,Haryana,Jio,Mobile,0
+917681707949,Sneha Shekhawat,Indore,Madhya Pradesh,BSNL,Mobile,0
+916052668785,Vinita Malhotra,Nashik,Maharashtra,Jio,Mobile,0
+917245361698,Asha Bisht,Hyderabad,Telangana,Airtel,Mobile,0
+919282112687,Seema Chauhan,Vadodara,Gujarat,BSNL,Mobile,0
+916236473837,Jyoti Solanki,Gwalior,Madhya Pradesh,BSNL,Mobile,0
+919087296377,Ganesh Parmar,Madurai,Tamil Nadu,Airtel,Mobile,0
+919513055965,Navpreet Yadav,Jodhpur,Rajasthan,Vodafone Idea,Mobile,0
+917627483301,Kavita Malhotra,Guwahati,Assam,Vodafone Idea,Mobile,0
+919422018673,Kavita Pai,Udaipur,Rajasthan,BSNL,Mobile,0
+918497023456,Kiran Bhat,Srinagar,Jammu & Kashmir,Vodafone Idea,Mobile,0
+918039762507,Lakhan Solanki,Bhopal,Madhya Pradesh,BSNL,Mobile,0
+919236429451,Harpreet Rajput,Salem,Tamil Nadu,BSNL,Mobile,0
+918612968773,Sapna Vaghela,Shimla,Himachal Pradesh,Jio,Mobile,0
+919982162389,Bhavna Desai,Udaipur,Rajasthan,Vodafone Idea,Mobile,0
+917833495950,Anjali Saxena,Chandigarh,Punjab,BSNL,Mobile,0
+917226047564,Alpesh Joshi,Madurai,Tamil Nadu,Jio,Mobile,0
+919842581143,Arnav Suri,Chandigarh,Punjab,Vodafone Idea,Mobile,0
+919765489675,Uma Shinde,Allahabad,Uttar Pradesh,Jio,Mobile,0
+917431758478,Gaurav Gogoi,Jabalpur,Madhya Pradesh,BSNL,Mobile,0
+919198005439,Garima More,Belgaum,Karnataka,Airtel,Mobile,0
+918268008991,Sukhpreet Patel,Bhubaneswar,Odisha,Vodafone Idea,Mobile,0
+917683546421,Vijay Kaul,Ludhiana,Punjab,Airtel,Mobile,0
+918365983008,Satish Nair,Navi Mumbai,Maharashtra,Vodafone Idea,Mobile,0
+916250185423,Jayesh Patil,Jaipur,Rajasthan,BSNL,Mobile,0
+916315928975,Puneet Sethi,Mangalore,Karnataka,Airtel,Mobile,0
+919086119307,Radha Khanna,Pune,Maharashtra,Airtel,Mobile,0
+918546714710,Ashish Dutta,Delhi,Delhi,Jio,Mobile,0
+917539311086,Nandini Chauhan,Tiruchirappalli,Tamil Nadu,Jio,Mobile,0
+916252746901,Naveen Sethi,Mysore,Karnataka,BSNL,Mobile,0
+918899488033,Rupesh Solanki,Faridabad,Haryana,Airtel,Mobile,0
+919152414290,Neelam Chakraborty,Bhubaneswar,Odisha,Airtel,Mobile,0
+917742653789,Jyoti Rathore,Coimbatore,Tamil Nadu,Airtel,Mobile,0
+919766835439,Kiran Rajput,Mangalore,Karnataka,BSNL,Mobile,0
+919825613747,Manpreet Bose,Mysore,Karnataka,Vodafone Idea,Mobile,0
+917652265340,Sachin Tandon,Bhubaneswar,Odisha,BSNL,Mobile,0
+918159205716,Sunanda Garg,Mangalore,Karnataka,Jio,Mobile,0
+917650128022,Geeta Das,Ranchi,Jharkhand,Vodafone Idea,Mobile,0
+919747907984,Sunil Banerjee,Patna,Bihar,Airtel,Mobile,0
+918280101969,Vikram Raina,Raipur,Chhattisgarh,BSNL,Mobile,0
+918257826571,Shikha Bisht,Ghaziabad,Uttar Pradesh,Airtel,Mobile,0
+919449120552,Karun Suri,Rajkot,Gujarat,Airtel,Mobile,0
+917126095935,Meera Mathur,Bhopal,Madhya Pradesh,Jio,Mobile,0
+917257579748,Suresh Parmar,Aurangabad,Maharashtra,Airtel,Mobile,0
+917629749226,Smita Pillai,Hubli,Karnataka,Jio,Mobile,0
+919573275104,Arnav Mukherjee,Nashik,Maharashtra,BSNL,Mobile,0
+917287533058,Anjali Gowda,Jodhpur,Rajasthan,Jio,Mobile,0
+919913672480,Bhavna Singh,Delhi,Delhi,Airtel,Mobile,0
+919878786733,Nandini Pawar,Kanpur,Uttar Pradesh,Vodafone Idea,Mobile,0
+916261281127,Sunita Kaul,Jammu,Jammu & Kashmir,BSNL,Mobile,0
+917662363653,Manpreet Saxena,Aurangabad,Maharashtra,Vodafone Idea,Mobile,0
+919164026827,Shravan Gupta,Amritsar,Punjab,Jio,Mobile,0
+918213346721,Dhruv Chakraborty,Mumbai,Maharashtra,Vodafone Idea,Mobile,0
+919267588426,Ananya Kamath,Navi Mumbai,Maharashtra,Jio,Mobile,0
+916364039492,Sandeep Gowda,Thiruvananthapuram,Kerala,Jio,Mobile,0
+917411621118,Sohan Mir,Mysore,Karnataka,Vodafone Idea,Mobile,0
+918143802873,Vikram Ghosh,Bhubaneswar,Odisha,Vodafone Idea,Mobile,0
+919860276723,Paresh Jadeja,Visakhapatnam,Andhra Pradesh,BSNL,Mobile,0
+918475880425,Padma Chopra,Jaipur,Rajasthan,BSNL,Mobile,0
+919890438864,Smita Barua,Jodhpur,Rajasthan,Jio,Mobile,0
+917988800086,Smita Bora,Surat,Gujarat,Jio,Mobile,0
+918223599386,Sapna Singhal,Chennai,Tamil Nadu,BSNL,Mobile,0
+919822684935,Simran Chauhan,Kolkata,West Bengal,Vodafone Idea,Mobile,0
+917457916050,Puneet Dhawan,Bhubaneswar,Odisha,Vodafone Idea,Mobile,0
+919348896766,Ashish Mandal,Dehradun,Uttarakhand,Vodafone Idea,Mobile,0
+917468253887,Lalita Desai,Thiruvananthapuram,Kerala,Jio,Mobile,0
+918113022839,Mohan Yadav,Navi Mumbai,Maharashtra,BSNL,Mobile,0
+919844920223,Deepa Rawat,Shimla,Himachal Pradesh,Jio,Mobile,0
+917471030282,Naman Sen,Vadodara,Gujarat,Airtel,Mobile,0
+917527364829,Amita Khanna,Surat,Gujarat,BSNL,Mobile,0
+919096305854,Rohan Das,Patna,Bihar,BSNL,Mobile,0
+918062619194,Rajesh Singhal,Surat,Gujarat,Jio,Mobile,0
+918741199267,Sunita Rawat,Mangalore,Karnataka,BSNL,Mobile,0
+917032964936,Pooja Pai,Nashik,Maharashtra,Airtel,Mobile,0
+919525359361,Poonam Banerjee,Nagpur,Maharashtra,Vodafone Idea,Mobile,0
+919687165155,Simran Iyer,Ahmedabad,Gujarat,BSNL,Mobile,0
+919118081806,Sai Saxena,Belgaum,Karnataka,Jio,Mobile,0
+917082077721,Kunal Solanki,Thiruvananthapuram,Kerala,Vodafone Idea,Mobile,0
+919734194811,Arnav Chauhan,Agra,Uttar Pradesh,BSNL,Mobile,0
+919656553650,Paresh Mir,Kolkata,West Bengal,Jio,Mobile,0
+918681059667,Mukul Kamath,Jodhpur,Rajasthan,BSNL,Mobile,0
+917933471955,Chetan Das,Indore,Madhya Pradesh,BSNL,Mobile,0
+919786462535,Meera Tomar,Ranchi,Jharkhand,Vodafone Idea,Mobile,0
+919965390118,Seema Ahuja,Bhubaneswar,Odisha,Vodafone Idea,Mobile,0
+918698263161,Rahul Hegde,Salem,Tamil Nadu,Vodafone Idea,Mobile,0
+918657614031,Rohit Agarwal,Kolkata,West Bengal,BSNL,Mobile,0
+918596619002,Sanjiv Saxena,Rajkot,Gujarat,Vodafone Idea,Mobile,0
+917448288219,Jitesh Agarwal,Jaipur,Rajasthan,Jio,Mobile,0
+919954557238,Ansh Gogoi,Ahmedabad,Gujarat,Jio,Mobile,0
+917372447525,Umesh Rathore,Kochi,Kerala,BSNL,Mobile,0
+917498296520,Jaspreet Kamath,Tiruchirappalli,Tamil Nadu,Airtel,Mobile,0
+918712336029,Deepa Mishra,Faridabad,Haryana,Airtel,Mobile,0
+917050979721,Manju More,Surat,Gujarat,BSNL,Mobile,0
+918861985816,Sachin Khanna,Faridabad,Haryana,Vodafone Idea,Mobile,0
+916340532776,Lakhan Thakur,Nashik,Maharashtra,Airtel,Mobile,0
+916130151493,Pooja Sen,Ludhiana,Punjab,Jio,Mobile,0
+917233176508,Gaurav Deshmukh,Kanpur,Uttar Pradesh,BSNL,Mobile,0
+917412392232,Garima Mir,Madurai,Tamil Nadu,Airtel,Mobile,0
+917777890915,Vinita Mitra,Chandigarh,Punjab,Airtel,Mobile,0
+919374029589,Anjali Biswas,Dehradun,Uttarakhand,Airtel,Mobile,0
+917895209603,Shravan Modi,Shimla,Himachal Pradesh,Airtel,Mobile,0
+916052346341,Mohan Solanki,Agra,Uttar Pradesh,Jio,Mobile,0
+918137595048,Sneha Sarkar,Bangalore,Karnataka,BSNL,Mobile,0
+917833727399,Naman Bajaj,Bhubaneswar,Odisha,Airtel,Mobile,0
+916290631000,Swapna Rao,Hubli,Karnataka,Vodafone Idea,Mobile,0
+917689083886,Deepa Roy,Agra,Uttar Pradesh,Jio,Mobile,0
+918557733023,Savita Bisht,Visakhapatnam,Andhra Pradesh,Vodafone Idea,Mobile,0
+919689490860,Dinesh Iyer,Rajkot,Gujarat,Airtel,Mobile,0
+918334010217,Roshan Kurup,Kochi,Kerala,BSNL,Mobile,0
+919577157591,Kuldeep Paul,Ahmedabad,Gujarat,Vodafone Idea,Mobile,0
+918450374067,Ganesh Joshi,Vijayawada,Andhra Pradesh,Jio,Mobile,0
+918368418001,Nisha Suri,Bhubaneswar,Odisha,Airtel,Mobile,0
+919748934123,Arjun Ahuja,Gwalior,Madhya Pradesh,Airtel,Mobile,0
+918092641780,Rakesh Malhotra,Surat,Gujarat,BSNL,Mobile,0
+918974469578,Gaurav Mir,Bangalore,Karnataka,BSNL,Mobile,0
+919712947196,Vinod Modi,Guwahati,Assam,BSNL,Mobile,0
+919033357688,Gaurav Gupta,Faridabad,Haryana,Jio,Mobile,0
+919514259680,Usha Sarkar,Navi Mumbai,Maharashtra,Vodafone Idea,Mobile,0
+917340304123,Sanjiv Shekhawat,Tiruchirappalli,Tamil Nadu,BSNL,Mobile,0
+917857696772,Ansh Chatterjee,Raipur,Chhattisgarh,Jio,Mobile,0
+919492498892,Ramesh Saikia,Ahmedabad,Gujarat,Vodafone Idea,Mobile,0
+917891092346,Diya Wani,Gurugram,Haryana,Jio,Mobile,0
+918225694065,Anvi Bose,Delhi,Delhi,Vodafone Idea,Mobile,0
+916389794705,Reema Verma,Allahabad,Uttar Pradesh,BSNL,Mobile,0
+918169038354,Uma Dar,Bhopal,Madhya Pradesh,BSNL,Mobile,0
+918822227268,Rahul Kulkarni,Rajkot,Gujarat,Jio,Mobile,0
+917439541708,Manoj Banerjee,Jammu,Jammu & Kashmir,Jio,Mobile,0
+917697177117,Satish Singhal,Salem,Tamil Nadu,Airtel,Mobile,0
+919913573084,Anika Rao,Vadodara,Gujarat,BSNL,Mobile,0
+917452438910,Paresh Jain,Guwahati,Assam,BSNL,Mobile,0
+918565489214,Nisha Mehta,Thiruvananthapuram,Kerala,Vodafone Idea,Mobile,0
+919911808152,Rahul Rajput,Agra,Uttar Pradesh,BSNL,Mobile,0
+919722826425,Ananya Gupta,Noida,Uttar Pradesh,BSNL,Mobile,0
+918551919967,Yash Menon,Srinagar,Jammu & Kashmir,Vodafone Idea,Mobile,0
+919260627821,Yash Tandon,Jodhpur,Rajasthan,Jio,Mobile,0
+919185198756,Reshma Bisht,Jabalpur,Madhya Pradesh,Jio,Mobile,0
+918964010308,Vipul Biswas,Mangalore,Karnataka,Vodafone Idea,Mobile,0
+918544670899,Swati Mathur,Surat,Gujarat,Jio,Mobile,0
+919644673679,Manju Tiwari,Bhubaneswar,Odisha,Jio,Mobile,0
+917069001344,Rashmi Tiwari,Ranchi,Jharkhand,Airtel,Mobile,0
+916355807035,Brijesh Thakur,Patna,Bihar,Airtel,Mobile,0
+918883739474,Uma Saikia,Lucknow,Uttar Pradesh,Jio,Mobile,0
+919572382269,Sunil Wani,Pune,Maharashtra,Airtel,Mobile,0
+917969639056,Mahesh Nair,Chennai,Tamil Nadu,BSNL,Mobile,0
+917350572441,Harish Rathore,Pune,Maharashtra,Vodafone Idea,Mobile,0
+916349807906,Kishan Solanki,Raipur,Chhattisgarh,Jio,Mobile,0
+917948559143,Ansh Kurup,Visakhapatnam,Andhra Pradesh,Airtel,Mobile,0
+917165293772,Nandini Das,Patna,Bihar,BSNL,Mobile,0
+917156862638,Aarohi Pandey,Ludhiana,Punjab,Jio,Mobile,0
+918146206404,Myra Tiwari,Varanasi,Uttar Pradesh,Airtel,Mobile,0
+919257487702,Aanya Kaul,Chennai,Tamil Nadu,BSNL,Mobile,0
+917650694067,Ravi Shinde,Jabalpur,Madhya Pradesh,BSNL,Mobile,0
+919920409956,Jayesh Singhal,Ranchi,Jharkhand,Vodafone Idea,Mobile,0
+917324051269,Nikhil Jadeja,Dehradun,Uttarakhand,Airtel,Mobile,0
+917768435041,Neha Chakraborty,Chandigarh,Punjab,Vodafone Idea,Mobile,0
+919792360555,Sai Kurup,Mysore,Karnataka,Vodafone Idea,Mobile,0
+917577296753,Jayesh Tomar,Tiruchirappalli,Tamil Nadu,Vodafone Idea,Mobile,0
+917939831458,Aditya Chauhan,Noida,Uttar Pradesh,Airtel,Mobile,0
+918222295274,Garima Modi,Mumbai,Maharashtra,BSNL,Mobile,0
+918838420409,Advik Kulkarni,Gurugram,Haryana,Vodafone Idea,Mobile,0
+917639958418,Vijay Bhatia,Ludhiana,Punjab,Vodafone Idea,Mobile,0
+919610435080,Ayaan Das,Dehradun,Uttarakhand,Airtel,Mobile,0
+919261759948,Alpesh Naidu,Salem,Tamil Nadu,Jio,Mobile,0
+919063291712,Kapil Pandey,Nashik,Maharashtra,Jio,Mobile,0
+919042136199,Myra Shinde,Chandigarh,Punjab,Airtel,Mobile,0
+917256056674,Vinita More,Mysore,Karnataka,Airtel,Mobile,0
+918776794508,Nitin Shekhawat,Kochi,Kerala,Airtel,Mobile,0
+917779347271,Geeta Hegde,Chennai,Tamil Nadu,Airtel,Mobile,0
+917478808105,Nitesh Dhawan,Mysore,Karnataka,Jio,Mobile,0
+919590896416,Aarush Sharma,Faridabad,Haryana,Airtel,Mobile,0
+918685348501,Padma Chatterjee,Patna,Bihar,Jio,Mobile,0
+918024989742,Rohan Desai,Ghaziabad,Uttar Pradesh,BSNL,Mobile,0
+917474899934,Kiran Kumar,Ludhiana,Punjab,BSNL,Mobile,0
+916016267957,Mohit Khare,Bhubaneswar,Odisha,BSNL,Mobile,0
+917980972101,Arun Solanki,Tiruchirappalli,Tamil Nadu,BSNL,Mobile,0
+918394513355,Rohit Paul,Kanpur,Uttar Pradesh,Vodafone Idea,Mobile,0
+918746351205,Sneha Goyal,Bangalore,Karnataka,Airtel,Mobile,0
+919716881079,Anika Rao,Dehradun,Uttarakhand,Jio,Mobile,0
+917186525273,Nitesh Gogoi,Guwahati,Assam,BSNL,Mobile,0
+917522827806,Pari Suri,Faridabad,Haryana,Airtel,Mobile,0
+919312302514,Karthik Yadav,Pune,Maharashtra,Vodafone Idea,Mobile,0
+918097944825,Amita Naidu,Delhi,Delhi,Jio,Mobile,0
+918077438586,Vishal Vaghela,Patna,Bihar,Airtel,Mobile,0
+916049995913,Sunil Dutta,Mangalore,Karnataka,Jio,Mobile,0
+916072646504,Shaurya Chauhan,Faridabad,Haryana,Airtel,Mobile,0
+916113595382,Simran Naidu,Dehradun,Uttarakhand,BSNL,Mobile,0
+918855571200,Manju Mathur,Surat,Gujarat,Airtel,Mobile,0
+917082059663,Diya Thakur,Mysore,Karnataka,BSNL,Mobile,0
+917868543413,Geeta Dey,Varanasi,Uttar Pradesh,Jio,Mobile,0
+918774609659,Gaurav Kamath,Hyderabad,Telangana,Jio,Mobile,0
+917963251214,Nitin Thakur,Jodhpur,Rajasthan,Jio,Mobile,0
+917972373074,Padma Chauhan,Jammu,Jammu & Kashmir,Jio,Mobile,0
+918282960090,Mukesh Patil,Indore,Madhya Pradesh,Jio,Mobile,0
+919785016869,Sai Jain,Rajkot,Gujarat,Airtel,Mobile,0
+916139401786,Umesh Iyer,Bhubaneswar,Odisha,Vodafone Idea,Mobile,0
+919893223125,Sarita Talwar,Lucknow,Uttar Pradesh,Jio,Mobile,0
+919085539938,Manju Shukla,Aurangabad,Maharashtra,Airtel,Mobile,0
+917641295586,Nisha Verma,Jabalpur,Madhya Pradesh,Vodafone Idea,Mobile,0
+918050860739,Pari Choudhary,Vadodara,Gujarat,Jio,Mobile,0
+919493870636,Yogesh Paul,Nashik,Maharashtra,BSNL,Mobile,0
+918352322668,Tushar Suri,Belgaum,Karnataka,Vodafone Idea,Mobile,0
+917840436040,Sneha Joshi,Mumbai,Maharashtra,Airtel,Mobile,0
+919154101557,Aarohi Choudhary,Delhi,Delhi,BSNL,Mobile,0
+918223936656,Rahul Mandal,Bangalore,Karnataka,Jio,Mobile,0
+917399925416,Tushar Negi,Gwalior,Madhya Pradesh,BSNL,Mobile,0
+918619199398,Tushar Dar,Jodhpur,Rajasthan,Vodafone Idea,Mobile,0
+917989275441,Pari Shekhawat,Agra,Uttar Pradesh,Airtel,Mobile,0
+917942446061,Sukhpreet Dutta,Hyderabad,Telangana,BSNL,Mobile,0
+918323420246,Arnav Dhawan,Lucknow,Uttar Pradesh,Vodafone Idea,Mobile,0
+919827189354,Rudra Dubey,Coimbatore,Tamil Nadu,Vodafone Idea,Mobile,0
+916198620956,Asha Choudhary,Amritsar,Punjab,BSNL,Mobile,0
+918428991345,Lalita Solanki,Noida,Uttar Pradesh,Jio,Mobile,0
+919092629162,Ananya Khanna,Faridabad,Haryana,Vodafone Idea,Mobile,0
+918595241520,Ravi Sarkar,Salem,Tamil Nadu,BSNL,Mobile,0
+917638885056,Anita Pillai,Allahabad,Uttar Pradesh,Vodafone Idea,Mobile,0
+918847063288,Rajeev Tiwari,Hubli,Karnataka,Vodafone Idea,Mobile,0
+919279793889,Kiran Reddy,Amritsar,Punjab,Airtel,Mobile,0
+916286648839,Amit Gupta,Madurai,Tamil Nadu,Airtel,Mobile,0
+916015482483,Namita Desai,Noida,Uttar Pradesh,Vodafone Idea,Mobile,0
+918548746558,Alpesh Rao,Kanpur,Uttar Pradesh,Airtel,Mobile,0
+919851127826,Kiran Raina,Bangalore,Karnataka,Jio,Mobile,0
+919289643615,Jaspreet Chauhan,Udaipur,Rajasthan,BSNL,Mobile,0
+917993342711,Ajay Suri,Raipur,Chhattisgarh,BSNL,Mobile,0
+916035558166,Rachna More,Salem,Tamil Nadu,Airtel,Mobile,0
+917859526601,Gaurav Verma,Noida,Uttar Pradesh,Jio,Mobile,0
+917265322675,Tushar Mehra,Kolkata,West Bengal,Jio,Mobile,0
+918852746334,Shikha Chakraborty,Salem,Tamil Nadu,Vodafone Idea,Mobile,0
+918271584281,Raman Khare,Surat,Gujarat,Airtel,Mobile,0
+917528291290,Smita Verma,Thiruvananthapuram,Kerala,BSNL,Mobile,0
+919098165198,Jaspreet Mehra,Bangalore,Karnataka,Jio,Mobile,0
+919333888532,Naresh Shetty,Jammu,Jammu & Kashmir,Airtel,Mobile,0
+917688110686,Nandini Jadeja,Kochi,Kerala,Jio,Mobile,0
+916225654533,Rakesh Shah,Gwalior,Madhya Pradesh,Jio,Mobile,0
+917758616746,Ajay Pant,Udaipur,Rajasthan,Airtel,Mobile,0
+917029482248,Mohan Sen,Varanasi,Uttar Pradesh,Airtel,Mobile,0
+919668760254,Swati Menon,Bhubaneswar,Odisha,Airtel,Mobile,0
+919417973569,Asha Singhal,Pune,Maharashtra,BSNL,Mobile,0
+916391380843,Sanjay Dey,Aurangabad,Maharashtra,Vodafone Idea,Mobile,0
+917834972416,Garima Paul,Rajkot,Gujarat,Jio,Mobile,0
+918973815131,Gurpreet Mir,Amritsar,Punjab,BSNL,Mobile,0
+917127729280,Shikha More,Delhi,Delhi,Jio,Mobile,0
+918958023800,Ananya Paul,Ludhiana,Punjab,Vodafone Idea,Mobile,0
+919391880188,Kunal Shetty,Raipur,Chhattisgarh,Vodafone Idea,Mobile,0
+918013029382,Rupesh Goyal,Guwahati,Assam,BSNL,Mobile,0
+918434484984,Jaspreet Wani,Ludhiana,Punjab,Vodafone Idea,Mobile,0
+919731227801,Deepak Gupta,Udaipur,Rajasthan,Airtel,Mobile,0
+919755205399,Tejinder Singh,Delhi,Delhi,Vodafone Idea,Mobile,0
+916251768644,Anika Bajaj,Gwalior,Madhya Pradesh,Vodafone Idea,Mobile,0
+917135961823,Padma More,Raipur,Chhattisgarh,Jio,Mobile,0
+916214188853,Uma Malhotra,Mangalore,Karnataka,BSNL,Mobile,0
+916289714692,Aarav Mir,Chennai,Tamil Nadu,BSNL,Mobile,0
+917280228634,Priya Solanki,Patna,Bihar,Jio,Mobile,0
+919092977932,Sunil Singhal,Ahmedabad,Gujarat,Airtel,Mobile,0
+918534678498,Navpreet Naidu,Thane,Maharashtra,Jio,Mobile,0
+918778512124,Rohan Mehta,Noida,Uttar Pradesh,Vodafone Idea,Mobile,0
+919293879762,Sukhpreet Deshmukh,Jabalpur,Madhya Pradesh,Airtel,Mobile,0
+919791665707,Ansh Pawar,Raipur,Chhattisgarh,Vodafone Idea,Mobile,0
+918460378142,Hitesh Tiwari,Coimbatore,Tamil Nadu,Airtel,Mobile,0
+916171631875,Pooja Bora,Jammu,Jammu & Kashmir,Jio,Mobile,0
+916210982950,Ganesh Mandal,Srinagar,Jammu & Kashmir,Jio,Mobile,0
+917029545570,Kuldeep Wani,Vadodara,Gujarat,Vodafone Idea,Mobile,0
+919641395601,Rohit Deshmukh,Hubli,Karnataka,Vodafone Idea,Mobile,0
+917920535020,Satish Mandal,Salem,Tamil Nadu,Airtel,Mobile,0
+919114272796,Hitesh Warrier,Ranchi,Jharkhand,Jio,Mobile,0
+917411116394,Sunil Mandal,Varanasi,Uttar Pradesh,Jio,Mobile,0
+917761217517,Chetan Rajput,Kochi,Kerala,BSNL,Mobile,0
+919795518966,Reshma Dubey,Kolkata,West Bengal,Jio,Mobile,0
+919429164280,Sara Negi,Noida,Uttar Pradesh,Vodafone Idea,Mobile,0
+918042056373,Jitesh Ghosh,Nashik,Maharashtra,BSNL,Mobile,0
+917544012343,Ashish Mehra,Varanasi,Uttar Pradesh,Vodafone Idea,Mobile,0
+918687838614,Navpreet Bajaj,Coimbatore,Tamil Nadu,Airtel,Mobile,0
+919898555135,Vinita Singhal,Shimla,Himachal Pradesh,Airtel,Mobile,0
+918460356898,Rashmi Mukherjee,Salem,Tamil Nadu,Jio,Mobile,0
+917863542988,Girish Sharma,Kochi,Kerala,BSNL,Mobile,0
+919264809281,Rekha Chatterjee,Navi Mumbai,Maharashtra,Airtel,Mobile,0
+916066786963,Aarav Mukherjee,Allahabad,Uttar Pradesh,BSNL,Mobile,0
+917977454801,Mukesh Pai,Guwahati,Assam,Vodafone Idea,Mobile,0
+916338635355,Asha Hegde,Delhi,Delhi,Airtel,Mobile,0
+917482115342,Harish Saxena,Hubli,Karnataka,Airtel,Mobile,0
+919669422973,Sneha Jadhav,Vijayawada,Andhra Pradesh,Vodafone Idea,Mobile,0
+917828182327,Rohan Bisht,Chennai,Tamil Nadu,Vodafone Idea,Mobile,0
+917651090264,Sushma Solanki,Ludhiana,Punjab,Vodafone Idea,Mobile,0
+917713908691,Arjun Kumar,Ghaziabad,Uttar Pradesh,Vodafone Idea,Mobile,0
+917478556433,Shikha Chopra,Ahmedabad,Gujarat,Jio,Mobile,0
+917750638095,Anika Sarkar,Belgaum,Karnataka,Airtel,Mobile,0
+918831028070,Bhavna Warrier,Jodhpur,Rajasthan,Airtel,Mobile,0
+917630286996,Deepak Sen,Jabalpur,Madhya Pradesh,Airtel,Mobile,0
+918926308228,Lakhan Thakur,Thane,Maharashtra,Jio,Mobile,0
+917087754926,Kiran More,Agra,Uttar Pradesh,BSNL,Mobile,0
+919559460009,Mohan Desai,Kanpur,Uttar Pradesh,Airtel,Mobile,0
+917395860569,Ansh Chopra,Kanpur,Uttar Pradesh,Jio,Mobile,0
+918989082425,Brijesh Mir,Hyderabad,Telangana,Jio,Mobile,0
+918858976858,Kiran Barua,Tiruchirappalli,Tamil Nadu,Airtel,Mobile,0
+918393461192,Priya Rawat,Patna,Bihar,Jio,Mobile,0
+919914263539,Tushar Kurup,Indore,Madhya Pradesh,Airtel,Mobile,0
+919124271848,Mukul Yadav,Nagpur,Maharashtra,BSNL,Mobile,0
+919259298956,Smita Sarkar,Faridabad,Haryana,Jio,Mobile,0
+919098649347,Manoj Reddy,Hubli,Karnataka,Airtel,Mobile,0
+917468083576,Varun Shetty,Kolkata,West Bengal,Airtel,Mobile,0
+919868033866,Diya Bose,Hyderabad,Telangana,Jio,Mobile,0
+918153088456,Gurpreet Choudhary,Ludhiana,Punjab,Vodafone Idea,Mobile,0
+916330860224,Rakesh Menon,Kochi,Kerala,BSNL,Mobile,0
+917420877420,Kiran Mathur,Chandigarh,Punjab,Airtel,Mobile,0
+918141698471,Satish Tomar,Thane,Maharashtra,BSNL,Mobile,0
+917928163778,Karthik Roy,Varanasi,Uttar Pradesh,Jio,Mobile,0
+919236683372,Yogesh Gogoi,Agra,Uttar Pradesh,BSNL,Mobile,0
+918293770475,Naveen Pandey,Mangalore,Karnataka,BSNL,Mobile,0
+917588311949,Uma Gupta,Noida,Uttar Pradesh,Jio,Mobile,0
+918524538723,Seema Warrier,Raipur,Chhattisgarh,Vodafone Idea,Mobile,0
+918951132615,Rahul Chauhan,Chennai,Tamil Nadu,Airtel,Mobile,0
+919054244248,Ramesh Chatterjee,Salem,Tamil Nadu,Airtel,Mobile,0
+919450341462,Kavita Tiwari,Jabalpur,Madhya Pradesh,Jio,Mobile,0
+919673859767,Ajay Tomar,Bhopal,Madhya Pradesh,Airtel,Mobile,0
+919717775416,Sunita Dhawan,Guwahati,Assam,Jio,Mobile,0
+919499220207,Vivaan Shah,Chennai,Tamil Nadu,Vodafone Idea,Mobile,0
+918028609111,Vandana Mir,Jaipur,Rajasthan,BSNL,Mobile,0
+918629030398,Neelam Choudhary,Raipur,Chhattisgarh,Vodafone Idea,Mobile,0
+918056489718,Swapna Kaul,Thane,Maharashtra,Jio,Mobile,0
+916234419882,Kishan Mitra,Surat,Gujarat,BSNL,Mobile,0
+918477725244,Vinod Mukherjee,Ghaziabad,Uttar Pradesh,BSNL,Mobile,0
+916379695069,Garima Bajaj,Bangalore,Karnataka,Jio,Mobile,0
+916314934819,Ritesh Bisht,Ahmedabad,Gujarat,Vodafone Idea,Mobile,0
+916033836895,Girish Roy,Tiruchirappalli,Tamil Nadu,Airtel,Mobile,0
+919865250958,Paresh Desai,Varanasi,Uttar Pradesh,Airtel,Mobile,0
+917911914395,Manoj Pillai,Dehradun,Uttarakhand,BSNL,Mobile,0
+916211437340,Naresh Sarkar,Thiruvananthapuram,Kerala,Vodafone Idea,Mobile,0
+917247734258,Deepa Wani,Ahmedabad,Gujarat,BSNL,Mobile,0
+918367491229,Sandeep Shinde,Jammu,Jammu & Kashmir,Airtel,Mobile,0
+917996094218,Lokesh Pandey,Hubli,Karnataka,Jio,Mobile,0
+916123877268,Rajesh Pandey,Belgaum,Karnataka,BSNL,Mobile,0
+916158648381,Sushma Joshi,Delhi,Delhi,Vodafone Idea,Mobile,0
+917665109435,Deepa Iyer,Kanpur,Uttar Pradesh,Vodafone Idea,Mobile,0
+918980223538,Rupesh Bhat,Hubli,Karnataka,Jio,Mobile,0
+919996484734,Lalita Kapoor,Tiruchirappalli,Tamil Nadu,Jio,Mobile,0
+917594656976,Poonam Joshi,Salem,Tamil Nadu,Jio,Mobile,0
+917968320802,Sai Mitra,Nagpur,Maharashtra,Airtel,Mobile,0
+919826934471,Anjali Saikia,Pune,Maharashtra,BSNL,Mobile,0
+919453534705,Yogesh Tripathi,Bhopal,Madhya Pradesh,Vodafone Idea,Mobile,0
+919887812282,Pankaj Mukherjee,Noida,Uttar Pradesh,Airtel,Mobile,0
+919241426325,Pradeep Shetty,Jaipur,Rajasthan,Airtel,Mobile,0
+918519909413,Shalini Kamath,Kanpur,Uttar Pradesh,Jio,Mobile,0
+919297566236,Sanjiv Arora,Dehradun,Uttarakhand,Jio,Mobile,0
+918392303550,Sunanda Shinde,Kanpur,Uttar Pradesh,Jio,Mobile,0
+919080518033,Reshma Biswas,Indore,Madhya Pradesh,BSNL,Mobile,0
+919462000635,Kuldeep Modi,Ghaziabad,Uttar Pradesh,Airtel,Mobile,0
+916310768542,Jitesh Sen,Gwalior,Madhya Pradesh,BSNL,Mobile,0
+919315106655,Harpreet Chatterjee,Hyderabad,Telangana,BSNL,Mobile,0
+919667215911,Pankaj Garg,Allahabad,Uttar Pradesh,Jio,Mobile,0
+919557291517,Rahul Kulkarni,Thiruvananthapuram,Kerala,Airtel,Mobile,0
+918445260748,Vinod Dey,Raipur,Chhattisgarh,BSNL,Mobile,0
+917336201726,Sukhpreet Dubey,Ahmedabad,Gujarat,Vodafone Idea,Mobile,0
+917415993773,Manpreet Khanna,Shimla,Himachal Pradesh,Airtel,Mobile,0
+919029640402,Neha Pandey,Chennai,Tamil Nadu,Airtel,Mobile,0
+918973529972,Rakesh Tandon,Salem,Tamil Nadu,BSNL,Mobile,0
+917616084205,Rashmi Dey,Chennai,Tamil Nadu,BSNL,Mobile,0
+919476317936,Girish Jadeja,Coimbatore,Tamil Nadu,Vodafone Idea,Mobile,0
+918138928626,Deepak Shukla,Noida,Uttar Pradesh,Airtel,Mobile,0
+917731420521,Sohan Pai,Mysore,Karnataka,BSNL,Mobile,0
+919353823918,Vinod Choudhary,Chandigarh,Punjab,BSNL,Mobile,0
+916336893781,Myra Pandey,Ludhiana,Punjab,Airtel,Mobile,0
+917051363331,Paresh Bhatia,Patna,Bihar,Vodafone Idea,Mobile,0
+916029526935,Sanjay Talwar,Ghaziabad,Uttar Pradesh,BSNL,Mobile,0
+916378792779,Yogesh Rathore,Hubli,Karnataka,Airtel,Mobile,0
+917778237326,Ansh Rathore,Chandigarh,Punjab,Vodafone Idea,Mobile,0
+919996859572,Sanjiv Patel,Amritsar,Punjab,Airtel,Mobile,0
+918522742424,Meera Yadav,Jabalpur,Madhya Pradesh,Vodafone Idea,Mobile,0
+918571008042,Manju Chauhan,Pune,Maharashtra,Airtel,Mobile,0
+917410289428,Sohan Gogoi,Salem,Tamil Nadu,Airtel,Mobile,0
+916228966783,Sunita Kurup,Vadodara,Gujarat,BSNL,Mobile,0
+918266711405,Geeta Chatterjee,Thiruvananthapuram,Kerala,BSNL,Mobile,0
+918183568475,Garima Banerjee,Nashik,Maharashtra,Jio,Mobile,0
+919732601387,Pari Jadeja,Jammu,Jammu & Kashmir,Vodafone Idea,Mobile,0
+918369783224,Mohan Ahuja,Belgaum,Karnataka,BSNL,Mobile,0
+919968462433,Aanya Khare,Dehradun,Uttarakhand,Airtel,Mobile,0
+917630887673,Sachin Shukla,Amritsar,Punjab,Jio,Mobile,0
+918850268964,Pradeep Tiwari,Bangalore,Karnataka,Airtel,Mobile,0
+917388280451,Rupesh Singh,Rajkot,Gujarat,Airtel,Mobile,0
+919860012016,Kunal Paul,Visakhapatnam,Andhra Pradesh,Vodafone Idea,Mobile,0
+916157414235,Brijesh Shinde,Tiruchirappalli,Tamil Nadu,Airtel,Mobile,0
+918527844215,Lalita Kumar,Guwahati,Assam,Airtel,Mobile,0
+918981094446,Kishan Chopra,Bhopal,Madhya Pradesh,Vodafone Idea,Mobile,0
+919960756098,Puneet Shinde,Hubli,Karnataka,Airtel,Mobile,0
+917740869436,Paresh Sen,Noida,Uttar Pradesh,Airtel,Mobile,0
+919087461661,Satish Garg,Shimla,Himachal Pradesh,Airtel,Mobile,0
+917778490374,Dhruv Jain,Ranchi,Jharkhand,Jio,Mobile,0
+918892835939,Rakesh Ghosh,Thane,Maharashtra,Jio,Mobile,0
+917838612326,Pradeep Ahuja,Hyderabad,Telangana,Vodafone Idea,Mobile,0
+918086494388,Usha Deshmukh,Srinagar,Jammu & Kashmir,Jio,Mobile,0
+917511293316,Brijesh Rajput,Madurai,Tamil Nadu,Airtel,Mobile,0
+917399759570,Sachin Chatterjee,Rajkot,Gujarat,Vodafone Idea,Mobile,0
+919537194092,Bhavna Singh,Aurangabad,Maharashtra,BSNL,Mobile,0
+917579692098,Atharv Rajput,Lucknow,Uttar Pradesh,BSNL,Mobile,0
+918877558419,Nisha Rajput,Ludhiana,Punjab,Airtel,Mobile,0
+917066798570,Lakhan Shah,Visakhapatnam,Andhra Pradesh,Airtel,Mobile,0
+916362678865,Vikram Rajput,Srinagar,Jammu & Kashmir,BSNL,Mobile,0
+918936476553,Rahul Deshmukh,Chandigarh,Punjab,Jio,Mobile,0
+918924431929,Ritu Naidu,Navi Mumbai,Maharashtra,Airtel,Mobile,0
+917659776253,Reema Modi,Mysore,Karnataka,Airtel,Mobile,0
+918268741080,Padma Rathore,Chennai,Tamil Nadu,Airtel,Mobile,0
+919066208478,Lalit Dar,Madurai,Tamil Nadu,BSNL,Mobile,0
+917520501707,Namita Malhotra,Faridabad,Haryana,BSNL,Mobile,0
+917921698578,Vikram Agarwal,Coimbatore,Tamil Nadu,Jio,Mobile,0
+919092594427,Neha Yadav,Mumbai,Maharashtra,Jio,Mobile,0
+919785808386,Dinesh Tomar,Bangalore,Karnataka,Vodafone Idea,Mobile,0
+918553174645,Sachin Mir,Indore,Madhya Pradesh,Airtel,Mobile,0
+918610472292,Amit Saxena,Chennai,Tamil Nadu,Vodafone Idea,Mobile,0
+918567535723,Shravan Mukherjee,Madurai,Tamil Nadu,Vodafone Idea,Mobile,0
+916211529355,Preeti Biswas,Varanasi,Uttar Pradesh,Jio,Mobile,0
+919088332156,Aanya Reddy,Dehradun,Uttarakhand,Jio,Mobile,0
+917435420325,Sapna Parmar,Coimbatore,Tamil Nadu,Jio,Mobile,0
+918060833730,Shaurya Rajput,Allahabad,Uttar Pradesh,Jio,Mobile,0
+918370116110,Deepa Saxena,Jabalpur,Madhya Pradesh,Airtel,Mobile,0
+918733821819,Deepa Verma,Shimla,Himachal Pradesh,BSNL,Mobile,0
+919763456378,Lakshmi Talwar,Raipur,Chhattisgarh,Airtel,Mobile,0
+919459112641,Shikha Gogoi,Jaipur,Rajasthan,Jio,Mobile,0
+919782768522,Uma Verma,Vijayawada,Andhra Pradesh,Vodafone Idea,Mobile,0
+917560114072,Roshan Suri,Kanpur,Uttar Pradesh,Jio,Mobile,0
+916052851730,Myra Saxena,Noida,Uttar Pradesh,Vodafone Idea,Mobile,0
+917362706002,Vandana Sen,Salem,Tamil Nadu,Vodafone Idea,Mobile,0
+919211611154,Sneha Chauhan,Thane,Maharashtra,Vodafone Idea,Mobile,0
+917014096098,Sneha Gupta,Mangalore,Karnataka,BSNL,Mobile,0
+919912627148,Rekha Sethi,Surat,Gujarat,Airtel,Mobile,0
+919866992518,Sunil Shukla,Agra,Uttar Pradesh,Airtel,Mobile,0
+917362453476,Amit Modi,Belgaum,Karnataka,Vodafone Idea,Mobile,0
+919976183377,Anjali Mir,Udaipur,Rajasthan,Airtel,Mobile,0
+918339452696,Pari Shetty,Ranchi,Jharkhand,BSNL,Mobile,0
+916174237408,Vinita Dhawan,Lucknow,Uttar Pradesh,BSNL,Mobile,0
+919042259489,Manpreet Bhatia,Visakhapatnam,Andhra Pradesh,Vodafone Idea,Mobile,0
+918473473661,Karthik Iyer,Ranchi,Jharkhand,Vodafone Idea,Mobile,0
+917531542739,Aadhya Modi,Navi Mumbai,Maharashtra,Jio,Mobile,0
+919539380671,Nikhil Rajput,Jammu,Jammu & Kashmir,Vodafone Idea,Mobile,0
+919630246414,Vinita Parmar,Mangalore,Karnataka,Jio,Mobile,0
+919063685135,Pradeep Pawar,Srinagar,Jammu & Kashmir,Airtel,Mobile,0
+917031079843,Atharv Modi,Bhubaneswar,Odisha,Vodafone Idea,Mobile,0
+919368708657,Jyoti Mathur,Ahmedabad,Gujarat,Jio,Mobile,0
+918074550183,Nandini Bhatia,Srinagar,Jammu & Kashmir,BSNL,Mobile,0
+919061896093,Jyoti Mir,Madurai,Tamil Nadu,BSNL,Mobile,0
+918479488734,Padma Vaghela,Nashik,Maharashtra,Airtel,Mobile,0
+918160712812,Vijay Arora,Mumbai,Maharashtra,BSNL,Mobile,0
+919039045718,Sneha Shinde,Belgaum,Karnataka,Airtel,Mobile,0
+918752959444,Rupesh Mukherjee,Mangalore,Karnataka,Jio,Mobile,0
+917588703776,Pradeep Negi,Gwalior,Madhya Pradesh,Jio,Mobile,0
+919945761699,Jyoti Singh,Vijayawada,Andhra Pradesh,Vodafone Idea,Mobile,0
+916284634104,Rahul Goyal,Thiruvananthapuram,Kerala,Airtel,Mobile,0
+917620323693,Chetan Gowda,Udaipur,Rajasthan,Airtel,Mobile,0
+917634839126,Geeta Yadav,Ghaziabad,Uttar Pradesh,Jio,Mobile,0
+917166766399,Sushma Arora,Gwalior,Madhya Pradesh,Airtel,Mobile,0
+919623294614,Sapna Rajput,Mumbai,Maharashtra,BSNL,Mobile,0
+917718472350,Yash Deshmukh,Chennai,Tamil Nadu,Airtel,Mobile,0
+917626351190,Deepak Pandey,Amritsar,Punjab,BSNL,Mobile,0
+917317354491,Manju Biswas,Jodhpur,Rajasthan,Vodafone Idea,Mobile,0
+918119130237,Navpreet Menon,Madurai,Tamil Nadu,Jio,Mobile,0
+916111156151,Lokesh Jain,Shimla,Himachal Pradesh,Jio,Mobile,0
+918153433342,Seema Bose,Aurangabad,Maharashtra,Jio,Mobile,0
+917548660569,Nisha More,Varanasi,Uttar Pradesh,Vodafone Idea,Mobile,0
+918867279136,Anjali Talwar,Hubli,Karnataka,Airtel,Mobile,0
+917286570892,Umesh Verma,Mangalore,Karnataka,Jio,Mobile,0
+917163376310,Nitesh Solanki,Vijayawada,Andhra Pradesh,BSNL,Mobile,0
+917033514775,Mahesh Pawar,Visakhapatnam,Andhra Pradesh,Jio,Mobile,0
+918975841134,Sunita Mukherjee,Varanasi,Uttar Pradesh,BSNL,Mobile,0
+917717777970,Sunanda Warrier,Belgaum,Karnataka,Airtel,Mobile,0
+917094394412,Lakshmi Malhotra,Jaipur,Rajasthan,Jio,Mobile,0
+916231887600,Nisha Mukherjee,Belgaum,Karnataka,BSNL,Mobile,0
+919390300857,Amit Bhat,Chennai,Tamil Nadu,Vodafone Idea,Mobile,0
+919616937589,Vipul Jadeja,Madurai,Tamil Nadu,Airtel,Mobile,0
+918918999165,Ajay Dutta,Delhi,Delhi,Airtel,Mobile,0
+919375999881,Archana Bhatia,Thiruvananthapuram,Kerala,BSNL,Mobile,0
+918398952188,Nandini Chauhan,Gwalior,Madhya Pradesh,BSNL,Mobile,0
+918381587978,Kapil Warrier,Raipur,Chhattisgarh,Jio,Mobile,0
+919357722984,Hitesh Kaul,Chandigarh,Punjab,Jio,Mobile,0
+918291291677,Kishan Solanki,Amritsar,Punjab,Jio,Mobile,0
+918210876005,Ayaan Bisht,Patna,Bihar,Jio,Mobile,0
+919734652975,Savita Pillai,Faridabad,Haryana,Vodafone Idea,Mobile,0
+919443688731,Neelam Choudhary,Coimbatore,Tamil Nadu,BSNL,Mobile,0
+918167913213,Jyoti Kapoor,Nagpur,Maharashtra,Jio,Mobile,0
+919028134498,Mukesh Gogoi,Chandigarh,Punjab,Jio,Mobile,0
+917456161405,Rajesh Bhat,Coimbatore,Tamil Nadu,BSNL,Mobile,0
+917340332624,Rashmi Naidu,Indore,Madhya Pradesh,Vodafone Idea,Mobile,0
+917411955136,Suresh Negi,Chennai,Tamil Nadu,Vodafone Idea,Mobile,0
+918577459329,Poonam Desai,Jodhpur,Rajasthan,Jio,Mobile,0
+917331889026,Simran Kurup,Udaipur,Rajasthan,Airtel,Mobile,0
+917320816146,Sarita Warrier,Indore,Madhya Pradesh,Airtel,Mobile,0
+917927002369,Mohan Dubey,Gurugram,Haryana,Jio,Mobile,0
+917980601707,Vinod Chopra,Mangalore,Karnataka,Vodafone Idea,Mobile,0
+917634978177,Suresh Mishra,Ghaziabad,Uttar Pradesh,Airtel,Mobile,0
+917913048644,Reshma Negi,Aurangabad,Maharashtra,Jio,Mobile,0
+919314478928,Shaurya Agarwal,Mysore,Karnataka,Airtel,Mobile,0
+918541989262,Preeti Biswas,Hubli,Karnataka,Jio,Mobile,0
+918610510149,Rahul Bhatia,Amritsar,Punjab,BSNL,Mobile,0
+918479656008,Atharv Rao,Mangalore,Karnataka,Jio,Mobile,0
+918181529282,Poonam Rao,Ghaziabad,Uttar Pradesh,Jio,Mobile,0
+916025700573,Tejinder Deshmukh,Shimla,Himachal Pradesh,BSNL,Mobile,0
+918260092908,Suresh Yadav,Hyderabad,Telangana,Vodafone Idea,Mobile,0
+917678913026,Shalini Suri,Kochi,Kerala,Vodafone Idea,Mobile,0
+918955555445,Rajesh Yadav,Jammu,Jammu & Kashmir,Airtel,Mobile,0
+917643295844,Neelam Jadhav,Raipur,Chhattisgarh,Jio,Mobile,0
+918113912253,Ganesh Dubey,Chandigarh,Punjab,Vodafone Idea,Mobile,0
+919352456088,Jyoti Sarkar,Mumbai,Maharashtra,Airtel,Mobile,0
+916195743900,Ravi Saikia,Chennai,Tamil Nadu,Jio,Mobile,0
+918950567776,Rajesh Pant,Amritsar,Punjab,Jio,Mobile,0
+918281789090,Mukesh Kaul,Agra,Uttar Pradesh,BSNL,Mobile,0
+916176809603,Aarohi Chauhan,Lucknow,Uttar Pradesh,Vodafone Idea,Mobile,0
+919165776262,Mohit Rao,Mumbai,Maharashtra,Vodafone Idea,Mobile,0
+916159117187,Deepa Ghosh,Ghaziabad,Uttar Pradesh,Vodafone Idea,Mobile,0
+916243200803,Meera Rawat,Chandigarh,Punjab,Jio,Mobile,0
+917221089606,Aarohi Bora,Hubli,Karnataka,Airtel,Mobile,0
+917773195450,Vivaan Bose,Amritsar,Punjab,BSNL,Mobile,0
+919272223586,Nitin Mitra,Aurangabad,Maharashtra,Airtel,Mobile,0
+918782901893,Reema Khare,Udaipur,Rajasthan,BSNL,Mobile,0
+917670333446,Archana Pai,Kolkata,West Bengal,Jio,Mobile,0
+919178996290,Aadhya Naidu,Hyderabad,Telangana,Vodafone Idea,Mobile,0
+918319749226,Nitin Rao,Madurai,Tamil Nadu,Vodafone Idea,Mobile,0
+917895722674,Lakshmi Mishra,Chennai,Tamil Nadu,Jio,Mobile,0
+918643285690,Naveen Sethi,Vijayawada,Andhra Pradesh,Airtel,Mobile,0
+916047479134,Kavita Roy,Amritsar,Punjab,BSNL,Mobile,0
+916285376049,Pradeep Patil,Coimbatore,Tamil Nadu,BSNL,Mobile,0
+918380097236,Dhruv Vaghela,Vadodara,Gujarat,BSNL,Mobile,0
+919820646676,Jyoti Pant,Ludhiana,Punjab,Airtel,Mobile,0
+918756334730,Priya Sethi,Hyderabad,Telangana,Vodafone Idea,Mobile,0
+918168653450,Namita Bhat,Lucknow,Uttar Pradesh,BSNL,Mobile,0
+917493158762,Aditya Jadeja,Vijayawada,Andhra Pradesh,Airtel,Mobile,0
+918298266749,Divya Wani,Salem,Tamil Nadu,Vodafone Idea,Mobile,0
+918190062049,Rohan Mitra,Bhopal,Madhya Pradesh,Airtel,Mobile,0
+917545841508,Sandeep Kurup,Gwalior,Madhya Pradesh,Vodafone Idea,Mobile,0
+918677687846,Simran Malhotra,Vadodara,Gujarat,Jio,Mobile,0
+918147668583,Deepa Menon,Dehradun,Uttarakhand,Jio,Mobile,0
+918927189223,Divya Sen,Guwahati,Assam,BSNL,Mobile,0
+918288334908,Ansh Kapoor,Guwahati,Assam,Airtel,Mobile,0
+917356674942,Manpreet Patil,Varanasi,Uttar Pradesh,Airtel,Mobile,0
+916126372098,Lokesh Hegde,Kochi,Kerala,BSNL,Mobile,0
+918437651489,Sunita Choudhary,Lucknow,Uttar Pradesh,Airtel,Mobile,0
+917020617461,Padma Nair,Visakhapatnam,Andhra Pradesh,Jio,Mobile,0
+918252460791,Vishal Patel,Guwahati,Assam,Jio,Mobile,0
+919121486815,Pankaj Singh,Indore,Madhya Pradesh,Airtel,Mobile,0
+917735089215,Sushma Shetty,Indore,Madhya Pradesh,Vodafone Idea,Mobile,0
+917286262543,Yogesh Reddy,Hyderabad,Telangana,Vodafone Idea,Mobile,0
+918910228431,Suresh Banerjee,Raipur,Chhattisgarh,BSNL,Mobile,0
+919037486454,Sarita Khare,Lucknow,Uttar Pradesh,Jio,Mobile,0
+918676910230,Yash Bora,Kanpur,Uttar Pradesh,BSNL,Mobile,0
+919883380410,Dhruv Pillai,Ludhiana,Punjab,Vodafone Idea,Mobile,0
+919436274826,Rahul Chatterjee,Nagpur,Maharashtra,BSNL,Mobile,0
+918918094793,Kishan Reddy,Agra,Uttar Pradesh,Jio,Mobile,0
+917235287434,Simran Joshi,Bhubaneswar,Odisha,Airtel,Mobile,0
+919822217318,Rudra Mishra,Coimbatore,Tamil Nadu,Jio,Mobile,0
+916184042585,Neha Naidu,Noida,Uttar Pradesh,Jio,Mobile,0
+919999044553,Reshma Dubey,Lucknow,Uttar Pradesh,Jio,Mobile,0
+917487863298,Ajay Agarwal,Pune,Maharashtra,Vodafone Idea,Mobile,0
+917033409840,Tejinder Roy,Ludhiana,Punjab,BSNL,Mobile,0
+919533913036,Sunita Saxena,Amritsar,Punjab,Jio,Mobile,0
+918013993471,Lokesh Mir,Indore,Madhya Pradesh,Airtel,Mobile,0
+916328873353,Brijesh Bhatia,Hyderabad,Telangana,Airtel,Mobile,0
+919051046574,Anvi Chopra,Faridabad,Haryana,Vodafone Idea,Mobile,0
+918734113951,Sapna Bose,Bhubaneswar,Odisha,BSNL,Mobile,0
+918256135055,Shravan Shetty,Ranchi,Jharkhand,BSNL,Mobile,0
+918347388710,Nisha Bisht,Thiruvananthapuram,Kerala,BSNL,Mobile,0
+919698935170,Asha Dhawan,Bhubaneswar,Odisha,Vodafone Idea,Mobile,0
+917480494129,Vihaan Dubey,Raipur,Chhattisgarh,Airtel,Mobile,0
+919832036478,Reshma Bajaj,Surat,Gujarat,Jio,Mobile,0
+919263267075,Vinita Sharma,Hyderabad,Telangana,BSNL,Mobile,0
+919373021584,Uma Menon,Mumbai,Maharashtra,Vodafone Idea,Mobile,0
+919625837514,Pradeep Chauhan,Ahmedabad,Gujarat,Airtel,Mobile,0
+918495714554,Diya Reddy,Jodhpur,Rajasthan,Airtel,Mobile,0
+919050073056,Amanpreet Bajaj,Chandigarh,Punjab,Jio,Mobile,0
+916073669159,Vivaan Rao,Gwalior,Madhya Pradesh,Vodafone Idea,Mobile,0
+917323345343,Hitesh Pant,Visakhapatnam,Andhra Pradesh,BSNL,Mobile,0
+917085740689,Ananya Rao,Jodhpur,Rajasthan,Vodafone Idea,Mobile,0
+918134887303,Reema Bose,Surat,Gujarat,BSNL,Mobile,0
+918460366105,Raman Thakur,Allahabad,Uttar Pradesh,BSNL,Mobile,0
+918769847718,Smita Pawar,Gwalior,Madhya Pradesh,BSNL,Mobile,0
+917317121087,Aanya Tiwari,Udaipur,Rajasthan,Airtel,Mobile,0
+918576160931,Paresh Mir,Udaipur,Rajasthan,Airtel,Mobile,0
+917887710974,Sara Goyal,Shimla,Himachal Pradesh,Airtel,Mobile,0
+918566631048,Nikhil Kumar,Aurangabad,Maharashtra,BSNL,Mobile,0
+919098539413,Amita Dutta,Salem,Tamil Nadu,Vodafone Idea,Mobile,0
+918341372585,Meera Ahuja,Surat,Gujarat,Vodafone Idea,Mobile,0
+917678134407,Jaspreet Patil,Nashik,Maharashtra,Airtel,Mobile,0
+916185272392,Geeta Joshi,Pune,Maharashtra,Jio,Mobile,0
+918016290153,Swati Bora,Raipur,Chhattisgarh,Jio,Mobile,0
+917561726576,Suresh Choudhary,Patna,Bihar,BSNL,Mobile,0
+918019210353,Shravan Gupta,Navi Mumbai,Maharashtra,Jio,Mobile,0
+919882426496,Jayesh Tiwari,Ludhiana,Punjab,BSNL,Mobile,0
+919474840938,Divya Shinde,Nashik,Maharashtra,Airtel,Mobile,0
+916187406945,Aarav Mishra,Chennai,Tamil Nadu,Jio,Mobile,0
+918096570302,Rupesh Dey,Aurangabad,Maharashtra,BSNL,Mobile,0
+919448718719,Sunanda Joshi,Bhubaneswar,Odisha,Vodafone Idea,Mobile,0
+916286974846,Naman Mukherjee,Nashik,Maharashtra,Airtel,Mobile,0
+917861318613,Pradeep Gowda,Jaipur,Rajasthan,BSNL,Mobile,0
+917966408811,Yash Talwar,Udaipur,Rajasthan,BSNL,Mobile,0
+916362615235,Anita Rao,Kolkata,West Bengal,Vodafone Idea,Mobile,0
+918672745391,Priya Khare,Vadodara,Gujarat,Airtel,Mobile,0
+917030346276,Namita Yadav,Jaipur,Rajasthan,Airtel,Mobile,0
+917058251377,Seema Jadeja,Guwahati,Assam,BSNL,Mobile,0
+918689157592,Simran Raina,Rajkot,Gujarat,Airtel,Mobile,0
+919660671226,Jaspreet Arora,Vadodara,Gujarat,Jio,Mobile,0
+917658411060,Rekha Bose,Navi Mumbai,Maharashtra,Airtel,Mobile,0
+917818598014,Arun Menon,Bangalore,Karnataka,Jio,Mobile,0
+917422126376,Gaurav Shetty,Noida,Uttar Pradesh,Vodafone Idea,Mobile,0
+917099612856,Lalit Sen,Belgaum,Karnataka,BSNL,Mobile,0
+919519680955,Sunita Mandal,Ranchi,Jharkhand,Jio,Mobile,0
+917982293445,Sapna Barua,Pune,Maharashtra,BSNL,Mobile,0
+917887878322,Pradeep Solanki,Madurai,Tamil Nadu,BSNL,Mobile,0
+917454293042,Ananya Tiwari,Varanasi,Uttar Pradesh,Jio,Mobile,0
+916063712428,Kiran Shinde,Kanpur,Uttar Pradesh,Airtel,Mobile,0
+919057995074,Yogesh Pandey,Madurai,Tamil Nadu,Airtel,Mobile,0
+917813382262,Naresh Mehra,Noida,Uttar Pradesh,BSNL,Mobile,0
+919963451440,Asha Jadeja,Salem,Tamil Nadu,BSNL,Mobile,0
+918258343014,Mohan Bisht,Surat,Gujarat,Jio,Mobile,0
+917256797572,Pavan Sen,Navi Mumbai,Maharashtra,Airtel,Mobile,0
+917072383125,Naman Reddy,Lucknow,Uttar Pradesh,Jio,Mobile,0
+918669859941,Pankaj Kapoor,Allahabad,Uttar Pradesh,Jio,Mobile,0
+919631090206,Reema Pant,Kolkata,West Bengal,Jio,Mobile,0
+917465860465,Lokesh Dey,Bangalore,Karnataka,Jio,Mobile,0
+919016644841,Pavan More,Udaipur,Rajasthan,Airtel,Mobile,0
+918997394432,Gaurav Goyal,Ludhiana,Punjab,Jio,Mobile,0
+919231725302,Uma Paul,Tiruchirappalli,Tamil Nadu,Vodafone Idea,Mobile,0
+918911174709,Sapna Parmar,Kolkata,West Bengal,Jio,Mobile,0
+918721580128,Tushar Mathur,Hubli,Karnataka,Jio,Mobile,0
+917658912221,Navpreet Gupta,Gwalior,Madhya Pradesh,BSNL,Mobile,0
+918181066198,Sunita Bhatia,Lucknow,Uttar Pradesh,Jio,Mobile,0
+919140172120,Yogesh Roy,Raipur,Chhattisgarh,Airtel,Mobile,0
+917826794084,Radha Patel,Ranchi,Jharkhand,BSNL,Mobile,0
+917339855428,Savita Biswas,Shimla,Himachal Pradesh,Jio,Mobile,0
+919129291834,Aadhya Verma,Surat,Gujarat,Jio,Mobile,0
+918550798277,Jyoti Kumar,Pune,Maharashtra,Jio,Mobile,0
+918342373372,Amanpreet Mandal,Delhi,Delhi,Vodafone Idea,Mobile,0
+918151815561,Vihaan Paul,Srinagar,Jammu & Kashmir,BSNL,Mobile,0
+916041776272,Sanjay Goyal,Ranchi,Jharkhand,Airtel,Mobile,0
+917442819102,Meera Bhat,Amritsar,Punjab,BSNL,Mobile,0
+919793708148,Uma Iyer,Noida,Uttar Pradesh,BSNL,Mobile,0
+918228486936,Savita Saxena,Belgaum,Karnataka,BSNL,Mobile,0
+918711559553,Ritu Patil,Mangalore,Karnataka,Airtel,Mobile,0
+919743605592,Aarohi Bhat,Indore,Madhya Pradesh,Vodafone Idea,Mobile,0
+917386306819,Yogesh Solanki,Kochi,Kerala,Vodafone Idea,Mobile,0
+919523485471,Swati Bisht,Mysore,Karnataka,Vodafone Idea,Mobile,0
+918664040394,Satish Mathur,Srinagar,Jammu & Kashmir,Jio,Mobile,0
+917251430895,Aadhya Agarwal,Bhubaneswar,Odisha,BSNL,Mobile,0
+919133889429,Kishan Jadhav,Srinagar,Jammu & Kashmir,Airtel,Mobile,0
+918779801482,Anjali Shetty,Navi Mumbai,Maharashtra,Vodafone Idea,Mobile,0
+919839239219,Rudra Hegde,Srinagar,Jammu & Kashmir,Vodafone Idea,Mobile,0
+919033987608,Rachna Jadeja,Dehradun,Uttarakhand,Vodafone Idea,Mobile,0
+918677522360,Lalita Pant,Chandigarh,Punjab,Vodafone Idea,Mobile,0
+918250200728,Shikha Iyer,Thiruvananthapuram,Kerala,Jio,Mobile,0
+918093754241,Sara Bose,Jaipur,Rajasthan,BSNL,Mobile,0
+919211614962,Dhruv Tiwari,Raipur,Chhattisgarh,BSNL,Mobile,0
+917654677633,Lakhan Shinde,Jodhpur,Rajasthan,Vodafone Idea,Mobile,0
+916047388260,Jaspreet Negi,Tiruchirappalli,Tamil Nadu,Jio,Mobile,0
+919754684923,Alpesh Menon,Faridabad,Haryana,Airtel,Mobile,0
+918530089036,Kavita Sarkar,Delhi,Delhi,Jio,Mobile,0
+916121348069,Sukhpreet Choudhary,Agra,Uttar Pradesh,BSNL,Mobile,0
+916083009545,Rajeev Mukherjee,Jabalpur,Madhya Pradesh,Vodafone Idea,Mobile,0
+919151087532,Lakhan Roy,Kolkata,West Bengal,Jio,Mobile,0
+916371662742,Hitesh Thakur,Allahabad,Uttar Pradesh,Vodafone Idea,Mobile,0
+916191015842,Vinod Patil,Dehradun,Uttarakhand,Jio,Mobile,0
+919882819711,Anjali Desai,Udaipur,Rajasthan,Jio,Mobile,0
+918632722428,Lokesh Gogoi,Faridabad,Haryana,Vodafone Idea,Mobile,0
+919633772152,Myra Chopra,Nashik,Maharashtra,Jio,Mobile,0
+917141593610,Simran Rajput,Coimbatore,Tamil Nadu,Jio,Mobile,0
+918839155746,Rachna Sen,Bhubaneswar,Odisha,Jio,Mobile,0
+919665605420,Arjun Ghosh,Ludhiana,Punjab,BSNL,Mobile,0
+917128301232,Girish Chopra,Delhi,Delhi,Vodafone Idea,Mobile,0
+917820329897,Ravi Reddy,Thane,Maharashtra,Airtel,Mobile,0
+918919053058,Rajesh Ahuja,Srinagar,Jammu & Kashmir,BSNL,Mobile,0
+919010768791,Ganesh Jain,Chennai,Tamil Nadu,Airtel,Mobile,0
+918139892981,Gurpreet Singh,Ghaziabad,Uttar Pradesh,BSNL,Mobile,0
+917065296143,Ashish Bora,Nashik,Maharashtra,Jio,Mobile,0
+918392495975,Puneet Rao,Mumbai,Maharashtra,Jio,Mobile,0
+918096261559,Lakhan Pillai,Amritsar,Punjab,Vodafone Idea,Mobile,0
+916138388245,Shravan Sarkar,Ranchi,Jharkhand,Airtel,Mobile,0
+918617290087,Harpreet Chauhan,Dehradun,Uttarakhand,Vodafone Idea,Mobile,0
+917543105733,Meera Khanna,Kanpur,Uttar Pradesh,Airtel,Mobile,0
+919888434257,Neha Bajaj,Hyderabad,Telangana,BSNL,Mobile,0
+919228709841,Manpreet Desai,Thiruvananthapuram,Kerala,Airtel,Mobile,0
+917848722065,Navpreet Mehra,Kanpur,Uttar Pradesh,Vodafone Idea,Mobile,0
+919377867519,Shikha Kaul,Madurai,Tamil Nadu,Vodafone Idea,Mobile,0
+916296719036,Preeti Garg,Ahmedabad,Gujarat,Jio,Mobile,0
+919731420751,Amita Dhawan,Ludhiana,Punjab,Airtel,Mobile,0
+917610502905,Meera Banerjee,Vijayawada,Andhra Pradesh,Vodafone Idea,Mobile,0
+916331235361,Rekha Hegde,Allahabad,Uttar Pradesh,Airtel,Mobile,0
+916066598753,Anita Tiwari,Aurangabad,Maharashtra,Jio,Mobile,0
+918595954195,Rekha Hegde,Raipur,Chhattisgarh,BSNL,Mobile,0
+916355048342,Seema Dutta,Ludhiana,Punjab,Airtel,Mobile,0
+918644022365,Mahesh Pawar,Thane,Maharashtra,Vodafone Idea,Mobile,0
+917911525654,Pari Saxena,Noida,Uttar Pradesh,Airtel,Mobile,0
+919980467758,Pooja Tripathi,Gurugram,Haryana,Vodafone Idea,Mobile,0
+916253266019,Ritu Negi,Chandigarh,Punjab,BSNL,Mobile,0
+918786071900,Sunita Kulkarni,Hyderabad,Telangana,Airtel,Mobile,0
+918565137840,Shravan Chakraborty,Raipur,Chhattisgarh,Jio,Mobile,0
+919639493661,Mukesh Saxena,Thane,Maharashtra,Vodafone Idea,Mobile,0
+917560073830,Lokesh Sen,Mangalore,Karnataka,Airtel,Mobile,0
+918945337937,Preeti Biswas,Dehradun,Uttarakhand,Airtel,Mobile,0
+919594501243,Aanya Malhotra,Nagpur,Maharashtra,BSNL,Mobile,0
+916018585195,Varun Raina,Gurugram,Haryana,Jio,Mobile,0
+919780082616,Reyansh Garg,Srinagar,Jammu & Kashmir,BSNL,Mobile,0
+918617808345,Ravi Yadav,Kolkata,West Bengal,BSNL,Mobile,0
+918611569471,Aarush Dhawan,Vadodara,Gujarat,Jio,Mobile,0
+919010405641,Usha Agarwal,Rajkot,Gujarat,Jio,Mobile,0
+917413175419,Neha Saikia,Salem,Tamil Nadu,BSNL,Mobile,0
+917314937350,Ajay Shinde,Faridabad,Haryana,BSNL,Mobile,0
+919433680274,Ritesh Hegde,Nagpur,Maharashtra,Vodafone Idea,Mobile,0
+917641283172,Manish Kamath,Thiruvananthapuram,Kerala,BSNL,Mobile,0
+916269270563,Diya Mehta,Thiruvananthapuram,Kerala,Airtel,Mobile,0
+918998104141,Seema Mitra,Srinagar,Jammu & Kashmir,Vodafone Idea,Mobile,0
+917481328768,Geeta Modi,Bhubaneswar,Odisha,BSNL,Mobile,0
+919576154024,Vineet Rao,Coimbatore,Tamil Nadu,Vodafone Idea,Mobile,0
+916084171487,Nitesh Singh,Surat,Gujarat,BSNL,Mobile,0
+916159087789,Vishal Pawar,Vijayawada,Andhra Pradesh,Airtel,Mobile,0
+917171899917,Savita Garg,Mangalore,Karnataka,Jio,Mobile,0
+916298543281,Jaspreet Sethi,Surat,Gujarat,Jio,Mobile,0
+916146545916,Vishal Rawat,Lucknow,Uttar Pradesh,Vodafone Idea,Mobile,0
+919251308884,Rakesh Rathore,Kochi,Kerala,Airtel,Mobile,0
+919082730384,Rashmi Arora,Dehradun,Uttarakhand,Airtel,Mobile,0
+916251808933,Tejinder Suri,Bangalore,Karnataka,Jio,Mobile,0
+918628329005,Manju Dutta,Srinagar,Jammu & Kashmir,Airtel,Mobile,0
+917833908792,Simran Bhat,Nashik,Maharashtra,BSNL,Mobile,0
+917737454258,Ritu Desai,Allahabad,Uttar Pradesh,BSNL,Mobile,0
+917296778640,Amita Rao,Raipur,Chhattisgarh,Airtel,Mobile,0
+919392698101,Poonam Bhatia,Vadodara,Gujarat,BSNL,Mobile,0
+917980911546,Ritu Joshi,Hyderabad,Telangana,Jio,Mobile,0
+918967370485,Dhruv Pandey,Kochi,Kerala,Airtel,Mobile,0
+918173443744,Navpreet Pawar,Nashik,Maharashtra,Vodafone Idea,Mobile,0
+919788375500,Sandeep Chopra,Kanpur,Uttar Pradesh,Airtel,Mobile,0
+917121006889,Alpesh Khare,Nagpur,Maharashtra,Jio,Mobile,0
+917753815077,Swapna Menon,Patna,Bihar,BSNL,Mobile,0
+919392052352,Mohan Kumar,Surat,Gujarat,Airtel,Mobile,0
+918835963840,Vikram Mishra,Gurugram,Haryana,BSNL,Mobile,0
+919193230701,Aadhya Jadhav,Mumbai,Maharashtra,Jio,Mobile,0
+916343083250,Preeti Kamath,Jaipur,Rajasthan,Jio,Mobile,0
+918198096181,Rahul Bhat,Aurangabad,Maharashtra,BSNL,Mobile,0
+919752197505,Diya Dhawan,Raipur,Chhattisgarh,Jio,Mobile,0
+916095848559,Sarita Negi,Vadodara,Gujarat,Airtel,Mobile,0
+918546640384,Kuldeep Paul,Mumbai,Maharashtra,Airtel,Mobile,0
+918954292750,Girish Mishra,Ghaziabad,Uttar Pradesh,Vodafone Idea,Mobile,0
+918122020402,Swapna Bhatia,Lucknow,Uttar Pradesh,Jio,Mobile,0
+917712340505,Rajeev Jain,Shimla,Himachal Pradesh,Airtel,Mobile,0
+919545353782,Aanya Raina,Belgaum,Karnataka,BSNL,Mobile,0
+919284456941,Ananya Nair,Gurugram,Haryana,Airtel,Mobile,0
+916284390981,Seema Warrier,Bhubaneswar,Odisha,Airtel,Mobile,0
+916387148766,Navpreet Singh,Bhopal,Madhya Pradesh,BSNL,Mobile,0
+918329184081,Sunita Raina,Ludhiana,Punjab,BSNL,Mobile,0
+917547242209,Kiran Das,Surat,Gujarat,Airtel,Mobile,0
+918637998202,Smita Choudhary,Bhopal,Madhya Pradesh,Airtel,Mobile,0
+918929631848,Ajay Desai,Varanasi,Uttar Pradesh,BSNL,Mobile,0
+919182866036,Lalita Rao,Bangalore,Karnataka,Airtel,Mobile,0
+918692382741,Aarohi Shinde,Bhopal,Madhya Pradesh,Jio,Mobile,0
+917771929136,Aanya Agarwal,Jabalpur,Madhya Pradesh,Vodafone Idea,Mobile,0
+918936372235,Gurpreet Bisht,Amritsar,Punjab,Vodafone Idea,Mobile,0
+919616664345,Usha Iyer,Amritsar,Punjab,Vodafone Idea,Mobile,0
+917133397835,Kiran Tiwari,Patna,Bihar,Jio,Mobile,0
+916139378734,Chetan Agarwal,Chandigarh,Punjab,Jio,Mobile,0
+918097959381,Deepa Patel,Surat,Gujarat,Jio,Mobile,0
+918946077166,Kunal Joshi,Gwalior,Madhya Pradesh,Jio,Mobile,0
+919064667295,Naveen Shah,Faridabad,Haryana,Airtel,Mobile,0
+917614399039,Ashish Tripathi,Raipur,Chhattisgarh,Vodafone Idea,Mobile,0
+918173993547,Sara Chatterjee,Jammu,Jammu & Kashmir,Jio,Mobile,0
+919238779685,Shikha Kulkarni,Gurugram,Haryana,Vodafone Idea,Mobile,0
+917825979996,Tushar Garg,Udaipur,Rajasthan,BSNL,Mobile,0
+919498808028,Sumit Kumar,Thiruvananthapuram,Kerala,Jio,Mobile,0
+919011525691,Ananya Mehra,Jabalpur,Madhya Pradesh,Vodafone Idea,Mobile,0
+917882639749,Sarita Kumar,Bhopal,Madhya Pradesh,Jio,Mobile,0
+916053122448,Arun Mishra,Nashik,Maharashtra,BSNL,Mobile,0
+916185899220,Sneha Deshmukh,Salem,Tamil Nadu,Vodafone Idea,Mobile,0
+918519459582,Chetan Rajput,Ludhiana,Punjab,Airtel,Mobile,0
+919125443467,Anvi Dar,Hyderabad,Telangana,Vodafone Idea,Mobile,0
+919277153247,Sanjay Rawat,Visakhapatnam,Andhra Pradesh,Airtel,Mobile,0
+916190845823,Ritu Chauhan,Kochi,Kerala,Vodafone Idea,Mobile,0
+918965868575,Varun Thakur,Allahabad,Uttar Pradesh,BSNL,Mobile,0
+917230453046,Pradeep More,Raipur,Chhattisgarh,Jio,Mobile,0
+917161561107,Sanjay Chatterjee,Bangalore,Karnataka,Vodafone Idea,Mobile,0
+918666274378,Vipul Rao,Noida,Uttar Pradesh,BSNL,Mobile,0
+917133437268,Lakhan Shinde,Faridabad,Haryana,Airtel,Mobile,0
+917522721977,Pradeep Bhatia,Noida,Uttar Pradesh,Airtel,Mobile,0
+918984374689,Sukhpreet Barua,Kanpur,Uttar Pradesh,Airtel,Mobile,0
+917044350911,Manoj Rao,Jammu,Jammu & Kashmir,Airtel,Mobile,0
+917329098894,Uma Garg,Jodhpur,Rajasthan,Vodafone Idea,Mobile,0
+918479716674,Nisha Jadeja,Gurugram,Haryana,Airtel,Mobile,0
+918714666098,Arun Shetty,Delhi,Delhi,Vodafone Idea,Mobile,0
+917963435884,Amit Wani,Vijayawada,Andhra Pradesh,Vodafone Idea,Mobile,0
+919584505338,Dhruv More,Salem,Tamil Nadu,BSNL,Mobile,0
+918696186746,Vipul Nair,Thiruvananthapuram,Kerala,Airtel,Mobile,0
+919830918523,Shalini Chatterjee,Madurai,Tamil Nadu,Airtel,Mobile,0
+917210852608,Aman Kapoor,Chandigarh,Punjab,Jio,Mobile,0
+919552327232,Shalini Gowda,Ahmedabad,Gujarat,Jio,Mobile,0
+916021476470,Aditya Ghosh,Chandigarh,Punjab,Jio,Mobile,0
+919530214245,Uma Dey,Ranchi,Jharkhand,BSNL,Mobile,0
+919553674601,Uma Kamath,Vadodara,Gujarat,Airtel,Mobile,0
+918270402576,Mohit Ghosh,Noida,Uttar Pradesh,BSNL,Mobile,0
+916378684274,Lokesh Kapoor,Kochi,Kerala,BSNL,Mobile,0
+918677301470,Radha Jain,Rajkot,Gujarat,Vodafone Idea,Mobile,0
+919850868339,Pankaj Dar,Aurangabad,Maharashtra,Airtel,Mobile,0
+919255001210,Yogesh Mehra,Aurangabad,Maharashtra,BSNL,Mobile,0
+919337070493,Deepa Goyal,Pune,Maharashtra,Airtel,Mobile,0
+916339662607,Kunal Pawar,Kolkata,West Bengal,BSNL,Mobile,0
+919661395177,Jayesh Hegde,Jammu,Jammu & Kashmir,BSNL,Mobile,0
+919461314909,Manish Wani,Guwahati,Assam,Vodafone Idea,Mobile,0
+917496059351,Manju Bisht,Bhubaneswar,Odisha,Jio,Mobile,0
+918278460249,Ramesh Thakur,Delhi,Delhi,Jio,Mobile,0
+918619924868,Reema Singh,Hubli,Karnataka,BSNL,Mobile,0
+919917572919,Sohan Hegde,Udaipur,Rajasthan,Vodafone Idea,Mobile,0
+917640230373,Sumit Sen,Ghaziabad,Uttar Pradesh,BSNL,Mobile,0
+916290143104,Rakesh Thakur,Jaipur,Rajasthan,Vodafone Idea,Mobile,0
+917917739893,Geeta Vaghela,Gwalior,Madhya Pradesh,BSNL,Mobile,0
+918497865290,Aadhya Bhat,Thiruvananthapuram,Kerala,Airtel,Mobile,0
+917885108626,Gurpreet Saikia,Udaipur,Rajasthan,Vodafone Idea,Mobile,0
+918310730219,Swati Kamath,Kolkata,West Bengal,Vodafone Idea,Mobile,0
+918262754035,Amanpreet Paul,Shimla,Himachal Pradesh,Jio,Mobile,0
+918541256145,Naveen Choudhary,Navi Mumbai,Maharashtra,Airtel,Mobile,0
+918655814910,Naresh Chatterjee,Thane,Maharashtra,Vodafone Idea,Mobile,0
+918565474353,Dhruv Mathur,Ahmedabad,Gujarat,Airtel,Mobile,0
+917925685796,Sarita Ghosh,Chandigarh,Punjab,Jio,Mobile,0
+916250964666,Harpreet Warrier,Visakhapatnam,Andhra Pradesh,Jio,Mobile,0
+918216640785,Gurpreet Chauhan,Pune,Maharashtra,Jio,Mobile,0
+918131588942,Tushar Menon,Varanasi,Uttar Pradesh,Vodafone Idea,Mobile,0
+919789011232,Meera Kurup,Aurangabad,Maharashtra,Jio,Mobile,0
+919666958220,Rajeev Mathur,Belgaum,Karnataka,Jio,Mobile,0
+919464252650,Mukesh Pai,Gurugram,Haryana,Jio,Mobile,0
+919642374604,Tejinder Shinde,Coimbatore,Tamil Nadu,BSNL,Mobile,0
+919320135367,Swapna Mir,Vijayawada,Andhra Pradesh,Vodafone Idea,Mobile,0
+917067787291,Myra Tomar,Agra,Uttar Pradesh,BSNL,Mobile,0
+917311271055,Jyoti Roy,Coimbatore,Tamil Nadu,Vodafone Idea,Mobile,0
+916111793193,Mohit Singhal,Agra,Uttar Pradesh,BSNL,Mobile,0
+918667922678,Vihaan Nair,Madurai,Tamil Nadu,Jio,Mobile,0
+919373698440,Roshan Hegde,Vijayawada,Andhra Pradesh,Jio,Mobile,0
+917699738196,Rahul Tiwari,Navi Mumbai,Maharashtra,Airtel,Mobile,0
+917562458951,Sushma Negi,Indore,Madhya Pradesh,Vodafone Idea,Mobile,0
+918425754599,Smita Dhawan,Faridabad,Haryana,Vodafone Idea,Mobile,0
+918280546188,Kunal Paul,Shimla,Himachal Pradesh,Airtel,Mobile,0
+918376250490,Chetan Roy,Bangalore,Karnataka,BSNL,Mobile,0
+917797189834,Diya Tiwari,Jammu,Jammu & Kashmir,BSNL,Mobile,0
+919647289158,Varun Sharma,Mumbai,Maharashtra,Airtel,Mobile,0
+918293840445,Geeta Mukherjee,Belgaum,Karnataka,Vodafone Idea,Mobile,0
+917699121569,Rupesh Goyal,Delhi,Delhi,Airtel,Mobile,0
+917295226957,Arun Tomar,Faridabad,Haryana,Jio,Mobile,0
+919824868926,Sukhpreet Tiwari,Jodhpur,Rajasthan,Airtel,Mobile,0
+919724470829,Vinod Raina,Chennai,Tamil Nadu,Vodafone Idea,Mobile,0
+917954969933,Swati Bose,Mangalore,Karnataka,Airtel,Mobile,0
+919441279773,Namita Dhawan,Allahabad,Uttar Pradesh,Airtel,Mobile,0
+917596242798,Poonam Malhotra,Chennai,Tamil Nadu,Airtel,Mobile,0
+919081605548,Savita Kurup,Faridabad,Haryana,Airtel,Mobile,0
+919820652328,Garima Pandey,Hyderabad,Telangana,BSNL,Mobile,0
+917733935705,Tarun Desai,Navi Mumbai,Maharashtra,Vodafone Idea,Mobile,0
+917766398983,Smita Saxena,Noida,Uttar Pradesh,Airtel,Mobile,0
+919712794177,Aarush Gogoi,Lucknow,Uttar Pradesh,Airtel,Mobile,0
+917071448379,Amanpreet Yadav,Aurangabad,Maharashtra,BSNL,Mobile,0
+916126867617,Sara Chauhan,Mysore,Karnataka,Vodafone Idea,Mobile,0
+919359880249,Girish Tiwari,Tiruchirappalli,Tamil Nadu,Jio,Mobile,0
+919338045337,Sachin Saikia,Thiruvananthapuram,Kerala,BSNL,Mobile,0
+918853381865,Aman Solanki,Chennai,Tamil Nadu,Vodafone Idea,Mobile,0
+918336957987,Tushar Singhal,Raipur,Chhattisgarh,Airtel,Mobile,0
+919898573983,Lakhan Khare,Dehradun,Uttarakhand,Vodafone Idea,Mobile,0
+917658394360,Nandini Agarwal,Ranchi,Jharkhand,BSNL,Mobile,0
+918026324807,Ritu Sarkar,Bhopal,Madhya Pradesh,Jio,Mobile,0
+918364338549,Priya Dutta,Salem,Tamil Nadu,Airtel,Mobile,0
+917243669995,Deepa Mukherjee,Dehradun,Uttarakhand,Vodafone Idea,Mobile,0
+918311194356,Neha Hegde,Gwalior,Madhya Pradesh,BSNL,Mobile,0
+918242634759,Rahul Sarkar,Allahabad,Uttar Pradesh,Airtel,Mobile,0
+918867269228,Atharv Shah,Kochi,Kerala,BSNL,Mobile,0
+919686138136,Kavita Barua,Raipur,Chhattisgarh,Airtel,Mobile,0
+918334559222,Vinita Reddy,Ludhiana,Punjab,Jio,Mobile,0
+916012557074,Jyoti Ahuja,Delhi,Delhi,Airtel,Mobile,0
+918650468729,Manpreet Pillai,Hubli,Karnataka,Vodafone Idea,Mobile,0
+918415691717,Sukhpreet Mandal,Vijayawada,Andhra Pradesh,BSNL,Mobile,0
+919544641478,Bhavna Mukherjee,Amritsar,Punjab,Jio,Mobile,0
+919986673126,Ritu Singhal,Kolkata,West Bengal,Jio,Mobile,0
+919892162323,Manish Bora,Patna,Bihar,Airtel,Mobile,0
+917538777332,Vineet Mir,Ahmedabad,Gujarat,Jio,Mobile,0
+918354079497,Aadhya Barua,Navi Mumbai,Maharashtra,Jio,Mobile,0
+919093172812,Anita Singhal,Faridabad,Haryana,BSNL,Mobile,0
+917560723333,Radha Suri,Belgaum,Karnataka,Vodafone Idea,Mobile,0
+919171760310,Lokesh Kumar,Chennai,Tamil Nadu,Vodafone Idea,Mobile,0
+919170707578,Manish Hegde,Bhopal,Madhya Pradesh,Vodafone Idea,Mobile,0
+917946721436,Reema Chauhan,Navi Mumbai,Maharashtra,Airtel,Mobile,0
+917498623618,Ayaan Saikia,Udaipur,Rajasthan,BSNL,Mobile,0
+916267858194,Vijay Banerjee,Vadodara,Gujarat,Airtel,Mobile,0
+918018918298,Jayesh Bhat,Thiruvananthapuram,Kerala,BSNL,Mobile,0
+919678864430,Puneet Chopra,Chandigarh,Punjab,Jio,Mobile,0
+916090820245,Puneet Gowda,Salem,Tamil Nadu,Vodafone Idea,Mobile,0
+918868555648,Nandini Menon,Dehradun,Uttarakhand,Vodafone Idea,Mobile,0
+918115883191,Dhruv Ghosh,Bhopal,Madhya Pradesh,Jio,Mobile,0
+919911217422,Varun Singhal,Gwalior,Madhya Pradesh,BSNL,Mobile,0
+919233541587,Yash Bhatia,Belgaum,Karnataka,Vodafone Idea,Mobile,0
+919491719487,Ramesh Ahuja,Dehradun,Uttarakhand,Airtel,Mobile,0
+918722622046,Manju Rao,Jaipur,Rajasthan,Airtel,Mobile,0
+919690602402,Lalita Thakur,Raipur,Chhattisgarh,Vodafone Idea,Mobile,0
+917020949208,Aanya Bora,Patna,Bihar,Airtel,Mobile,0
+917644193997,Dhruv Rao,Varanasi,Uttar Pradesh,Airtel,Mobile,0
+917480320330,Anita Mir,Gwalior,Madhya Pradesh,BSNL,Mobile,0
+918829891276,Reema Kulkarni,Lucknow,Uttar Pradesh,Airtel,Mobile,0
+919433045505,Sushma Raina,Shimla,Himachal Pradesh,BSNL,Mobile,0
+919571961021,Sunita Tiwari,Visakhapatnam,Andhra Pradesh,Jio,Mobile,0
+917138680814,Geeta Shah,Jammu,Jammu & Kashmir,Vodafone Idea,Mobile,0
+919791693528,Shravan Bisht,Ludhiana,Punjab,BSNL,Mobile,0
+916272372618,Lakshmi Chatterjee,Jodhpur,Rajasthan,Jio,Mobile,0
+918872821906,Lalita Chopra,Udaipur,Rajasthan,BSNL,Mobile,0
+918397874938,Namita Vaghela,Salem,Tamil Nadu,Jio,Mobile,0
+916091670794,Pooja Talwar,Bhopal,Madhya Pradesh,Airtel,Mobile,0
+918720761931,Myra Sharma,Bhopal,Madhya Pradesh,Vodafone Idea,Mobile,0
+916073884812,Navpreet More,Coimbatore,Tamil Nadu,Vodafone Idea,Mobile,0
+917799484715,Sanjay Rajput,Navi Mumbai,Maharashtra,Jio,Mobile,0
+919261060226,Rajesh Thakur,Ludhiana,Punjab,Jio,Mobile,0
+917432412179,Mukesh Bhat,Mumbai,Maharashtra,Vodafone Idea,Mobile,0
+918442209757,Rekha Dutta,Vadodara,Gujarat,Jio,Mobile,0
+917457726955,Sanjiv Naidu,Bangalore,Karnataka,Airtel,Mobile,0
+917357726588,Padma Shekhawat,Vadodara,Gujarat,BSNL,Mobile,0
+919598029650,Hitesh Warrier,Vijayawada,Andhra Pradesh,Airtel,Mobile,0
+918739429965,Rachna Rawat,Indore,Madhya Pradesh,BSNL,Mobile,0
+919731943456,Manpreet Mitra,Indore,Madhya Pradesh,Jio,Mobile,0
+919616859570,Rekha Mehra,Raipur,Chhattisgarh,Jio,Mobile,0
+919698048920,Harish Tiwari,Kolkata,West Bengal,Jio,Mobile,0
+919721950036,Sanjiv Bhat,Guwahati,Assam,BSNL,Mobile,0
+918419767644,Aditya Saikia,Vijayawada,Andhra Pradesh,BSNL,Mobile,0
+919566940421,Reyansh Mir,Srinagar,Jammu & Kashmir,Airtel,Mobile,0
+918522540036,Swapna Rathore,Varanasi,Uttar Pradesh,Vodafone Idea,Mobile,0
+919857894441,Kishan Roy,Jaipur,Rajasthan,Vodafone Idea,Mobile,0
+919382475292,Rudra Dey,Mysore,Karnataka,Jio,Mobile,0
+918892605573,Savita Mukherjee,Delhi,Delhi,Airtel,Mobile,0
+917682202354,Dinesh Sharma,Ghaziabad,Uttar Pradesh,Jio,Mobile,0
+916320777995,Amita Bhatia,Visakhapatnam,Andhra Pradesh,BSNL,Mobile,0
+917773431501,Nikhil Solanki,Bhopal,Madhya Pradesh,Jio,Mobile,0
+919712405015,Suresh Jadeja,Chennai,Tamil Nadu,BSNL,Mobile,0
+917222218025,Rakesh Nair,Pune,Maharashtra,Airtel,Mobile,0
+917816678217,Manish Mathur,Varanasi,Uttar Pradesh,Airtel,Mobile,0
+917524256670,Tejinder Goyal,Udaipur,Rajasthan,Jio,Mobile,0
+918741655620,Gaurav Malhotra,Indore,Madhya Pradesh,Jio,Mobile,0
+918425226879,Preeti Rajput,Surat,Gujarat,Jio,Mobile,0
+917790679359,Arun Kamath,Vadodara,Gujarat,Jio,Mobile,0
+917612568827,Kapil Wani,Delhi,Delhi,Jio,Mobile,0
+918397743143,Lalita Dutta,Visakhapatnam,Andhra Pradesh,Jio,Mobile,0
+919776224647,Ritu Talwar,Udaipur,Rajasthan,Jio,Mobile,0
+919370518529,Jayesh Bora,Noida,Uttar Pradesh,Jio,Mobile,0
+919927219294,Meera Sarkar,Indore,Madhya Pradesh,BSNL,Mobile,0
+919165630401,Naveen Chauhan,Srinagar,Jammu & Kashmir,Jio,Mobile,0
+919228386869,Sara Vaghela,Hyderabad,Telangana,Jio,Mobile,0
+919767482619,Shikha Pillai,Kochi,Kerala,Airtel,Mobile,0
+919864298939,Sumit More,Bhopal,Madhya Pradesh,BSNL,Mobile,0
+919379943995,Brijesh Arora,Lucknow,Uttar Pradesh,Airtel,Mobile,0
+916246193511,Kishan Khare,Patna,Bihar,Jio,Mobile,0
+916177459612,Kavita Malhotra,Hubli,Karnataka,Airtel,Mobile,0
+919282908554,Aanya Raina,Tiruchirappalli,Tamil Nadu,BSNL,Mobile,0
+918996412571,Simran Kumar,Jaipur,Rajasthan,BSNL,Mobile,0
+919614451284,Suresh Warrier,Delhi,Delhi,Vodafone Idea,Mobile,0
+918322552222,Sai Shekhawat,Mangalore,Karnataka,BSNL,Mobile,0
+917630332852,Rohan Pandey,Chennai,Tamil Nadu,Airtel,Mobile,0
+918855295131,Ravi Bisht,Delhi,Delhi,Airtel,Mobile,0
+918022211083,Nitin Khare,Ludhiana,Punjab,Airtel,Mobile,0
+918036796677,Smita Mir,Mumbai,Maharashtra,Vodafone Idea,Mobile,0
+918871198027,Kunal Parmar,Kolkata,West Bengal,BSNL,Mobile,0
+916175468342,Sunil Mehra,Jabalpur,Madhya Pradesh,Jio,Mobile,0
+917578491405,Vinod Talwar,Ahmedabad,Gujarat,Airtel,Mobile,0
+918870120542,Myra Shinde,Hyderabad,Telangana,BSNL,Mobile,0
+916296576600,Nitin Kurup,Jammu,Jammu & Kashmir,Airtel,Mobile,0
+919584285249,Ritu Mitra,Surat,Gujarat,BSNL,Mobile,0
+917176186417,Kiran Mandal,Belgaum,Karnataka,Jio,Mobile,0
+919674318176,Manpreet Barua,Kanpur,Uttar Pradesh,Jio,Mobile,0
+919143407423,Kunal Talwar,Vijayawada,Andhra Pradesh,Vodafone Idea,Mobile,0
+916229182420,Ananya Gogoi,Raipur,Chhattisgarh,Jio,Mobile,0
+918644953121,Suresh Jadhav,Jodhpur,Rajasthan,BSNL,Mobile,0
+917949922797,Ajay Singh,Nashik,Maharashtra,BSNL,Mobile,0
+919791021167,Divya Chopra,Bhopal,Madhya Pradesh,Airtel,Mobile,0
+917960016068,Vineet Nair,Kochi,Kerala,Jio,Mobile,0
+916346514822,Nandini Chauhan,Gurugram,Haryana,Jio,Mobile,0
+919692507152,Sumit Iyer,Faridabad,Haryana,BSNL,Mobile,0
+916396862169,Kunal Chopra,Varanasi,Uttar Pradesh,BSNL,Mobile,0
+917387112754,Sushma Kapoor,Coimbatore,Tamil Nadu,Airtel,Mobile,0
+917839458194,Vikram Talwar,Delhi,Delhi,BSNL,Mobile,0
+918628547718,Sneha Bhat,Kanpur,Uttar Pradesh,Airtel,Mobile,0
+916361985731,Ramesh Ghosh,Delhi,Delhi,Airtel,Mobile,0
+918422560786,Rakesh Gogoi,Tiruchirappalli,Tamil Nadu,Vodafone Idea,Mobile,0
+919658571482,Radha Mir,Jaipur,Rajasthan,BSNL,Mobile,0
+919617038793,Ajay Malhotra,Patna,Bihar,Airtel,Mobile,0
+919542173133,Pari Arora,Mysore,Karnataka,Jio,Mobile,0
+919636019591,Asha Bora,Ahmedabad,Gujarat,Airtel,Mobile,0
+919023999665,Mohan Chauhan,Raipur,Chhattisgarh,Airtel,Mobile,0
+919923217452,Navpreet Shekhawat,Aurangabad,Maharashtra,Jio,Mobile,0
+919488322444,Amanpreet Verma,Chennai,Tamil Nadu,Vodafone Idea,Mobile,0
+917548787713,Puneet Agarwal,Gwalior,Madhya Pradesh,BSNL,Mobile,0
+918636729405,Naresh Goyal,Srinagar,Jammu & Kashmir,BSNL,Mobile,0
+916365423385,Asha Sen,Raipur,Chhattisgarh,BSNL,Mobile,0
+917855613270,Geeta Singhal,Rajkot,Gujarat,BSNL,Mobile,0
+917173988786,Nisha Pai,Visakhapatnam,Andhra Pradesh,Jio,Mobile,0
+918084981958,Sneha Iyer,Gwalior,Madhya Pradesh,BSNL,Mobile,0
+918029636702,Vijay Roy,Ahmedabad,Gujarat,Jio,Mobile,0
+917646991264,Sachin Mishra,Belgaum,Karnataka,Vodafone Idea,Mobile,0
+918174133505,Kavita Gowda,Raipur,Chhattisgarh,Vodafone Idea,Mobile,0
+916117627009,Priya Mehta,Navi Mumbai,Maharashtra,Jio,Mobile,0
+918492195449,Manoj Chopra,Ghaziabad,Uttar Pradesh,BSNL,Mobile,0
+918056608074,Yogesh Agarwal,Jaipur,Rajasthan,BSNL,Mobile,0
+918619194210,Jayesh Tripathi,Indore,Madhya Pradesh,BSNL,Mobile,0
+918720569649,Poonam Parmar,Ludhiana,Punjab,Vodafone Idea,Mobile,0
+917974215779,Anvi Ahuja,Mysore,Karnataka,Vodafone Idea,Mobile,0
+919854630385,Yogesh Solanki,Gurugram,Haryana,Jio,Mobile,0
+918799893986,Tushar Malhotra,Ghaziabad,Uttar Pradesh,Jio,Mobile,0
+918735037325,Sara Negi,Ahmedabad,Gujarat,Vodafone Idea,Mobile,0
+919814260764,Shikha Yadav,Mangalore,Karnataka,Vodafone Idea,Mobile,0
+916253023004,Puneet Saikia,Pune,Maharashtra,Airtel,Mobile,0
+917549404884,Ritu More,Aurangabad,Maharashtra,BSNL,Mobile,0
+919610056029,Amit Goyal,Ludhiana,Punjab,Vodafone Idea,Mobile,0
+917345982377,Aarohi Verma,Srinagar,Jammu & Kashmir,Airtel,Mobile,0
+919893089430,Vijay Chopra,Allahabad,Uttar Pradesh,Jio,Mobile,0
+918852657002,Mukesh Joshi,Vadodara,Gujarat,Airtel,Mobile,0
+918850749995,Reshma Pai,Vadodara,Gujarat,Vodafone Idea,Mobile,0
+919732568883,Deepa Arora,Jaipur,Rajasthan,Jio,Mobile,0
+917139585832,Yogesh Sarkar,Nashik,Maharashtra,Airtel,Mobile,0
+918920589561,Nandini Garg,Bangalore,Karnataka,Vodafone Idea,Mobile,0
+917187864089,Pankaj Thakur,Noida,Uttar Pradesh,BSNL,Mobile,0
+916139237689,Anita Bhatia,Udaipur,Rajasthan,BSNL,Mobile,0
+918758152921,Anjali Mathur,Jaipur,Rajasthan,Airtel,Mobile,0
+918518546549,Myra Kaul,Salem,Tamil Nadu,Airtel,Mobile,0
+918525936951,Ritu Tandon,Bhubaneswar,Odisha,Vodafone Idea,Mobile,0
+917812657031,Padma Singh,Aurangabad,Maharashtra,BSNL,Mobile,0
+919077924060,Vandana Iyer,Nashik,Maharashtra,Jio,Mobile,0
+919617225509,Karun Pawar,Ludhiana,Punjab,Vodafone Idea,Mobile,0
+917231535823,Garima Pillai,Gwalior,Madhya Pradesh,Airtel,Mobile,0
+917039621954,Kiran Kulkarni,Belgaum,Karnataka,Airtel,Mobile,0
+919028191558,Vandana Agarwal,Patna,Bihar,BSNL,Mobile,0
+918057642254,Meera Pandey,Ahmedabad,Gujarat,Vodafone Idea,Mobile,0
+917174134982,Nisha Modi,Chandigarh,Punjab,BSNL,Mobile,0
+919825464589,Smita Kapoor,Ludhiana,Punjab,Jio,Mobile,0
+919498061280,Kabir Patil,Ludhiana,Punjab,BSNL,Mobile,0
+919924973500,Mahesh Chatterjee,Belgaum,Karnataka,BSNL,Mobile,0
+916297078458,Rohit Raina,Delhi,Delhi,Vodafone Idea,Mobile,0
+919465631454,Aadhya Khanna,Gurugram,Haryana,BSNL,Mobile,0
+919561309734,Sachin Malhotra,Shimla,Himachal Pradesh,Vodafone Idea,Mobile,0
+917728503639,Diya Tripathi,Vijayawada,Andhra Pradesh,Vodafone Idea,Mobile,0
+916012156242,Sapna Kapoor,Mangalore,Karnataka,Vodafone Idea,Mobile,0
+919132086820,Mahesh Rawat,Nashik,Maharashtra,Airtel,Mobile,0
+916084303417,Rahul Chatterjee,Jodhpur,Rajasthan,BSNL,Mobile,0
+918786684541,Rachna Mehra,Mumbai,Maharashtra,Vodafone Idea,Mobile,0
+919777519637,Manju Sethi,Salem,Tamil Nadu,Vodafone Idea,Mobile,0
+919421856554,Bhavna Kamath,Bhopal,Madhya Pradesh,Vodafone Idea,Mobile,0
+918431273955,Simran Das,Mumbai,Maharashtra,Airtel,Mobile,0
+918170468359,Pradeep Shinde,Indore,Madhya Pradesh,Vodafone Idea,Mobile,0
+917268092246,Gaurav Mehta,Dehradun,Uttarakhand,Airtel,Mobile,0
+918514578383,Hitesh Modi,Chandigarh,Punjab,BSNL,Mobile,0
+919721643467,Kunal Arora,Bangalore,Karnataka,Vodafone Idea,Mobile,0
+918197037327,Ashish Rajput,Gwalior,Madhya Pradesh,BSNL,Mobile,0
+919446821030,Naman Yadav,Srinagar,Jammu & Kashmir,Jio,Mobile,0
+918350257097,Naman Pai,Ahmedabad,Gujarat,Vodafone Idea,Mobile,0
+916279224297,Ritesh Dutta,Kochi,Kerala,Jio,Mobile,0
+919893918533,Naman Talwar,Nagpur,Maharashtra,Airtel,Mobile,0
+918093795268,Uma Mathur,Nagpur,Maharashtra,Airtel,Mobile,0
+917653565638,Rahul Sharma,Kolkata,West Bengal,Vodafone Idea,Mobile,0
+918949016311,Vijay Chauhan,Mangalore,Karnataka,Jio,Mobile,0
+919123809184,Yogesh Thakur,Noida,Uttar Pradesh,Jio,Mobile,0
+916067673525,Rahul Khare,Salem,Tamil Nadu,Airtel,Mobile,0
+917870788215,Rashmi Tripathi,Thane,Maharashtra,BSNL,Mobile,0
+919679393970,Rekha Deshmukh,Kochi,Kerala,Jio,Mobile,0
+916079679417,Pradeep Barua,Aurangabad,Maharashtra,Vodafone Idea,Mobile,0
+917355772196,Kapil Pawar,Gwalior,Madhya Pradesh,BSNL,Mobile,0
+917780952657,Puneet Wani,Indore,Madhya Pradesh,Airtel,Mobile,0
+918088091624,Sunil Barua,Visakhapatnam,Andhra Pradesh,Vodafone Idea,Mobile,0
+919410792857,Reema Shetty,Srinagar,Jammu & Kashmir,Jio,Mobile,0
+918694591047,Vikram Bajaj,Srinagar,Jammu & Kashmir,Jio,Mobile,0
+918696119542,Advik Kamath,Thane,Maharashtra,BSNL,Mobile,0
+918262320819,Paresh Mukherjee,Thiruvananthapuram,Kerala,Vodafone Idea,Mobile,0
+917134241063,Dhruv Ahuja,Madurai,Tamil Nadu,Airtel,Mobile,0
+917774726547,Lokesh Kurup,Rajkot,Gujarat,BSNL,Mobile,0
+919093802711,Gurpreet Rajput,Ghaziabad,Uttar Pradesh,BSNL,Mobile,0
+918268080509,Mahesh Pai,Ghaziabad,Uttar Pradesh,Airtel,Mobile,0
+919670060591,Umesh Sarkar,Amritsar,Punjab,Vodafone Idea,Mobile,0
+916168360782,Jayesh Khare,Patna,Bihar,Vodafone Idea,Mobile,0
+919783172767,Neelam Rawat,Kochi,Kerala,BSNL,Mobile,0
+918472938718,Rohit Bajaj,Kolkata,West Bengal,Jio,Mobile,0
+918816812713,Preeti Chopra,Thane,Maharashtra,BSNL,Mobile,0
+918570244007,Poonam Tomar,Ghaziabad,Uttar Pradesh,Jio,Mobile,0
+918193559550,Pavan Pai,Jaipur,Rajasthan,Vodafone Idea,Mobile,0
+919122566413,Ritu Gowda,Surat,Gujarat,Jio,Mobile,0
+919343843899,Sapna Chakraborty,Mumbai,Maharashtra,Jio,Mobile,0
+917537205739,Vihaan Mir,Indore,Madhya Pradesh,Vodafone Idea,Mobile,0
+918415311318,Arun Barua,Delhi,Delhi,BSNL,Mobile,0
+918873110680,Kuldeep Gogoi,Guwahati,Assam,BSNL,Mobile,0
+916096516795,Sandeep Patil,Hyderabad,Telangana,BSNL,Mobile,0
+918223401727,Reshma Jadeja,Indore,Madhya Pradesh,BSNL,Mobile,0
+918680463342,Mukesh Bajaj,Bangalore,Karnataka,Vodafone Idea,Mobile,0
+918977518449,Rekha Sarkar,Faridabad,Haryana,Vodafone Idea,Mobile,0
+918827931920,Meera Mukherjee,Visakhapatnam,Andhra Pradesh,Airtel,Mobile,0
+917322504721,Swati Pai,Lucknow,Uttar Pradesh,BSNL,Mobile,0
+918776991127,Sneha Malhotra,Mangalore,Karnataka,Jio,Mobile,0
+919198604290,Divya Jadeja,Coimbatore,Tamil Nadu,Jio,Mobile,0
+917941769695,Asha Sarkar,Nagpur,Maharashtra,Airtel,Mobile,0
+917746516512,Vihaan Bhat,Coimbatore,Tamil Nadu,Vodafone Idea,Mobile,0
+918185249175,Arun Bose,Udaipur,Rajasthan,BSNL,Mobile,0
+917774654276,Jayesh Rathore,Gurugram,Haryana,Jio,Mobile,0
+919038674529,Rekha Kapoor,Amritsar,Punjab,BSNL,Mobile,0
+916152934949,Tarun Rawat,Faridabad,Haryana,BSNL,Mobile,0
+917176588141,Savita Hegde,Visakhapatnam,Andhra Pradesh,Vodafone Idea,Mobile,0
+916284443579,Radha Saxena,Hyderabad,Telangana,Airtel,Mobile,0
+918774581377,Nitin Banerjee,Dehradun,Uttarakhand,BSNL,Mobile,0
+916152518373,Bhavna Pai,Delhi,Delhi,BSNL,Mobile,0
+919051456848,Pari Arora,Ranchi,Jharkhand,Airtel,Mobile,0
+918334943686,Sapna Tomar,Pune,Maharashtra,Airtel,Mobile,0
+919912129873,Mukesh Sarkar,Hubli,Karnataka,Airtel,Mobile,0
+918273956304,Myra Tripathi,Dehradun,Uttarakhand,Vodafone Idea,Mobile,0
+917351147506,Neelam Suri,Mangalore,Karnataka,BSNL,Mobile,0
+918374809562,Vipul Rathore,Jabalpur,Madhya Pradesh,Airtel,Mobile,0
+917036070043,Anika Menon,Jabalpur,Madhya Pradesh,Jio,Mobile,0
+917861029777,Padma Saikia,Udaipur,Rajasthan,Vodafone Idea,Mobile,0
+918441289498,Ravi Mir,Aurangabad,Maharashtra,Jio,Mobile,0
+917860530265,Karun Yadav,Vadodara,Gujarat,Airtel,Mobile,0
+918519089073,Kuldeep Reddy,Patna,Bihar,Airtel,Mobile,0
+918957230388,Asha Goyal,Gwalior,Madhya Pradesh,Jio,Mobile,0
+917647679710,Jitesh Rao,Thiruvananthapuram,Kerala,Vodafone Idea,Mobile,0
+918496378366,Reyansh Bhat,Ludhiana,Punjab,BSNL,Mobile,0
+918098204999,Sandeep Sarkar,Mumbai,Maharashtra,Jio,Mobile,0
+918543652767,Naresh Agarwal,Coimbatore,Tamil Nadu,BSNL,Mobile,0
+918555913103,Harpreet Rawat,Belgaum,Karnataka,Airtel,Mobile,0
+917082110542,Pari Sharma,Jammu,Jammu & Kashmir,BSNL,Mobile,0
+918022476544,Savita Saikia,Chennai,Tamil Nadu,BSNL,Mobile,0
+916088176880,Anvi Gogoi,Guwahati,Assam,Vodafone Idea,Mobile,0
+917520050489,Rekha Jain,Allahabad,Uttar Pradesh,BSNL,Mobile,0
+917499849577,Pradeep Roy,Coimbatore,Tamil Nadu,Airtel,Mobile,0
+918241852072,Satish Dubey,Aurangabad,Maharashtra,Airtel,Mobile,0
+917558366238,Gaurav Patel,Ranchi,Jharkhand,Jio,Mobile,0
+918132781364,Lalit Tomar,Noida,Uttar Pradesh,BSNL,Mobile,0
+919776875289,Savita More,Bangalore,Karnataka,BSNL,Mobile,0
+918629038915,Kunal Shekhawat,Noida,Uttar Pradesh,Airtel,Mobile,0
+919236769504,Mukul Patel,Gwalior,Madhya Pradesh,Jio,Mobile,0
+919560706917,Sunanda Shah,Nagpur,Maharashtra,Airtel,Mobile,0
+919070642759,Sandeep Rawat,Thane,Maharashtra,Airtel,Mobile,0
+917798295098,Amita Goyal,Bhopal,Madhya Pradesh,Vodafone Idea,Mobile,0
+919996774696,Vinod Chauhan,Jabalpur,Madhya Pradesh,BSNL,Mobile,0
+918570400695,Sohan Mandal,Pune,Maharashtra,Airtel,Mobile,0
+919999560434,Ashish Roy,Jaipur,Rajasthan,Jio,Mobile,0
+917469634505,Advik Yadav,Kanpur,Uttar Pradesh,Vodafone Idea,Mobile,0
+916140923425,Alpesh Kurup,Kolkata,West Bengal,Vodafone Idea,Mobile,0
+918775372190,Gaurav Gogoi,Agra,Uttar Pradesh,Jio,Mobile,0
+919016702287,Padma Gowda,Udaipur,Rajasthan,Airtel,Mobile,0
+919178059488,Lalit Pawar,Delhi,Delhi,Airtel,Mobile,0
+917182564406,Hitesh Jadhav,Nashik,Maharashtra,Jio,Mobile,0
+917717814070,Simran Ghosh,Gurugram,Haryana,Airtel,Mobile,0
+918333803981,Geeta Malhotra,Ranchi,Jharkhand,Airtel,Mobile,0
+919475769380,Kavita Dutta,Bhopal,Madhya Pradesh,BSNL,Mobile,0
+919229208287,Rajesh Kulkarni,Jammu,Jammu & Kashmir,BSNL,Mobile,0
+919140558466,Sarita Mitra,Kanpur,Uttar Pradesh,Vodafone Idea,Mobile,0
+919331742986,Seema Paul,Jaipur,Rajasthan,Airtel,Mobile,0
+916237399295,Sara Rajput,Tiruchirappalli,Tamil Nadu,Jio,Mobile,0
+919430479823,Arnav Agarwal,Bangalore,Karnataka,Jio,Mobile,0
+918813203809,Shalini Sethi,Thiruvananthapuram,Kerala,Vodafone Idea,Mobile,0
+919960267413,Kavita Agarwal,Guwahati,Assam,BSNL,Mobile,0
+917520130181,Jayesh Parmar,Udaipur,Rajasthan,BSNL,Mobile,0
+917462194225,Kiran Negi,Agra,Uttar Pradesh,Airtel,Mobile,0
+919536294506,Archana Dey,Agra,Uttar Pradesh,BSNL,Mobile,0
+919468527948,Nandini Mehra,Patna,Bihar,Vodafone Idea,Mobile,0
+919882327607,Sapna Dutta,Rajkot,Gujarat,Vodafone Idea,Mobile,0
+919293481201,Tarun Menon,Belgaum,Karnataka,Airtel,Mobile,0
+918898462347,Seema Mehta,Hyderabad,Telangana,Airtel,Mobile,0
+918939881620,Deepak Biswas,Bhopal,Madhya Pradesh,Jio,Mobile,0
+916291864095,Diya Tandon,Kochi,Kerala,Vodafone Idea,Mobile,0
+918339130136,Reshma Naidu,Coimbatore,Tamil Nadu,Vodafone Idea,Mobile,0
+919824037149,Lakshmi Patil,Hyderabad,Telangana,Airtel,Mobile,0
+917960854033,Rajesh Wani,Coimbatore,Tamil Nadu,BSNL,Mobile,0
+919579385251,Nitesh Sethi,Mumbai,Maharashtra,Vodafone Idea,Mobile,0
+919429722792,Sushma Kamath,Dehradun,Uttarakhand,BSNL,Mobile,0
+917968287683,Yash Ahuja,Thiruvananthapuram,Kerala,Jio,Mobile,0
+919511476628,Ramesh Pawar,Bangalore,Karnataka,Jio,Mobile,0
+919194806060,Ashish Menon,Guwahati,Assam,BSNL,Mobile,0
+918782834642,Savita Mir,Gwalior,Madhya Pradesh,Vodafone Idea,Mobile,0
+919549457588,Arun Malhotra,Nagpur,Maharashtra,BSNL,Mobile,0
+919259629394,Naman Barua,Chennai,Tamil Nadu,Vodafone Idea,Mobile,0
+917785045730,Seema Modi,Mangalore,Karnataka,Vodafone Idea,Mobile,0
+918957814425,Rajeev Choudhary,Hubli,Karnataka,Jio,Mobile,0
+919630953888,Sneha Negi,Patna,Bihar,Airtel,Mobile,0
+918317629812,Sunanda Choudhary,Bhubaneswar,Odisha,Jio,Mobile,0
+918020620455,Mohan Nair,Tiruchirappalli,Tamil Nadu,BSNL,Mobile,0
+918055096486,Sushma Bajaj,Udaipur,Rajasthan,Jio,Mobile,0
+919261553278,Poonam Garg,Belgaum,Karnataka,Vodafone Idea,Mobile,0
+919022451734,Aanya Bhat,Pune,Maharashtra,Jio,Mobile,0
+917891814969,Naman Gowda,Mysore,Karnataka,BSNL,Mobile,0
+919961351580,Sunil Chauhan,Agra,Uttar Pradesh,Airtel,Mobile,0
+916193134223,Rachna Kulkarni,Kanpur,Uttar Pradesh,BSNL,Mobile,0
+918960002945,Lokesh Kaul,Coimbatore,Tamil Nadu,BSNL,Mobile,0
+918177671596,Girish Yadav,Jodhpur,Rajasthan,Jio,Mobile,0
+917136114857,Pankaj Modi,Surat,Gujarat,Jio,Mobile,0
+918573095225,Lalita Talwar,Srinagar,Jammu & Kashmir,Jio,Mobile,0
+918667994619,Dhruv Mehta,Lucknow,Uttar Pradesh,BSNL,Mobile,0
+917316484952,Mahesh Mukherjee,Allahabad,Uttar Pradesh,Jio,Mobile,0
+918948039787,Yash Yadav,Bangalore,Karnataka,Jio,Mobile,0
+918051492034,Aarohi Sharma,Nashik,Maharashtra,BSNL,Mobile,0
+919732983833,Ritu Singh,Mangalore,Karnataka,BSNL,Mobile,0
+918581880508,Suresh Tomar,Rajkot,Gujarat,Jio,Mobile,0
+917467082494,Brijesh Kapoor,Jodhpur,Rajasthan,Jio,Mobile,0
+919663677301,Aditya Iyer,Hyderabad,Telangana,Jio,Mobile,0
+918041250012,Reema Thakur,Noida,Uttar Pradesh,Vodafone Idea,Mobile,0
+918597325367,Sachin Suri,Pune,Maharashtra,Airtel,Mobile,0
+918357615399,Rakesh Desai,Coimbatore,Tamil Nadu,Airtel,Mobile,0
+916045837502,Sunil More,Kochi,Kerala,BSNL,Mobile,0
+917749765539,Neha Kapoor,Vadodara,Gujarat,BSNL,Mobile,0
+917040718655,Myra Joshi,Nagpur,Maharashtra,Vodafone Idea,Mobile,0
+919739742067,Naveen Jadhav,Vadodara,Gujarat,Jio,Mobile,0
+918666357611,Sneha Sen,Salem,Tamil Nadu,BSNL,Mobile,0
+916256066253,Aanya Banerjee,Agra,Uttar Pradesh,BSNL,Mobile,0
+918933177637,Sushma Mir,Thiruvananthapuram,Kerala,Vodafone Idea,Mobile,0
+918869021637,Rakesh Banerjee,Shimla,Himachal Pradesh,BSNL,Mobile,0
+918210083173,Mohan Thakur,Jammu,Jammu & Kashmir,Airtel,Mobile,0
+917224647125,Tarun Biswas,Bhopal,Madhya Pradesh,Airtel,Mobile,0
+918837256592,Neelam Biswas,Rajkot,Gujarat,Jio,Mobile,0
+919262717731,Harish Pillai,Dehradun,Uttarakhand,BSNL,Mobile,0
+917396506124,Divya Arora,Ahmedabad,Gujarat,Jio,Mobile,0
+919528906005,Tejinder Mandal,Belgaum,Karnataka,Vodafone Idea,Mobile,0
+917814191931,Shaurya Hegde,Vadodara,Gujarat,BSNL,Mobile,0
+919098378696,Arun Hegde,Surat,Gujarat,Jio,Mobile,0
+918220347412,Geeta Tripathi,Visakhapatnam,Andhra Pradesh,Airtel,Mobile,0
+918516719746,Pooja Gogoi,Udaipur,Rajasthan,Jio,Mobile,0
+917135130981,Pari Mehta,Vadodara,Gujarat,Vodafone Idea,Mobile,0
+917916946461,Seema Menon,Guwahati,Assam,Airtel,Mobile,0
+919947201966,Dhruv Garg,Kanpur,Uttar Pradesh,Jio,Mobile,0
+916220472449,Aarohi Khanna,Pune,Maharashtra,BSNL,Mobile,0
+917771202730,Manju Sen,Varanasi,Uttar Pradesh,BSNL,Mobile,0
+916319702711,Kunal Tandon,Coimbatore,Tamil Nadu,Jio,Mobile,0
+918741379075,Pradeep Ahuja,Bhubaneswar,Odisha,Vodafone Idea,Mobile,0
+917381151569,Swapna Parmar,Ahmedabad,Gujarat,Vodafone Idea,Mobile,0
+919728597584,Dhruv Goyal,Gurugram,Haryana,Jio,Mobile,0
+917418956537,Vinita Tripathi,Lucknow,Uttar Pradesh,Airtel,Mobile,0
+919817192329,Sara Arora,Noida,Uttar Pradesh,BSNL,Mobile,0
+918067587501,Vihaan Kamath,Pune,Maharashtra,Jio,Mobile,0
+917781202675,Rahul Dhawan,Mangalore,Karnataka,Airtel,Mobile,0
+917444246737,Tejinder Reddy,Coimbatore,Tamil Nadu,Vodafone Idea,Mobile,0
+917638188267,Vijay Bhatia,Patna,Bihar,Vodafone Idea,Mobile,0
+916345471324,Kabir Talwar,Gwalior,Madhya Pradesh,BSNL,Mobile,0
+918028745284,Vikram Shekhawat,Ahmedabad,Gujarat,BSNL,Mobile,0
+919496955953,Lalit Mandal,Mumbai,Maharashtra,BSNL,Mobile,0
+919882340470,Reyansh Ahuja,Kolkata,West Bengal,Jio,Mobile,0
+918814103723,Vinod Shetty,Delhi,Delhi,Airtel,Mobile,0
+917437780095,Anika Das,Chennai,Tamil Nadu,Airtel,Mobile,0
+917630860851,Aman Goyal,Jaipur,Rajasthan,Vodafone Idea,Mobile,0
+917783556324,Anvi Tandon,Allahabad,Uttar Pradesh,BSNL,Mobile,0
+917240712966,Lalita Paul,Dehradun,Uttarakhand,Vodafone Idea,Mobile,0
+918535277979,Kishan Rawat,Aurangabad,Maharashtra,Jio,Mobile,0
+917676692948,Neha Vaghela,Kochi,Kerala,Airtel,Mobile,0
+916246882082,Sapna Chauhan,Jodhpur,Rajasthan,Vodafone Idea,Mobile,0
+917823674970,Geeta Dar,Rajkot,Gujarat,Jio,Mobile,0
+917947319883,Raman Biswas,Surat,Gujarat,Jio,Mobile,0
+919571145233,Anjali Kulkarni,Dehradun,Uttarakhand,BSNL,Mobile,0
+917596320492,Nandini Hegde,Jabalpur,Madhya Pradesh,BSNL,Mobile,0
+919839474204,Rahul Suri,Kanpur,Uttar Pradesh,Vodafone Idea,Mobile,0
+919974981388,Sachin Agarwal,Vijayawada,Andhra Pradesh,Jio,Mobile,0
+919282406314,Chetan Chakraborty,Bhopal,Madhya Pradesh,BSNL,Mobile,0
+917897855568,Shravan Pant,Hyderabad,Telangana,Vodafone Idea,Mobile,0
+917736741997,Manpreet Chakraborty,Ranchi,Jharkhand,Jio,Mobile,0
+916350958234,Bhavna Verma,Salem,Tamil Nadu,Vodafone Idea,Mobile,0
+918025343997,Nandini Thakur,Lucknow,Uttar Pradesh,BSNL,Mobile,0
+919167139637,Lakhan Mir,Guwahati,Assam,Airtel,Mobile,0
+917342022214,Naresh Hegde,Jaipur,Rajasthan,Vodafone Idea,Mobile,0
+917381529876,Jayesh Kaul,Ghaziabad,Uttar Pradesh,BSNL,Mobile,0
+918062620808,Shikha Vaghela,Patna,Bihar,Jio,Mobile,0
+919941649755,Aanya Shinde,Ranchi,Jharkhand,Jio,Mobile,0
+917897458282,Pradeep Bajaj,Lucknow,Uttar Pradesh,BSNL,Mobile,0
+918576359041,Anvi Chauhan,Ahmedabad,Gujarat,Airtel,Mobile,0
+917719361439,Dinesh Pant,Patna,Bihar,Jio,Mobile,0
+919962538551,Sarita Menon,Visakhapatnam,Andhra Pradesh,Jio,Mobile,0
+919312769834,Naman Mukherjee,Hyderabad,Telangana,Airtel,Mobile,0
+916348190697,Gurpreet Thakur,Madurai,Tamil Nadu,Vodafone Idea,Mobile,0
+917996687928,Sneha Ahuja,Agra,Uttar Pradesh,Jio,Mobile,0
+917621946103,Sapna Singh,Ludhiana,Punjab,Vodafone Idea,Mobile,0
+916020663629,Rahul Solanki,Coimbatore,Tamil Nadu,Vodafone Idea,Mobile,0
+918793725078,Rupesh Pant,Mumbai,Maharashtra,BSNL,Mobile,0
+917761250861,Vandana Jain,Gurugram,Haryana,Airtel,Mobile,0
+916095625995,Girish Warrier,Srinagar,Jammu & Kashmir,Vodafone Idea,Mobile,0
+918649402243,Jitesh Sethi,Pune,Maharashtra,Vodafone Idea,Mobile,0
+916159202221,Dhruv Patil,Raipur,Chhattisgarh,Jio,Mobile,0
+917926017193,Sara Chauhan,Belgaum,Karnataka,Airtel,Mobile,0
+918397833004,Radha Sethi,Hubli,Karnataka,Airtel,Mobile,0
+919774826678,Swapna Paul,Salem,Tamil Nadu,Jio,Mobile,0
+919199064095,Deepak Saikia,Nagpur,Maharashtra,Airtel,Mobile,0
+919264960546,Puneet Negi,Chandigarh,Punjab,Airtel,Mobile,0
+917151236182,Nandini Singh,Visakhapatnam,Andhra Pradesh,BSNL,Mobile,0
+918476934817,Navpreet Singhal,Ahmedabad,Gujarat,Jio,Mobile,0
+919337220554,Vinita Thakur,Dehradun,Uttarakhand,Airtel,Mobile,0
+919753992007,Chetan Singh,Srinagar,Jammu & Kashmir,Jio,Mobile,0
+917387557574,Rudra Modi,Udaipur,Rajasthan,Airtel,Mobile,0
+919398598536,Raman Khare,Srinagar,Jammu & Kashmir,Airtel,Mobile,0
+918773941124,Amita Dar,Jabalpur,Madhya Pradesh,Jio,Mobile,0
+917575698702,Jitesh Hegde,Jammu,Jammu & Kashmir,Vodafone Idea,Mobile,0
+919374223113,Jitesh Biswas,Thane,Maharashtra,BSNL,Mobile,0
+919538997204,Mukul Choudhary,Ludhiana,Punjab,BSNL,Mobile,0
+916029256461,Pradeep Parmar,Kanpur,Uttar Pradesh,Jio,Mobile,0
+917046778348,Anika Sen,Udaipur,Rajasthan,Jio,Mobile,0
+918374252560,Aarav More,Ahmedabad,Gujarat,Jio,Mobile,0
+917483586676,Myra Goyal,Ahmedabad,Gujarat,Airtel,Mobile,0
+918875774641,Aarush Patel,Ahmedabad,Gujarat,Vodafone Idea,Mobile,0
+918916332982,Mohit Chakraborty,Mumbai,Maharashtra,Vodafone Idea,Mobile,0
+919339056599,Brijesh Saikia,Chandigarh,Punjab,Vodafone Idea,Mobile,0
+917911084788,Sunil Das,Kanpur,Uttar Pradesh,Jio,Mobile,0
+917356614412,Atharv Verma,Allahabad,Uttar Pradesh,Vodafone Idea,Mobile,0
+919589234089,Jyoti Dubey,Pune,Maharashtra,Jio,Mobile,0
+919216980241,Neha Patel,Vijayawada,Andhra Pradesh,Airtel,Mobile,0
+919628025712,Smita Hegde,Jaipur,Rajasthan,Jio,Mobile,0
+918019035341,Amit Dutta,Mangalore,Karnataka,Vodafone Idea,Mobile,0
+916118448856,Harish Arora,Surat,Gujarat,BSNL,Mobile,0
+919381782992,Atharv Shetty,Kanpur,Uttar Pradesh,Vodafone Idea,Mobile,0
+919118008380,Geeta Kumar,Nagpur,Maharashtra,Airtel,Mobile,0
+917895551688,Brijesh Shekhawat,Agra,Uttar Pradesh,Airtel,Mobile,0
+917951724291,Lalita Roy,Ahmedabad,Gujarat,Vodafone Idea,Mobile,0
+917857746227,Poonam Yadav,Bangalore,Karnataka,Jio,Mobile,0
+918451547125,Vijay Gowda,Mysore,Karnataka,Vodafone Idea,Mobile,0
+919117000024,Neha Choudhary,Bhubaneswar,Odisha,BSNL,Mobile,0
+917398173656,Archana Mukherjee,Ranchi,Jharkhand,Airtel,Mobile,0
+919164381162,Harpreet Mir,Agra,Uttar Pradesh,BSNL,Mobile,0
+918340876312,Uma Kumar,Tiruchirappalli,Tamil Nadu,Jio,Mobile,0
+918776630658,Archana Mehra,Lucknow,Uttar Pradesh,Vodafone Idea,Mobile,0
+919972593847,Deepa Bose,Mumbai,Maharashtra,Jio,Mobile,0
+917790529946,Shikha Dar,Visakhapatnam,Andhra Pradesh,Airtel,Mobile,0
+918614167945,Navpreet Chauhan,Bhopal,Madhya Pradesh,BSNL,Mobile,0
+916258880738,Amita Patil,Jammu,Jammu & Kashmir,Vodafone Idea,Mobile,0
+917526072626,Karthik Shah,Jabalpur,Madhya Pradesh,Vodafone Idea,Mobile,0
+918350893789,Smita Yadav,Surat,Gujarat,Airtel,Mobile,0
+918844560816,Vishal Shah,Srinagar,Jammu & Kashmir,BSNL,Mobile,0
+917297056141,Namita Bajaj,Dehradun,Uttarakhand,Airtel,Mobile,0
+917421150699,Rahul Thakur,Chennai,Tamil Nadu,Jio,Mobile,0
+918068943867,Aarush Dhawan,Guwahati,Assam,BSNL,Mobile,0
+919997555593,Mukesh Bajaj,Chandigarh,Punjab,Vodafone Idea,Mobile,0
+919684245007,Manpreet Mehta,Lucknow,Uttar Pradesh,Airtel,Mobile,0
+916025214864,Mohan Mathur,Tiruchirappalli,Tamil Nadu,BSNL,Mobile,0
+916225421747,Kapil Tomar,Raipur,Chhattisgarh,Vodafone Idea,Mobile,0
+917059733534,Vijay Khanna,Madurai,Tamil Nadu,Jio,Mobile,0
+919034682628,Anjali Shekhawat,Jammu,Jammu & Kashmir,BSNL,Mobile,0
+919067119810,Yogesh Raina,Bhopal,Madhya Pradesh,Jio,Mobile,0
+918295517683,Mahesh Chatterjee,Nashik,Maharashtra,Jio,Mobile,0
+916122686977,Priya Warrier,Shimla,Himachal Pradesh,Vodafone Idea,Mobile,0
+919058062389,Rohit Banerjee,Hyderabad,Telangana,Jio,Mobile,0
+917347340503,Namita Dutta,Hyderabad,Telangana,Vodafone Idea,Mobile,0
+918682155243,Kavita Paul,Amritsar,Punjab,Jio,Mobile,0
+918014597705,Pradeep Bajaj,Kanpur,Uttar Pradesh,BSNL,Mobile,0
+919350990062,Karun Bisht,Mysore,Karnataka,Vodafone Idea,Mobile,0
+916045023933,Sunita Khanna,Nagpur,Maharashtra,Airtel,Mobile,0
+918376926135,Vandana Chauhan,Thane,Maharashtra,Airtel,Mobile,0
+919096037790,Aarohi Ghosh,Surat,Gujarat,Vodafone Idea,Mobile,0
+919538377291,Rashmi Menon,Vadodara,Gujarat,Vodafone Idea,Mobile,0
+917744295407,Tushar Barua,Indore,Madhya Pradesh,Jio,Mobile,0
+918898453365,Sachin Goyal,Madurai,Tamil Nadu,Vodafone Idea,Mobile,0
+917474856300,Anvi Sen,Mangalore,Karnataka,Vodafone Idea,Mobile,0
+916288892663,Alpesh Bajaj,Lucknow,Uttar Pradesh,Vodafone Idea,Mobile,0
+917712323348,Sara Sethi,Varanasi,Uttar Pradesh,BSNL,Mobile,0
+916029465175,Nandini Kulkarni,Bhopal,Madhya Pradesh,BSNL,Mobile,0
+918652470827,Sushma Pillai,Mangalore,Karnataka,Jio,Mobile,0
+919398824967,Pari Biswas,Dehradun,Uttarakhand,BSNL,Mobile,0
+918420308643,Lalita Dhawan,Varanasi,Uttar Pradesh,Vodafone Idea,Mobile,0
+917165875677,Rupesh Shetty,Noida,Uttar Pradesh,BSNL,Mobile,0
+918242638819,Sunanda Raina,Bhopal,Madhya Pradesh,Airtel,Mobile,0
+919014793188,Krishna Wani,Srinagar,Jammu & Kashmir,BSNL,Mobile,0
+917336579238,Arnav Mathur,Hyderabad,Telangana,BSNL,Mobile,0
+919017744230,Brijesh Sethi,Belgaum,Karnataka,Jio,Mobile,0
+919096613756,Karthik Thakur,Delhi,Delhi,BSNL,Mobile,0
+916367448157,Atharv Khanna,Bhubaneswar,Odisha,BSNL,Mobile,0
+916321754997,Yash Singh,Visakhapatnam,Andhra Pradesh,Airtel,Mobile,0
+916191927481,Bhavna Pant,Ghaziabad,Uttar Pradesh,Vodafone Idea,Mobile,0
+919464597644,Ritu Desai,Kolkata,West Bengal,BSNL,Mobile,0
+919590935712,Kishan Hegde,Kochi,Kerala,Vodafone Idea,Mobile,0
+918391133139,Nandini Chatterjee,Varanasi,Uttar Pradesh,Jio,Mobile,0
+917072497256,Tejinder Shukla,Varanasi,Uttar Pradesh,Vodafone Idea,Mobile,0
+917287240150,Ajay Tomar,Madurai,Tamil Nadu,BSNL,Mobile,0
+919788680458,Swapna Modi,Jammu,Jammu & Kashmir,BSNL,Mobile,0
+918163301362,Reema Bhatia,Ludhiana,Punjab,BSNL,Mobile,0
+919494416351,Rashmi Agarwal,Delhi,Delhi,BSNL,Mobile,0
+917788085562,Anika Mitra,Aurangabad,Maharashtra,Airtel,Mobile,0
+917428153071,Kiran Dutta,Salem,Tamil Nadu,Jio,Mobile,0
+919597842482,Harish Vaghela,Aurangabad,Maharashtra,Airtel,Mobile,0
+919360487923,Poonam Shekhawat,Madurai,Tamil Nadu,Vodafone Idea,Mobile,0
+919498112214,Puneet Mathur,Chennai,Tamil Nadu,BSNL,Mobile,0
+917829874123,Sohan Kumar,Kochi,Kerala,Airtel,Mobile,0
+917522805905,Anita Shekhawat,Salem,Tamil Nadu,BSNL,Mobile,0
+919886920037,Reyansh Negi,Tiruchirappalli,Tamil Nadu,BSNL,Mobile,0
+919325535630,Satish Rao,Shimla,Himachal Pradesh,Vodafone Idea,Mobile,0
+917010560289,Girish Deshmukh,Jammu,Jammu & Kashmir,Vodafone Idea,Mobile,0
+919487771460,Vinod Ahuja,Ahmedabad,Gujarat,Jio,Mobile,0
+919390592179,Sanjay Thakur,Noida,Uttar Pradesh,Airtel,Mobile,0
+917259806200,Shikha Kumar,Agra,Uttar Pradesh,Airtel,Mobile,0
+917089101381,Rachna Tiwari,Visakhapatnam,Andhra Pradesh,Vodafone Idea,Mobile,0
+917339323288,Aarush Dar,Rajkot,Gujarat,Jio,Mobile,0
+917097005388,Uma Solanki,Vadodara,Gujarat,Vodafone Idea,Mobile,0
+918329751452,Geeta Kamath,Gurugram,Haryana,BSNL,Mobile,0
+917059858221,Ritesh Sethi,Shimla,Himachal Pradesh,Airtel,Mobile,0
+919435093791,Divya Kaul,Delhi,Delhi,BSNL,Mobile,0
+916059538935,Reema Chopra,Delhi,Delhi,Vodafone Idea,Mobile,0
+918322715801,Nandini Sen,Shimla,Himachal Pradesh,Jio,Mobile,0
+917654630005,Umesh Garg,Tiruchirappalli,Tamil Nadu,Jio,Mobile,0
+918029979715,Jaspreet Jadeja,Jabalpur,Madhya Pradesh,Jio,Mobile,0
+919249354232,Vinita Paul,Dehradun,Uttarakhand,Airtel,Mobile,0
+917371250395,Rudra Singhal,Jaipur,Rajasthan,Jio,Mobile,0
+919565601779,Simran Hegde,Coimbatore,Tamil Nadu,Jio,Mobile,0
+917772334350,Aadhya Thakur,Delhi,Delhi,BSNL,Mobile,0
+917818674251,Sneha Pillai,Vadodara,Gujarat,Vodafone Idea,Mobile,0
+917640089411,Kiran Goyal,Navi Mumbai,Maharashtra,Vodafone Idea,Mobile,0
+918038212027,Sapna Deshmukh,Navi Mumbai,Maharashtra,Jio,Mobile,0
+918754255871,Sachin Modi,Ahmedabad,Gujarat,Vodafone Idea,Mobile,0
+917720486855,Aarav Sarkar,Jammu,Jammu & Kashmir,Jio,Mobile,0
+917063108475,Sarita Saikia,Mysore,Karnataka,Airtel,Mobile,0
+918158655730,Pavan Patil,Patna,Bihar,Airtel,Mobile,0
+919257287482,Rashmi Singhal,Salem,Tamil Nadu,Jio,Mobile,0
+918797081828,Ananya Shekhawat,Dehradun,Uttarakhand,Jio,Mobile,0
+918950712722,Pavan Goyal,Visakhapatnam,Andhra Pradesh,Jio,Mobile,0
+917423379328,Meera Garg,Kochi,Kerala,BSNL,Mobile,0
+918374948185,Geeta Roy,Mysore,Karnataka,Vodafone Idea,Mobile,0
+918036204519,Kunal Malhotra,Raipur,Chhattisgarh,Jio,Mobile,0
+918625645261,Sukhpreet Biswas,Shimla,Himachal Pradesh,BSNL,Mobile,0
+919991577424,Ashish Desai,Noida,Uttar Pradesh,Airtel,Mobile,0
+919740412825,Aanya Tiwari,Surat,Gujarat,Jio,Mobile,0
+918497306950,Rashmi Gowda,Mumbai,Maharashtra,BSNL,Mobile,0
+916164174666,Brijesh Mehta,Tiruchirappalli,Tamil Nadu,Jio,Mobile,0
+917929077273,Seema Roy,Gwalior,Madhya Pradesh,BSNL,Mobile,0
+918978202957,Swati Suri,Guwahati,Assam,Jio,Mobile,0
+919784418360,Lalit Patel,Madurai,Tamil Nadu,Vodafone Idea,Mobile,0
+917091221173,Deepa Tandon,Kochi,Kerala,Vodafone Idea,Mobile,0
+919154950924,Amit Khare,Madurai,Tamil Nadu,Jio,Mobile,0
+916228910814,Puneet Warrier,Thiruvananthapuram,Kerala,Vodafone Idea,Mobile,0
+918922926569,Amanpreet Jain,Surat,Gujarat,Jio,Mobile,0
+917729213915,Ayaan Singhal,Jammu,Jammu & Kashmir,BSNL,Mobile,0
+919193272133,Amanpreet Rajput,Chennai,Tamil Nadu,BSNL,Mobile,0
+919618839656,Padma Garg,Ludhiana,Punjab,BSNL,Mobile,0
+918458835357,Sarita Malhotra,Chandigarh,Punjab,Vodafone Idea,Mobile,0
+917546275674,Pradeep Mir,Navi Mumbai,Maharashtra,Airtel,Mobile,0
+916014276977,Myra Kumar,Nagpur,Maharashtra,Jio,Mobile,0
+916133477301,Rajesh Solanki,Tiruchirappalli,Tamil Nadu,Airtel,Mobile,0
+917439996904,Rekha Desai,Chandigarh,Punjab,Airtel,Mobile,0
+916151444892,Simran Mathur,Allahabad,Uttar Pradesh,Vodafone Idea,Mobile,0
+919646490471,Pooja Pawar,Shimla,Himachal Pradesh,Vodafone Idea,Mobile,0
+917640589168,Mukesh Barua,Visakhapatnam,Andhra Pradesh,Airtel,Mobile,0
+919329126999,Raman Gowda,Faridabad,Haryana,BSNL,Mobile,0
+916182666159,Atharv Desai,Thane,Maharashtra,Airtel,Mobile,0
+917184989294,Nisha Paul,Aurangabad,Maharashtra,BSNL,Mobile,0
+918581333951,Tushar Biswas,Gwalior,Madhya Pradesh,Jio,Mobile,0
+918659348684,Swapna Gogoi,Mumbai,Maharashtra,Jio,Mobile,0
+918195638650,Ritesh Menon,Ludhiana,Punjab,BSNL,Mobile,0
+918943819289,Arjun Wani,Ludhiana,Punjab,Vodafone Idea,Mobile,0
+917024895214,Varun Gogoi,Mangalore,Karnataka,Vodafone Idea,Mobile,0
+917723914971,Aarohi Bhatia,Udaipur,Rajasthan,Airtel,Mobile,0
+918392073301,Rohit Pandey,Shimla,Himachal Pradesh,Vodafone Idea,Mobile,0
+918685936449,Reshma More,Thiruvananthapuram,Kerala,Jio,Mobile,0
+917079628086,Garima Kapoor,Jabalpur,Madhya Pradesh,Airtel,Mobile,0
+917482524186,Jyoti Khanna,Vadodara,Gujarat,Vodafone Idea,Mobile,0
+919419261012,Shalini Chatterjee,Thane,Maharashtra,Vodafone Idea,Mobile,0
+917526657205,Rupesh Kamath,Gwalior,Madhya Pradesh,Jio,Mobile,0
+917267141715,Smita Bose,Udaipur,Rajasthan,Vodafone Idea,Mobile,0
+919928813655,Sunanda Ghosh,Belgaum,Karnataka,BSNL,Mobile,0
+918090353386,Arjun Kulkarni,Thiruvananthapuram,Kerala,BSNL,Mobile,0
+919261687411,Diya Ahuja,Aurangabad,Maharashtra,Airtel,Mobile,0
+918214361385,Jaspreet Mehta,Noida,Uttar Pradesh,BSNL,Mobile,0
+918922035711,Anjali Singh,Indore,Madhya Pradesh,Airtel,Mobile,0
+917092829051,Girish Bora,Ahmedabad,Gujarat,Jio,Mobile,0
+917183108512,Mohan Kumar,Mysore,Karnataka,Airtel,Mobile,0
+917285153056,Sunanda Sharma,Noida,Uttar Pradesh,BSNL,Mobile,0
+919983748368,Savita Pillai,Ahmedabad,Gujarat,BSNL,Mobile,0
+918755079545,Advik Kurup,Bhubaneswar,Odisha,Vodafone Idea,Mobile,0
+919773401220,Neelam Shah,Udaipur,Rajasthan,Vodafone Idea,Mobile,0
+919673937296,Preeti Sharma,Udaipur,Rajasthan,Jio,Mobile,0
+919398520242,Shravan Pawar,Bhopal,Madhya Pradesh,Jio,Mobile,0
+918555483583,Pradeep Naidu,Kolkata,West Bengal,BSNL,Mobile,0
+918011101292,Mukul Malhotra,Dehradun,Uttarakhand,Vodafone Idea,Mobile,0
+918476762153,Girish Sharma,Madurai,Tamil Nadu,Airtel,Mobile,0
+919498676490,Navpreet Sharma,Udaipur,Rajasthan,Jio,Mobile,0
+917281661497,Jayesh Yadav,Coimbatore,Tamil Nadu,BSNL,Mobile,0
+918969282734,Lokesh Chopra,Jaipur,Rajasthan,Vodafone Idea,Mobile,0
+918292808154,Navpreet Dhawan,Belgaum,Karnataka,Vodafone Idea,Mobile,0
+918892638899,Amanpreet Chauhan,Visakhapatnam,Andhra Pradesh,Airtel,Mobile,0
+919283985447,Rupesh Gowda,Bangalore,Karnataka,Airtel,Mobile,0
+916316888290,Rekha Iyer,Nashik,Maharashtra,BSNL,Mobile,0
+918547131221,Preeti Rawat,Varanasi,Uttar Pradesh,BSNL,Mobile,0
+916151425391,Meera Gupta,Allahabad,Uttar Pradesh,Jio,Mobile,0
+917593096298,Raman Menon,Chandigarh,Punjab,Jio,Mobile,0
+918961703765,Paresh Shinde,Ranchi,Jharkhand,Jio,Mobile,0
+918145136950,Swati Mitra,Kolkata,West Bengal,Jio,Mobile,0
+918794522462,Jyoti Nair,Hubli,Karnataka,Vodafone Idea,Mobile,0
+917436189024,Ravi Mitra,Mangalore,Karnataka,Jio,Mobile,0
+916222931358,Chetan Kumar,Jabalpur,Madhya Pradesh,Airtel,Mobile,0
+917323482613,Preeti Khare,Tiruchirappalli,Tamil Nadu,Jio,Mobile,0
+919254435890,Dhruv Sen,Nashik,Maharashtra,Vodafone Idea,Mobile,0
+919017734610,Priya Bhat,Chennai,Tamil Nadu,Vodafone Idea,Mobile,0
+917274707576,Savita Bajaj,Jammu,Jammu & Kashmir,Airtel,Mobile,0
+917242002493,Brijesh Bisht,Jodhpur,Rajasthan,Jio,Mobile,0
+919089657647,Reshma Dhawan,Visakhapatnam,Andhra Pradesh,BSNL,Mobile,0
+917625088621,Harpreet Banerjee,Aurangabad,Maharashtra,Airtel,Mobile,0
+917014041493,Bhavna Mitra,Ghaziabad,Uttar Pradesh,BSNL,Mobile,0
+917486524942,Tarun Bajaj,Gwalior,Madhya Pradesh,Jio,Mobile,0
+918896243907,Asha Sen,Pune,Maharashtra,Jio,Mobile,0
+919353759545,Ritu Sarkar,Chennai,Tamil Nadu,Airtel,Mobile,0
+917257127789,Arun More,Shimla,Himachal Pradesh,Airtel,Mobile,0
+919392082096,Uma Hegde,Mumbai,Maharashtra,Jio,Mobile,0
+916279128357,Rekha Agarwal,Vadodara,Gujarat,Vodafone Idea,Mobile,0
+918814782385,Uma Saikia,Ranchi,Jharkhand,Vodafone Idea,Mobile,0
+919899952730,Rohit Modi,Hyderabad,Telangana,BSNL,Mobile,0
+918722304459,Rahul Banerjee,Shimla,Himachal Pradesh,BSNL,Mobile,0
+919635874968,Preeti Singh,Coimbatore,Tamil Nadu,Vodafone Idea,Mobile,0
+916262393616,Meera Biswas,Ludhiana,Punjab,Airtel,Mobile,0
+918483527734,Manoj Mitra,Bhopal,Madhya Pradesh,BSNL,Mobile,0
+918732683246,Lalita Kumar,Belgaum,Karnataka,Jio,Mobile,0
+919118018184,Navpreet Raina,Mumbai,Maharashtra,Jio,Mobile,0
+916322624630,Anjali Dey,Noida,Uttar Pradesh,Vodafone Idea,Mobile,0
+918693800639,Sunita Reddy,Jabalpur,Madhya Pradesh,Jio,Mobile,0
+918161535183,Vivaan Chauhan,Ahmedabad,Gujarat,Jio,Mobile,0
+918513685626,Namita Chatterjee,Madurai,Tamil Nadu,Jio,Mobile,0
+919296480393,Umesh Joshi,Udaipur,Rajasthan,Vodafone Idea,Mobile,0
+917164228858,Raman Tripathi,Faridabad,Haryana,Jio,Mobile,0
+919845392602,Aman Thakur,Bhopal,Madhya Pradesh,Jio,Mobile,0
+919698898093,Nitesh Gogoi,Chennai,Tamil Nadu,Vodafone Idea,Mobile,0
+919353722660,Anika Biswas,Mumbai,Maharashtra,BSNL,Mobile,0
+917694128116,Ishaan Desai,Agra,Uttar Pradesh,Jio,Mobile,0
+917029843255,Sukhpreet More,Ludhiana,Punjab,Jio,Mobile,0
+917215202217,Divya Kamath,Jaipur,Rajasthan,Airtel,Mobile,0
+918223943860,Naresh Singh,Kanpur,Uttar Pradesh,Jio,Mobile,0
+918436668116,Navpreet Dey,Mysore,Karnataka,Airtel,Mobile,0
+919057814012,Ishaan Patel,Noida,Uttar Pradesh,BSNL,Mobile,0
+918226274344,Pooja Mehta,Tiruchirappalli,Tamil Nadu,Airtel,Mobile,0
+918052496256,Vinita Solanki,Amritsar,Punjab,BSNL,Mobile,0
+918417422853,Shaurya Tripathi,Noida,Uttar Pradesh,Airtel,Mobile,0
+918237946326,Aman Shetty,Bhubaneswar,Odisha,Airtel,Mobile,0
+917717087259,Mukul Khare,Vijayawada,Andhra Pradesh,BSNL,Mobile,0
+918661529786,Shaurya Suri,Ghaziabad,Uttar Pradesh,Vodafone Idea,Mobile,0
+917862806170,Girish Kumar,Gwalior,Madhya Pradesh,Airtel,Mobile,0
+918218206391,Garima Sarkar,Allahabad,Uttar Pradesh,BSNL,Mobile,0
+917651104471,Deepak Bora,Ranchi,Jharkhand,Vodafone Idea,Mobile,0
+918762874056,Suresh Talwar,Patna,Bihar,Airtel,Mobile,0
+918344860267,Nandini Mitra,Jammu,Jammu & Kashmir,Airtel,Mobile,0
+918143883258,Nandini Jadhav,Indore,Madhya Pradesh,Airtel,Mobile,0
+917910064401,Pradeep Dar,Bangalore,Karnataka,Vodafone Idea,Mobile,0
+916128078818,Hitesh Khare,Vijayawada,Andhra Pradesh,Vodafone Idea,Mobile,0
+918123113419,Harish Ghosh,Mumbai,Maharashtra,Jio,Mobile,0
+917557215118,Diya Mehta,Jaipur,Rajasthan,Airtel,Mobile,0
+918338235211,Simran Paul,Salem,Tamil Nadu,Airtel,Mobile,0
+917948173906,Geeta Tripathi,Aurangabad,Maharashtra,Vodafone Idea,Mobile,0
+919911952447,Kiran Chauhan,Coimbatore,Tamil Nadu,Airtel,Mobile,0
+919937340483,Nisha Suri,Thiruvananthapuram,Kerala,Vodafone Idea,Mobile,0
+917246562510,Jitesh More,Nashik,Maharashtra,Jio,Mobile,0
+916298932681,Diya Shah,Kolkata,West Bengal,Jio,Mobile,0
+917954962483,Harpreet Reddy,Jabalpur,Madhya Pradesh,Vodafone Idea,Mobile,0
+919791915044,Savita Tripathi,Madurai,Tamil Nadu,Vodafone Idea,Mobile,0
+917715374786,Naresh Mehra,Noida,Uttar Pradesh,Jio,Mobile,0
+916193095525,Navpreet Singh,Kanpur,Uttar Pradesh,Vodafone Idea,Mobile,0
+918155130325,Rohit Pillai,Raipur,Chhattisgarh,Jio,Mobile,0
+919318802331,Lakshmi Patil,Srinagar,Jammu & Kashmir,Airtel,Mobile,0
+919956380447,Kapil Dey,Vadodara,Gujarat,Airtel,Mobile,0
+916225725498,Amanpreet Sarkar,Indore,Madhya Pradesh,Airtel,Mobile,0
+917724882434,Sunil Tripathi,Indore,Madhya Pradesh,Airtel,Mobile,0
+919426105923,Kavita Joshi,Allahabad,Uttar Pradesh,Jio,Mobile,0
+918888877758,Suresh Gupta,Raipur,Chhattisgarh,Airtel,Mobile,0
+919477449328,Rohan Roy,Kolkata,West Bengal,Jio,Mobile,0
+916245023342,Vihaan Bose,Mumbai,Maharashtra,Airtel,Mobile,0
+919452052553,Aarohi Vaghela,Kochi,Kerala,Jio,Mobile,0
+919929264390,Pankaj Warrier,Chennai,Tamil Nadu,Jio,Mobile,0
+917662776035,Savita Rawat,Mumbai,Maharashtra,Jio,Mobile,0
+917394843543,Rajesh Sen,Srinagar,Jammu & Kashmir,BSNL,Mobile,0
+919948825810,Uma Kulkarni,Bangalore,Karnataka,Airtel,Mobile,0
+917242696763,Arnav More,Shimla,Himachal Pradesh,BSNL,Mobile,0
+918350730094,Simran Das,Guwahati,Assam,BSNL,Mobile,0
+918141865661,Vinod Khare,Bhubaneswar,Odisha,Jio,Mobile,0
+919844130096,Kabir Khare,Bhubaneswar,Odisha,BSNL,Mobile,0
+917310803676,Arun Wani,Belgaum,Karnataka,Jio,Mobile,0
+918974500478,Gurpreet Malhotra,Nagpur,Maharashtra,Vodafone Idea,Mobile,0
+918754917110,Tejinder Sethi,Lucknow,Uttar Pradesh,Airtel,Mobile,0
+917644753294,Vipul Bora,Tiruchirappalli,Tamil Nadu,Jio,Mobile,0
+919847430814,Nandini Rao,Srinagar,Jammu & Kashmir,Jio,Mobile,0
+919167646482,Rajeev Mandal,Nashik,Maharashtra,Vodafone Idea,Mobile,0
+918738005972,Sukhpreet Roy,Nashik,Maharashtra,Jio,Mobile,0
+916074949547,Rohan Suri,Pune,Maharashtra,Airtel,Mobile,0
+916069205655,Usha Suri,Raipur,Chhattisgarh,Vodafone Idea,Mobile,0
+919279796516,Myra Tiwari,Bangalore,Karnataka,BSNL,Mobile,0
+919270328303,Aarav Bhat,Jammu,Jammu & Kashmir,BSNL,Mobile,0
+917140136839,Meera Mandal,Tiruchirappalli,Tamil Nadu,BSNL,Mobile,0
+918837672571,Lakshmi Shukla,Amritsar,Punjab,BSNL,Mobile,0
+918260177791,Vinod Pandey,Ghaziabad,Uttar Pradesh,BSNL,Mobile,0
+918694507507,Gaurav Dhawan,Coimbatore,Tamil Nadu,Airtel,Mobile,0
+919236267067,Ritesh Bose,Agra,Uttar Pradesh,Jio,Mobile,0
+919326790167,Arnav Hegde,Vadodara,Gujarat,BSNL,Mobile,0
+918073205170,Ritu Rajput,Nashik,Maharashtra,Vodafone Idea,Mobile,0
+917436557944,Pavan Paul,Jabalpur,Madhya Pradesh,BSNL,Mobile,0
+919768020224,Tarun Agarwal,Gurugram,Haryana,Airtel,Mobile,0
+918714618480,Reshma Banerjee,Bangalore,Karnataka,Jio,Mobile,0
+918524238076,Arnav Mathur,Lucknow,Uttar Pradesh,Jio,Mobile,0
+916143338506,Asha Das,Bhopal,Madhya Pradesh,Vodafone Idea,Mobile,0
+917719935969,Chetan Pawar,Jammu,Jammu & Kashmir,Airtel,Mobile,0
+919292403469,Vinod Kurup,Faridabad,Haryana,Airtel,Mobile,0
+917963084864,Garima Bhatia,Vijayawada,Andhra Pradesh,Airtel,Mobile,0
+919864605304,Mukesh Gupta,Hyderabad,Telangana,Jio,Mobile,0
+917649415465,Raman Sharma,Visakhapatnam,Andhra Pradesh,BSNL,Mobile,0
+917250373451,Shikha Bhatia,Coimbatore,Tamil Nadu,Vodafone Idea,Mobile,0
+917397800563,Gaurav Garg,Kanpur,Uttar Pradesh,Jio,Mobile,0
+919776581518,Hitesh Mehra,Delhi,Delhi,Airtel,Mobile,0
+919678571739,Kiran Mukherjee,Patna,Bihar,Airtel,Mobile,0
+917755141279,Sneha Paul,Patna,Bihar,Vodafone Idea,Mobile,0
+919310227063,Varun Modi,Vadodara,Gujarat,BSNL,Mobile,0
+918818578571,Varun Desai,Amritsar,Punjab,Airtel,Mobile,0
+917339397427,Ajay Mathur,Bhubaneswar,Odisha,Jio,Mobile,0
+916012638989,Ganesh Garg,Patna,Bihar,BSNL,Mobile,0
+919230366247,Diya Roy,Navi Mumbai,Maharashtra,Jio,Mobile,0
+918223129286,Nitin Arora,Bhopal,Madhya Pradesh,Airtel,Mobile,0
+919534467553,Asha Shinde,Delhi,Delhi,Jio,Mobile,0
+918455179400,Ananya Pant,Raipur,Chhattisgarh,BSNL,Mobile,0
+918744436692,Shravan Dar,Allahabad,Uttar Pradesh,Vodafone Idea,Mobile,0
+919025452865,Ritesh Bhatia,Amritsar,Punjab,Airtel,Mobile,0
+919072867632,Neha Bajaj,Bhopal,Madhya Pradesh,BSNL,Mobile,0
+917376789791,Rakesh Gupta,Amritsar,Punjab,Jio,Mobile,0
+919389839549,Manoj Singhal,Mysore,Karnataka,Vodafone Idea,Mobile,0
+918943645701,Sohan Bose,Allahabad,Uttar Pradesh,Jio,Mobile,0
+917062812281,Sunil Biswas,Bhubaneswar,Odisha,Vodafone Idea,Mobile,0
+916295892391,Satish Gupta,Ahmedabad,Gujarat,Jio,Mobile,0
+919067246484,Rahul Bisht,Belgaum,Karnataka,Vodafone Idea,Mobile,0
+918263951899,Jayesh Pant,Nagpur,Maharashtra,Airtel,Mobile,0
+919969170084,Myra Dutta,Bangalore,Karnataka,BSNL,Mobile,0
+919384239539,Dhruv Rawat,Noida,Uttar Pradesh,BSNL,Mobile,0
+919122169143,Arjun Mehta,Srinagar,Jammu & Kashmir,Airtel,Mobile,0
+918161726079,Asha Talwar,Jabalpur,Madhya Pradesh,Jio,Mobile,0
+918180732365,Naman Desai,Thane,Maharashtra,Jio,Mobile,0
+917562454120,Amita Malhotra,Hyderabad,Telangana,Vodafone Idea,Mobile,0
+919521367854,Sukhpreet Chopra,Gwalior,Madhya Pradesh,Vodafone Idea,Mobile,0
+917215227533,Poonam Solanki,Patna,Bihar,Vodafone Idea,Mobile,0
+919656480435,Aman Rawat,Ahmedabad,Gujarat,Jio,Mobile,0
+919619410992,Brijesh Chauhan,Raipur,Chhattisgarh,Airtel,Mobile,0
+918412896327,Gaurav Tripathi,Gurugram,Haryana,Vodafone Idea,Mobile,0
+919080035489,Aadhya Deshmukh,Amritsar,Punjab,Airtel,Mobile,0
+919554664070,Vijay Sarkar,Kanpur,Uttar Pradesh,BSNL,Mobile,0
+917613573948,Gurpreet Kumar,Bangalore,Karnataka,Vodafone Idea,Mobile,0
+917560793595,Divya Vaghela,Salem,Tamil Nadu,BSNL,Mobile,0
+916279696950,Pankaj Mehra,Chennai,Tamil Nadu,Airtel,Mobile,0
+918094783212,Harpreet Tandon,Surat,Gujarat,Jio,Mobile,0
+919625912647,Rekha Bose,Salem,Tamil Nadu,Vodafone Idea,Mobile,0
+919923407079,Anika Bisht,Bhubaneswar,Odisha,Vodafone Idea,Mobile,0
+918353869858,Rashmi Kurup,Noida,Uttar Pradesh,Vodafone Idea,Mobile,0
+919896054393,Varun Goyal,Mumbai,Maharashtra,BSNL,Mobile,0
+918374984245,Lakshmi Modi,Hubli,Karnataka,Jio,Mobile,0
+917942475775,Jyoti Reddy,Thiruvananthapuram,Kerala,BSNL,Mobile,0
+917870549612,Raman Jadhav,Chandigarh,Punjab,Airtel,Mobile,0
+919582672348,Tejinder Chauhan,Indore,Madhya Pradesh,Jio,Mobile,0
+916219312031,Kavita Chauhan,Mumbai,Maharashtra,Jio,Mobile,0
+916114362902,Ritu Roy,Indore,Madhya Pradesh,Airtel,Mobile,0
+918090597626,Aanya Sarkar,Chennai,Tamil Nadu,Airtel,Mobile,0
+918455377097,Swapna Negi,Hubli,Karnataka,Airtel,Mobile,0
+917395104657,Sukhpreet Agarwal,Faridabad,Haryana,BSNL,Mobile,0
+919592623370,Anvi Raina,Agra,Uttar Pradesh,Airtel,Mobile,0
+918510159310,Ishaan Mehta,Chandigarh,Punjab,Airtel,Mobile,0
+919036839901,Vikram Roy,Delhi,Delhi,Jio,Mobile,0
+919267801810,Tarun Negi,Amritsar,Punjab,Airtel,Mobile,0
+917933214889,Rashmi Mishra,Navi Mumbai,Maharashtra,Vodafone Idea,Mobile,0
+917894210183,Chetan Gogoi,Hubli,Karnataka,Airtel,Mobile,0
+918597984614,Brijesh Shukla,Hubli,Karnataka,Jio,Mobile,0
+916398048687,Sunanda Menon,Thane,Maharashtra,Vodafone Idea,Mobile,0
+916172592350,Smita Chakraborty,Navi Mumbai,Maharashtra,BSNL,Mobile,0
+918876532964,Ganesh Shetty,Hubli,Karnataka,Jio,Mobile,0
+918369220219,Sneha Shetty,Ranchi,Jharkhand,BSNL,Mobile,0
+917992053120,Mohan Gogoi,Hubli,Karnataka,Airtel,Mobile,0
+919958225648,Vihaan Choudhary,Guwahati,Assam,Airtel,Mobile,0
+919890648642,Neelam Patil,Hyderabad,Telangana,BSNL,Mobile,0
+919828186374,Simran Sen,Vadodara,Gujarat,Vodafone Idea,Mobile,0
+917443391762,Shikha Garg,Bhopal,Madhya Pradesh,Vodafone Idea,Mobile,0
+917826926649,Smita Kamath,Tiruchirappalli,Tamil Nadu,BSNL,Mobile,0
+917483553839,Ananya Ghosh,Jodhpur,Rajasthan,Airtel,Mobile,0
+918580719951,Tejinder Saxena,Belgaum,Karnataka,Vodafone Idea,Mobile,0
+917264623292,Deepa Patel,Madurai,Tamil Nadu,Jio,Mobile,0
+917361906561,Archana Chauhan,Mysore,Karnataka,Jio,Mobile,0
+918468053810,Ansh Malhotra,Madurai,Tamil Nadu,Vodafone Idea,Mobile,0
+918148652387,Satish Biswas,Guwahati,Assam,Vodafone Idea,Mobile,0
+917845008368,Karun Yadav,Chennai,Tamil Nadu,Vodafone Idea,Mobile,0
+918217767285,Amit Bajaj,Nashik,Maharashtra,Jio,Mobile,0
+916064700419,Girish Tripathi,Thiruvananthapuram,Kerala,Airtel,Mobile,0
+919857163154,Suresh Kamath,Vijayawada,Andhra Pradesh,Jio,Mobile,0
+919762176679,Navpreet Choudhary,Hyderabad,Telangana,BSNL,Mobile,0
+918831809312,Raman Gowda,Ghaziabad,Uttar Pradesh,BSNL,Mobile,0
+919710137843,Lakshmi Hegde,Udaipur,Rajasthan,Jio,Mobile,0
+916239235772,Namita Pandey,Mangalore,Karnataka,BSNL,Mobile,0
+918625831846,Varun Parmar,Mangalore,Karnataka,Airtel,Mobile,0
+918129880509,Vishal Pai,Kochi,Kerala,Airtel,Mobile,0
+917817664947,Pari Naidu,Nagpur,Maharashtra,Jio,Mobile,0
+919126275611,Pavan Malhotra,Bhubaneswar,Odisha,Vodafone Idea,Mobile,0
+917172421460,Ritesh Bhat,Kanpur,Uttar Pradesh,Airtel,Mobile,0
+917284265868,Manpreet Shinde,Hyderabad,Telangana,Jio,Mobile,0
+918985743205,Shikha Tripathi,Kolkata,West Bengal,BSNL,Mobile,0
+918928082456,Ansh Pandey,Allahabad,Uttar Pradesh,Jio,Mobile,0
+918643693738,Smita Joshi,Kanpur,Uttar Pradesh,Vodafone Idea,Mobile,0
+918065060482,Amita Pawar,Raipur,Chhattisgarh,BSNL,Mobile,0
+918852135545,Sunanda Shukla,Vijayawada,Andhra Pradesh,Airtel,Mobile,0
+917527563318,Navpreet Rathore,Jaipur,Rajasthan,BSNL,Mobile,0
+919119701105,Paresh Suri,Aurangabad,Maharashtra,BSNL,Mobile,0
+919450022881,Paresh Jadhav,Jaipur,Rajasthan,Airtel,Mobile,0
+919282897425,Jitesh Deshmukh,Kolkata,West Bengal,Vodafone Idea,Mobile,0
+918744246694,Lalit Jain,Navi Mumbai,Maharashtra,Vodafone Idea,Mobile,0
+918584709074,Tejinder Das,Ranchi,Jharkhand,Airtel,Mobile,0
+916130825125,Lakshmi Bhat,Vijayawada,Andhra Pradesh,Vodafone Idea,Mobile,0
+917294740762,Manju Kaul,Thane,Maharashtra,Airtel,Mobile,0
+917615659742,Aarav Das,Gwalior,Madhya Pradesh,Jio,Mobile,0
+918820560909,Raman Gupta,Jammu,Jammu & Kashmir,Jio,Mobile,0
+919637960620,Smita Jain,Tiruchirappalli,Tamil Nadu,Jio,Mobile,0
+917459176397,Sara Shah,Vadodara,Gujarat,Vodafone Idea,Mobile,0
+918645117137,Swati Pai,Chennai,Tamil Nadu,BSNL,Mobile,0
+918110128369,Lakhan Dhawan,Indore,Madhya Pradesh,Vodafone Idea,Mobile,0
+919539338802,Mahesh Kumar,Udaipur,Rajasthan,BSNL,Mobile,0
+918056999705,Mukul Suri,Raipur,Chhattisgarh,Vodafone Idea,Mobile,0
+919493151895,Anvi Raina,Indore,Madhya Pradesh,BSNL,Mobile,0
+917913897790,Anvi Mehta,Nashik,Maharashtra,Vodafone Idea,Mobile,0
+917497582225,Nitin Chopra,Noida,Uttar Pradesh,Jio,Mobile,0
+918751840380,Myra More,Rajkot,Gujarat,Airtel,Mobile,0
+918731283328,Tarun Dutta,Kanpur,Uttar Pradesh,Vodafone Idea,Mobile,0
+917054637067,Paresh Rajput,Faridabad,Haryana,Vodafone Idea,Mobile,0
+919238808446,Lokesh Paul,Coimbatore,Tamil Nadu,Vodafone Idea,Mobile,0
+916242549741,Myra Jain,Chennai,Tamil Nadu,Vodafone Idea,Mobile,0
+917996089420,Kapil Kapoor,Jodhpur,Rajasthan,Vodafone Idea,Mobile,0
+917459505776,Savita Pant,Lucknow,Uttar Pradesh,BSNL,Mobile,0
+917526205556,Pooja Banerjee,Coimbatore,Tamil Nadu,Vodafone Idea,Mobile,0
+919883548523,Anika Bisht,Vijayawada,Andhra Pradesh,Jio,Mobile,0
+919188985255,Aarohi Bose,Shimla,Himachal Pradesh,Vodafone Idea,Mobile,0
+917282182071,Kavita Tripathi,Pune,Maharashtra,Jio,Mobile,0
+917416627435,Deepak Sethi,Rajkot,Gujarat,Vodafone Idea,Mobile,0
+917639763223,Amanpreet Suri,Ludhiana,Punjab,BSNL,Mobile,0
+919082951218,Pradeep Dutta,Thane,Maharashtra,BSNL,Mobile,0
+918395856923,Shikha Deshmukh,Belgaum,Karnataka,Airtel,Mobile,0
+918832389080,Aanya Parmar,Visakhapatnam,Andhra Pradesh,Airtel,Mobile,0
+917712222875,Jaspreet Kumar,Ranchi,Jharkhand,Airtel,Mobile,0
+919678504493,Deepa Tomar,Thane,Maharashtra,Vodafone Idea,Mobile,0
+918596564201,Rahul Chakraborty,Shimla,Himachal Pradesh,Jio,Mobile,0
+918396786959,Sai Solanki,Coimbatore,Tamil Nadu,Jio,Mobile,0
+919394980477,Swati Nair,Gurugram,Haryana,Airtel,Mobile,0
+917394405473,Ritesh Wani,Ghaziabad,Uttar Pradesh,BSNL,Mobile,0
+916186687921,Diya Garg,Varanasi,Uttar Pradesh,Airtel,Mobile,0
+917515984348,Sara Suri,Nashik,Maharashtra,Jio,Mobile,0
+917797408790,Neha Modi,Hubli,Karnataka,Airtel,Mobile,0
+916055587983,Yogesh Khanna,Rajkot,Gujarat,Jio,Mobile,0
+918883351962,Sunanda Gogoi,Bhopal,Madhya Pradesh,BSNL,Mobile,0
+916219751377,Neha Kamath,Tiruchirappalli,Tamil Nadu,BSNL,Mobile,0
+919920653673,Lalit Gupta,Surat,Gujarat,Vodafone Idea,Mobile,0
+918469854963,Preeti Das,Vijayawada,Andhra Pradesh,Vodafone Idea,Mobile,0
+917230015980,Harpreet Khanna,Udaipur,Rajasthan,Airtel,Mobile,0
+917472786637,Sandeep Garg,Thiruvananthapuram,Kerala,Airtel,Mobile,0
+918488743895,Reyansh Saikia,Mysore,Karnataka,Vodafone Idea,Mobile,0
+917167005529,Sapna Rao,Ahmedabad,Gujarat,Jio,Mobile,0
+919027134944,Rachna Gowda,Navi Mumbai,Maharashtra,BSNL,Mobile,0
+918344151686,Uma Warrier,Salem,Tamil Nadu,Vodafone Idea,Mobile,0
+916390965057,Sapna Patil,Madurai,Tamil Nadu,Airtel,Mobile,0
+916127119295,Ayaan Shah,Navi Mumbai,Maharashtra,Vodafone Idea,Mobile,0
+919183559081,Usha Hegde,Ranchi,Jharkhand,Vodafone Idea,Mobile,0
+917410109981,Naveen Garg,Pune,Maharashtra,Vodafone Idea,Mobile,0
+917950983926,Mahesh Bhat,Vijayawada,Andhra Pradesh,Airtel,Mobile,0
+916218932008,Archana Yadav,Jammu,Jammu & Kashmir,BSNL,Mobile,0
+919666220710,Vishal Pillai,Navi Mumbai,Maharashtra,Airtel,Mobile,0
+919618769969,Yogesh Chopra,Bhopal,Madhya Pradesh,Jio,Mobile,0
+917539327430,Vikram Garg,Gwalior,Madhya Pradesh,Airtel,Mobile,0
+917151684850,Harish Singh,Aurangabad,Maharashtra,Vodafone Idea,Mobile,0
+919399912829,Usha Tiwari,Gurugram,Haryana,Jio,Mobile,0
+919798260801,Seema Tiwari,Belgaum,Karnataka,Jio,Mobile,0
+917360942898,Sachin Pant,Jabalpur,Madhya Pradesh,Airtel,Mobile,0
+919184481407,Karun Nair,Nagpur,Maharashtra,Vodafone Idea,Mobile,0
+918115885891,Vivaan Mehta,Thane,Maharashtra,Airtel,Mobile,0
+919142198491,Deepak Tandon,Vijayawada,Andhra Pradesh,Vodafone Idea,Mobile,0
+918683220027,Roshan Shinde,Kanpur,Uttar Pradesh,Airtel,Mobile,0
+918190939814,Sachin Mathur,Noida,Uttar Pradesh,Airtel,Mobile,0
+919048522343,Vihaan Rao,Rajkot,Gujarat,BSNL,Mobile,0
+918115794733,Shravan Singhal,Udaipur,Rajasthan,Vodafone Idea,Mobile,0
+919575773874,Ajay Sharma,Ahmedabad,Gujarat,Airtel,Mobile,0
+916074895224,Simran Gowda,Bhopal,Madhya Pradesh,BSNL,Mobile,0
+916016058233,Sukhpreet Dubey,Ahmedabad,Gujarat,Vodafone Idea,Mobile,0
+916099235681,Shalini Bhat,Tiruchirappalli,Tamil Nadu,Vodafone Idea,Mobile,0
+919112468094,Sandeep Kumar,Raipur,Chhattisgarh,Vodafone Idea,Mobile,0
+918395734289,Bhavna Saxena,Hubli,Karnataka,BSNL,Mobile,0
+918731570616,Aanya Barua,Jabalpur,Madhya Pradesh,Vodafone Idea,Mobile,0
+918033802467,Ritu Gowda,Varanasi,Uttar Pradesh,Vodafone Idea,Mobile,0
+917051721698,Vivaan Ahuja,Chennai,Tamil Nadu,Vodafone Idea,Mobile,0
+918479657449,Vinita Suri,Varanasi,Uttar Pradesh,BSNL,Mobile,0
+919971150284,Manju Chakraborty,Faridabad,Haryana,Airtel,Mobile,0
+918661987464,Usha Kumar,Delhi,Delhi,Airtel,Mobile,0
+918219228101,Usha Sarkar,Shimla,Himachal Pradesh,BSNL,Mobile,0
+919615589083,Vikram Jain,Kochi,Kerala,BSNL,Mobile,0
+916359321607,Geeta Shukla,Kochi,Kerala,Vodafone Idea,Mobile,0
+917128977003,Paresh Sethi,Mysore,Karnataka,Airtel,Mobile,0
+919018835749,Vihaan Mathur,Raipur,Chhattisgarh,BSNL,Mobile,0
+916047475015,Jaspreet Singhal,Jodhpur,Rajasthan,BSNL,Mobile,0
+916347009569,Amit Thakur,Thane,Maharashtra,Vodafone Idea,Mobile,0
+918730327970,Garima Sen,Kolkata,West Bengal,Airtel,Mobile,0
+918944796906,Aditya Mitra,Bhubaneswar,Odisha,Airtel,Mobile,0
+918056341368,Mohit Bisht,Tiruchirappalli,Tamil Nadu,Vodafone Idea,Mobile,0
+918679366051,Nitin Dey,Mysore,Karnataka,Airtel,Mobile,0
+919121933963,Rajesh Tomar,Pune,Maharashtra,Vodafone Idea,Mobile,0
+918763869663,Rajeev Patel,Ranchi,Jharkhand,Jio,Mobile,0
+917743657898,Sarita Dutta,Pune,Maharashtra,BSNL,Mobile,0
+918855596894,Jaspreet Gogoi,Faridabad,Haryana,Jio,Mobile,0
+919180042446,Rupesh Bose,Chennai,Tamil Nadu,Jio,Mobile,0
+917076423931,Ananya Talwar,Amritsar,Punjab,Vodafone Idea,Mobile,0
+917675718604,Anita Mandal,Udaipur,Rajasthan,Jio,Mobile,0
+918070964331,Smita Khare,Mysore,Karnataka,Jio,Mobile,0
+916235846439,Sneha Chakraborty,Vijayawada,Andhra Pradesh,Jio,Mobile,0
+919339956711,Vikram Joshi,Ranchi,Jharkhand,Jio,Mobile,0
+919289443779,Aadhya Chakraborty,Ghaziabad,Uttar Pradesh,BSNL,Mobile,0
+919082305192,Kiran Jadhav,Indore,Madhya Pradesh,Vodafone Idea,Mobile,0
+919699975428,Rudra Rajput,Ranchi,Jharkhand,BSNL,Mobile,0
+918181057405,Pradeep Bhatia,Navi Mumbai,Maharashtra,Airtel,Mobile,0
+917885770569,Neha Tomar,Mangalore,Karnataka,Airtel,Mobile,0
+919381271350,Jaspreet Mir,Udaipur,Rajasthan,BSNL,Mobile,0
+918885044460,Arnav Kulkarni,Pune,Maharashtra,Jio,Mobile,0
+917443993763,Yogesh Rajput,Bhubaneswar,Odisha,BSNL,Mobile,0
+916262372091,Ravi Khare,Bhubaneswar,Odisha,Jio,Mobile,0
+916176730241,Alpesh Gupta,Hyderabad,Telangana,Jio,Mobile,0
+919538454039,Yash Bose,Thane,Maharashtra,Airtel,Mobile,0
+919344817567,Myra Thakur,Allahabad,Uttar Pradesh,BSNL,Mobile,0
+917654948264,Ishaan Bisht,Amritsar,Punjab,Vodafone Idea,Mobile,0
+918643333915,Paresh Kurup,Shimla,Himachal Pradesh,Airtel,Mobile,0
+918097280946,Radha Menon,Navi Mumbai,Maharashtra,Vodafone Idea,Mobile,0
+917778556498,Suresh Banerjee,Guwahati,Assam,BSNL,Mobile,0
+917576796291,Savita Chauhan,Hyderabad,Telangana,Airtel,Mobile,0
+919527940896,Ravi Choudhary,Chandigarh,Punjab,Jio,Mobile,0
+919896485904,Kiran Chatterjee,Ahmedabad,Gujarat,Airtel,Mobile,0
+918869643818,Roshan Shetty,Ghaziabad,Uttar Pradesh,Vodafone Idea,Mobile,0
+919258750205,Amit Arora,Chennai,Tamil Nadu,Airtel,Mobile,0
+917868753670,Rekha Nair,Dehradun,Uttarakhand,BSNL,Mobile,0
+917985967831,Mukul Gupta,Surat,Gujarat,Jio,Mobile,0
+918375090583,Naresh Dutta,Visakhapatnam,Andhra Pradesh,Jio,Mobile,0
+917429064198,Mohan Rajput,Hyderabad,Telangana,Jio,Mobile,0
+917794629139,Myra Gupta,Mysore,Karnataka,BSNL,Mobile,0
+917560850227,Rashmi Shekhawat,Allahabad,Uttar Pradesh,Vodafone Idea,Mobile,0
+918528180540,Seema Khanna,Coimbatore,Tamil Nadu,Airtel,Mobile,0
+919853581841,Aditya Pant,Thane,Maharashtra,Jio,Mobile,0
+918448177036,Naveen Mathur,Coimbatore,Tamil Nadu,Jio,Mobile,0
+918448632017,Archana Gowda,Vijayawada,Andhra Pradesh,Jio,Mobile,0
+919938616885,Sandeep Kapoor,Kolkata,West Bengal,Vodafone Idea,Mobile,0
+917493043065,Nisha Mathur,Nashik,Maharashtra,Airtel,Mobile,0
+917155811768,Anika Mir,Coimbatore,Tamil Nadu,BSNL,Mobile,0
+918064593497,Sara Warrier,Hyderabad,Telangana,Jio,Mobile,0
+918625848370,Sai Raina,Hyderabad,Telangana,Jio,Mobile,0
+918967369886,Sapna Rawat,Jammu,Jammu & Kashmir,Vodafone Idea,Mobile,0
+918844827450,Rachna Dey,Jodhpur,Rajasthan,BSNL,Mobile,0
+919489988340,Atharv Mishra,Delhi,Delhi,Airtel,Mobile,0
+918975007882,Sohan Pawar,Jammu,Jammu & Kashmir,BSNL,Mobile,0
+917168122647,Garima Dutta,Vijayawada,Andhra Pradesh,BSNL,Mobile,0
+918279964601,Brijesh Kurup,Dehradun,Uttarakhand,Airtel,Mobile,0
+919677069949,Sanjay Biswas,Jammu,Jammu & Kashmir,Vodafone Idea,Mobile,0
+918093364776,Arjun Parmar,Surat,Gujarat,Jio,Mobile,0
+918712928446,Padma Dubey,Raipur,Chhattisgarh,Vodafone Idea,Mobile,0
+918999161329,Aman Singh,Chennai,Tamil Nadu,Jio,Mobile,0
+916141295352,Meera Suri,Hubli,Karnataka,Airtel,Mobile,0
+918179074018,Vijay Menon,Lucknow,Uttar Pradesh,Airtel,Mobile,0
+919939743196,Ishaan Gupta,Udaipur,Rajasthan,Jio,Mobile,0
+919283284645,Nitesh Kamath,Pune,Maharashtra,Jio,Mobile,0
+917321723142,Paresh Raina,Bangalore,Karnataka,Jio,Mobile,0
+917615003199,Suresh Sethi,Coimbatore,Tamil Nadu,Airtel,Mobile,0
+919973462357,Kiran Kumar,Vijayawada,Andhra Pradesh,Jio,Mobile,0
+917899712136,Shravan Garg,Kochi,Kerala,Jio,Mobile,0
+917780289607,Lalita Jadeja,Ranchi,Jharkhand,Vodafone Idea,Mobile,0
+918261911203,Sapna Negi,Delhi,Delhi,Vodafone Idea,Mobile,0
+918226350700,Anita Sethi,Allahabad,Uttar Pradesh,Jio,Mobile,0
+918481331871,Meera Rawat,Agra,Uttar Pradesh,Jio,Mobile,0
+918236186054,Aman Singh,Hubli,Karnataka,Vodafone Idea,Mobile,0
+919210419041,Pooja Pawar,Mysore,Karnataka,Jio,Mobile,0
+919335680796,Preeti Menon,Amritsar,Punjab,Jio,Mobile,0
+917842636775,Pankaj Singh,Nashik,Maharashtra,Vodafone Idea,Mobile,0
+917080107272,Uma Gowda,Rajkot,Gujarat,Airtel,Mobile,0
+917649979436,Gurpreet Ghosh,Hyderabad,Telangana,Airtel,Mobile,0
+919538382485,Amanpreet Mir,Gwalior,Madhya Pradesh,Airtel,Mobile,0
+916379866353,Umesh Paul,Faridabad,Haryana,Airtel,Mobile,0
+917183718889,Kavita Mandal,Ahmedabad,Gujarat,Vodafone Idea,Mobile,0
+918546250896,Vipul Chakraborty,Nagpur,Maharashtra,Airtel,Mobile,0
+918139946470,Nitesh Garg,Ahmedabad,Gujarat,Airtel,Mobile,0
+917728774399,Varun Mandal,Visakhapatnam,Andhra Pradesh,Jio,Mobile,0
+919667996772,Gurpreet Iyer,Aurangabad,Maharashtra,Vodafone Idea,Mobile,0
+917815839143,Dhruv Chopra,Allahabad,Uttar Pradesh,Airtel,Mobile,0
+918363615912,Tarun Agarwal,Patna,Bihar,Vodafone Idea,Mobile,0
+919641000227,Suresh Sarkar,Madurai,Tamil Nadu,Vodafone Idea,Mobile,0
+917874175691,Priya Mandal,Vadodara,Gujarat,Vodafone Idea,Mobile,0
+919454644938,Alpesh Ghosh,Madurai,Tamil Nadu,Vodafone Idea,Mobile,0
+918669131689,Nitesh Bose,Gwalior,Madhya Pradesh,Jio,Mobile,0
+917221510932,Advik Mehta,Nashik,Maharashtra,BSNL,Mobile,0
+919567467602,Rekha Mehra,Gurugram,Haryana,BSNL,Mobile,0
+917184517877,Mukesh Choudhary,Visakhapatnam,Andhra Pradesh,Jio,Mobile,0
+919048674099,Simran Pillai,Gurugram,Haryana,BSNL,Mobile,0
+918743172500,Mohit Rajput,Visakhapatnam,Andhra Pradesh,Airtel,Mobile,0
+919028646864,Reyansh Ghosh,Visakhapatnam,Andhra Pradesh,Jio,Mobile,0
+917135879318,Kapil Tomar,Thiruvananthapuram,Kerala,Airtel,Mobile,0
+918681260905,Myra Kaul,Chandigarh,Punjab,BSNL,Mobile,0
+917275812586,Naresh Sarkar,Patna,Bihar,BSNL,Mobile,0
+918412543348,Vikram Saikia,Bhopal,Madhya Pradesh,Jio,Mobile,0
+918018962855,Mukesh Mukherjee,Nagpur,Maharashtra,Jio,Mobile,0
+919084752570,Savita Sen,Allahabad,Uttar Pradesh,Vodafone Idea,Mobile,0
+919252549529,Alpesh Raina,Kolkata,West Bengal,Vodafone Idea,Mobile,0
+917022252145,Ayaan Rawat,Chennai,Tamil Nadu,BSNL,Mobile,0
+919635357840,Rohan Tomar,Noida,Uttar Pradesh,Vodafone Idea,Mobile,0
+916016044296,Ritu Bajaj,Ghaziabad,Uttar Pradesh,Airtel,Mobile,0
+919049627563,Hitesh Gogoi,Aurangabad,Maharashtra,Airtel,Mobile,0
+919796169356,Kavita Suri,Mysore,Karnataka,BSNL,Mobile,0
+918053636083,Sushma Modi,Udaipur,Rajasthan,BSNL,Mobile,0
+917945392850,Deepak Menon,Delhi,Delhi,BSNL,Mobile,0
+917661807495,Anjali Kaul,Patna,Bihar,Airtel,Mobile,0
+918327750159,Varun Shinde,Gurugram,Haryana,Jio,Mobile,0
+917130009359,Kavita Choudhary,Ranchi,Jharkhand,Jio,Mobile,0
+918218862088,Ansh Mir,Hubli,Karnataka,Airtel,Mobile,0
+919047825501,Paresh Deshmukh,Guwahati,Assam,Jio,Mobile,0
+919440823790,Rahul Chauhan,Indore,Madhya Pradesh,Airtel,Mobile,0
+917546013906,Aarush Pillai,Thiruvananthapuram,Kerala,BSNL,Mobile,0
+917222367077,Pradeep Rao,Gurugram,Haryana,BSNL,Mobile,0
+917345822248,Kishan Tandon,Vijayawada,Andhra Pradesh,Jio,Mobile,0
+919240744778,Sapna Tiwari,Faridabad,Haryana,Vodafone Idea,Mobile,0
+917699429435,Vishal Suri,Mumbai,Maharashtra,Vodafone Idea,Mobile,0
+917447881019,Reshma Tandon,Kochi,Kerala,BSNL,Mobile,0
+918673002742,Swati Dutta,Faridabad,Haryana,Airtel,Mobile,0
+917655888855,Kishan Sarkar,Aurangabad,Maharashtra,BSNL,Mobile,0
+918956818206,Vipul Arora,Bhubaneswar,Odisha,Jio,Mobile,0
+918984334450,Mukesh Naidu,Bangalore,Karnataka,Vodafone Idea,Mobile,0
+916369921793,Simran Ghosh,Ranchi,Jharkhand,Jio,Mobile,0
+918456267245,Simran Patil,Shimla,Himachal Pradesh,Vodafone Idea,Mobile,0
+919487930083,Shravan Khare,Visakhapatnam,Andhra Pradesh,Airtel,Mobile,0
+917052214550,Satish Singhal,Visakhapatnam,Andhra Pradesh,Jio,Mobile,0
+916259084657,Vikram Mitra,Delhi,Delhi,Vodafone Idea,Mobile,0
+916284210323,Jyoti Chatterjee,Patna,Bihar,Jio,Mobile,0
+917647543886,Jaspreet Shinde,Ghaziabad,Uttar Pradesh,Jio,Mobile,0
+918169246231,Krishna Hegde,Gurugram,Haryana,Airtel,Mobile,0
+918057544449,Manju Shukla,Kolkata,West Bengal,Airtel,Mobile,0
+917981276021,Uma Shukla,Lucknow,Uttar Pradesh,Jio,Mobile,0
+919453378254,Pradeep Chopra,Bhubaneswar,Odisha,Vodafone Idea,Mobile,0
+918652994530,Nisha Dhawan,Thane,Maharashtra,Jio,Mobile,0
+918745584812,Neelam Dar,Jodhpur,Rajasthan,Jio,Mobile,0
+917748699831,Satish Paul,Visakhapatnam,Andhra Pradesh,BSNL,Mobile,0
+919919798014,Kabir Desai,Rajkot,Gujarat,Vodafone Idea,Mobile,0
+917510597878,Garima Gowda,Raipur,Chhattisgarh,BSNL,Mobile,0
+919964785895,Nisha Jadeja,Bangalore,Karnataka,Jio,Mobile,0
+918814757642,Ramesh Patil,Surat,Gujarat,BSNL,Mobile,0
+919633700495,Rakesh Yadav,Tiruchirappalli,Tamil Nadu,Jio,Mobile,0
+918241869490,Deepa Banerjee,Ludhiana,Punjab,Airtel,Mobile,0
+918358641482,Sachin Modi,Noida,Uttar Pradesh,Jio,Mobile,0
+917621911738,Vijay Suri,Madurai,Tamil Nadu,Airtel,Mobile,0
+919329707536,Vinita Rawat,Noida,Uttar Pradesh,Airtel,Mobile,0
+916222615139,Rudra Parmar,Nashik,Maharashtra,Vodafone Idea,Mobile,0
+918497756038,Uma Verma,Salem,Tamil Nadu,Airtel,Mobile,0
+916222953232,Rachna Bhatia,Belgaum,Karnataka,Airtel,Mobile,0
+918224531071,Preeti Goyal,Thiruvananthapuram,Kerala,Airtel,Mobile,0
+917062987549,Swapna Jadhav,Indore,Madhya Pradesh,Airtel,Mobile,0
+918294633287,Tarun Mitra,Varanasi,Uttar Pradesh,Airtel,Mobile,0
+917482744520,Kapil Gogoi,Dehradun,Uttarakhand,Jio,Mobile,0
+917498351328,Manju Paul,Belgaum,Karnataka,BSNL,Mobile,0
+917951264071,Puneet Shah,Mysore,Karnataka,BSNL,Mobile,0
+918618094843,Vijay Kaul,Thiruvananthapuram,Kerala,Airtel,Mobile,0
+918278348957,Roshan Pant,Bangalore,Karnataka,BSNL,Mobile,0
+919784226248,Aadhya Naidu,Bangalore,Karnataka,Jio,Mobile,0
+919819781031,Anita Menon,Jabalpur,Madhya Pradesh,BSNL,Mobile,0
+916364149701,Ritu Menon,Mysore,Karnataka,Jio,Mobile,0
+919018932163,Sapna Mitra,Mangalore,Karnataka,Jio,Mobile,0
+918817959221,Sanjiv Tiwari,Udaipur,Rajasthan,BSNL,Mobile,0
+917542327269,Sanjay Menon,Navi Mumbai,Maharashtra,Airtel,Mobile,0
+919962958673,Sunanda Rawat,Gurugram,Haryana,Vodafone Idea,Mobile,0
+917640632381,Kuldeep Goyal,Surat,Gujarat,Vodafone Idea,Mobile,0
+916193128451,Anvi Tripathi,Mumbai,Maharashtra,Airtel,Mobile,0
+917175457086,Swati Garg,Navi Mumbai,Maharashtra,BSNL,Mobile,0
+919276200192,Tushar Tripathi,Ghaziabad,Uttar Pradesh,BSNL,Mobile,0
+916142812335,Mahesh Thakur,Hyderabad,Telangana,Airtel,Mobile,0
+918080066933,Roshan Dutta,Jabalpur,Madhya Pradesh,BSNL,Mobile,0
+919848480644,Uma Iyer,Bhopal,Madhya Pradesh,Vodafone Idea,Mobile,0
+919453662259,Ritesh Mandal,Kolkata,West Bengal,Jio,Mobile,0
+917146513409,Reyansh Banerjee,Dehradun,Uttarakhand,BSNL,Mobile,0
+918961979081,Karthik Dey,Kanpur,Uttar Pradesh,Vodafone Idea,Mobile,0
+918473326655,Naman Pillai,Nagpur,Maharashtra,Airtel,Mobile,0
+919765294956,Simran Mehta,Kolkata,West Bengal,Jio,Mobile,0
+918568081995,Sara Yadav,Surat,Gujarat,BSNL,Mobile,0
+917580101156,Pavan Mishra,Surat,Gujarat,Vodafone Idea,Mobile,0
+918666922787,Manish Rathore,Ranchi,Jharkhand,Jio,Mobile,0
+916024274002,Ramesh Modi,Noida,Uttar Pradesh,BSNL,Mobile,0
+918654609899,Sukhpreet Mitra,Chandigarh,Punjab,Jio,Mobile,0
+916242151132,Sumit Patil,Belgaum,Karnataka,Airtel,Mobile,0
+918477577424,Gaurav Bhatia,Jammu,Jammu & Kashmir,BSNL,Mobile,0
+919470519082,Manju Shinde,Agra,Uttar Pradesh,Jio,Mobile,0
+919646251909,Hitesh Mukherjee,Gwalior,Madhya Pradesh,Jio,Mobile,0
+918479638346,Lokesh Pandey,Coimbatore,Tamil Nadu,Vodafone Idea,Mobile,0
+919338058963,Sohan Sarkar,Tiruchirappalli,Tamil Nadu,BSNL,Mobile,0
+916285774000,Hitesh Mathur,Allahabad,Uttar Pradesh,Vodafone Idea,Mobile,0
+918268392388,Sohan Chauhan,Hyderabad,Telangana,Jio,Mobile,0
+919468920508,Padma Jadhav,Surat,Gujarat,Airtel,Mobile,0
+919643272345,Asha Pandey,Nagpur,Maharashtra,BSNL,Mobile,0
+918438544154,Umesh Kaul,Lucknow,Uttar Pradesh,BSNL,Mobile,0
+918599233251,Amita Kaul,Patna,Bihar,BSNL,Mobile,0
+919725240998,Padma Pai,Chennai,Tamil Nadu,Airtel,Mobile,0
+917210306720,Dinesh Desai,Rajkot,Gujarat,Vodafone Idea,Mobile,0
+917034179762,Ganesh Gupta,Patna,Bihar,Jio,Mobile,0
+918426848252,Krishna Biswas,Faridabad,Haryana,Vodafone Idea,Mobile,0
+919279420077,Pavan Jadhav,Kochi,Kerala,Vodafone Idea,Mobile,0
+916030870472,Mohit Roy,Shimla,Himachal Pradesh,BSNL,Mobile,0
+917687615403,Vishal Dhawan,Lucknow,Uttar Pradesh,BSNL,Mobile,0
+917948578568,Smita Choudhary,Amritsar,Punjab,BSNL,Mobile,0
+918425448717,Naveen Bose,Faridabad,Haryana,Jio,Mobile,0
+916129301760,Rajeev Saikia,Guwahati,Assam,BSNL,Mobile,0
+918555731974,Deepak Negi,Gwalior,Madhya Pradesh,BSNL,Mobile,0
+917023031399,Jyoti Mehta,Mysore,Karnataka,Jio,Mobile,0
+916219278924,Kunal Mathur,Thiruvananthapuram,Kerala,Jio,Mobile,0
+919428022930,Reyansh More,Ahmedabad,Gujarat,Airtel,Mobile,0
+918342130708,Reyansh Khanna,Mangalore,Karnataka,BSNL,Mobile,0
+917953473011,Rajeev Mehta,Visakhapatnam,Andhra Pradesh,Vodafone Idea,Mobile,0
+918265087829,Reshma Yadav,Aurangabad,Maharashtra,Vodafone Idea,Mobile,0
+918778777896,Reshma Patel,Udaipur,Rajasthan,Vodafone Idea,Mobile,0
+918145379089,Jitesh Bhatia,Agra,Uttar Pradesh,Jio,Mobile,0
+916057747788,Krishna Sharma,Aurangabad,Maharashtra,BSNL,Mobile,0
+918748753026,Kuldeep Agarwal,Jaipur,Rajasthan,Vodafone Idea,Mobile,0
+918363901470,Arnav Bora,Gwalior,Madhya Pradesh,BSNL,Mobile,0
+916072017263,Smita Negi,Raipur,Chhattisgarh,Vodafone Idea,Mobile,0
+918831513705,Paresh Verma,Pune,Maharashtra,BSNL,Mobile,0
+919933708144,Anjali Shekhawat,Vijayawada,Andhra Pradesh,Airtel,Mobile,0
+919292796154,Raman Shukla,Gwalior,Madhya Pradesh,Jio,Mobile,0
+918648048464,Meera Shekhawat,Vijayawada,Andhra Pradesh,Vodafone Idea,Mobile,0
+918335820090,Anita Dubey,Nashik,Maharashtra,Airtel,Mobile,0
+919969655272,Puneet Kamath,Thane,Maharashtra,BSNL,Mobile,0
+919260079191,Pooja Pillai,Tiruchirappalli,Tamil Nadu,Vodafone Idea,Mobile,0
+919288820168,Aarohi Gogoi,Gwalior,Madhya Pradesh,Airtel,Mobile,0
+917634063517,Shalini Tripathi,Nashik,Maharashtra,Airtel,Mobile,0
+917817803246,Brijesh Bajaj,Thane,Maharashtra,Jio,Mobile,0
+918949304162,Anjali Sethi,Ahmedabad,Gujarat,Jio,Mobile,0
+919957212996,Rachna Patel,Ahmedabad,Gujarat,Jio,Mobile,0
+919368932114,Myra Solanki,Jaipur,Rajasthan,Vodafone Idea,Mobile,0
+918634164183,Aanya Tandon,Jammu,Jammu & Kashmir,Vodafone Idea,Mobile,0
+919024887658,Divya Sarkar,Dehradun,Uttarakhand,Vodafone Idea,Mobile,0
+918712911220,Swapna Kapoor,Mysore,Karnataka,Jio,Mobile,0
+919230601138,Harpreet Biswas,Delhi,Delhi,BSNL,Mobile,0
+917187618640,Sapna Shetty,Surat,Gujarat,Jio,Mobile,0
+918438814992,Rajesh Bhat,Delhi,Delhi,Vodafone Idea,Mobile,0
+917697007828,Ganesh Solanki,Raipur,Chhattisgarh,Vodafone Idea,Mobile,0
+919645682840,Poonam Gupta,Jaipur,Rajasthan,Jio,Mobile,0
+918252774928,Paresh Biswas,Jammu,Jammu & Kashmir,Airtel,Mobile,0
+918866433599,Lalita Chauhan,Salem,Tamil Nadu,Airtel,Mobile,0
+918946321372,Vinita Saxena,Dehradun,Uttarakhand,BSNL,Mobile,0
+919246299289,Geeta Talwar,Lucknow,Uttar Pradesh,Airtel,Mobile,0
+917278678546,Diya Mehta,Ghaziabad,Uttar Pradesh,Vodafone Idea,Mobile,0
+919251797880,Kishan Mehra,Tiruchirappalli,Tamil Nadu,BSNL,Mobile,0
+917648911432,Naveen Singh,Amritsar,Punjab,Airtel,Mobile,0
+917647116932,Vivaan Shinde,Dehradun,Uttarakhand,BSNL,Mobile,0
+917097237614,Poonam Saxena,Ludhiana,Punjab,Vodafone Idea,Mobile,0
+917291028233,Shaurya Rathore,Nagpur,Maharashtra,Airtel,Mobile,0
+919911962879,Rahul Vaghela,Vijayawada,Andhra Pradesh,BSNL,Mobile,0
+917681148951,Ishaan Kulkarni,Mangalore,Karnataka,Vodafone Idea,Mobile,0
+918783464496,Lalita Malhotra,Salem,Tamil Nadu,Airtel,Mobile,0
+919398510674,Manju Deshmukh,Chennai,Tamil Nadu,Jio,Mobile,0
+917613536876,Vandana Reddy,Mumbai,Maharashtra,Vodafone Idea,Mobile,0
+917746671150,Gaurav Yadav,Hyderabad,Telangana,Vodafone Idea,Mobile,0
+917396212350,Advik Tandon,Bangalore,Karnataka,Jio,Mobile,0
+919550357031,Anika Tandon,Pune,Maharashtra,Vodafone Idea,Mobile,0
+918265725956,Atharv Banerjee,Thane,Maharashtra,Jio,Mobile,0
+917248144278,Atharv Vaghela,Allahabad,Uttar Pradesh,Airtel,Mobile,0
+919994700593,Ritu Naidu,Jaipur,Rajasthan,Jio,Mobile,0
+916054289692,Savita Jadhav,Salem,Tamil Nadu,Airtel,Mobile,0
+916359137228,Vipul Bhat,Tiruchirappalli,Tamil Nadu,Airtel,Mobile,0
+918661673551,Shalini Shukla,Gwalior,Madhya Pradesh,Vodafone Idea,Mobile,0
+919031712926,Deepa Negi,Ranchi,Jharkhand,Jio,Mobile,0
+917866043562,Sara Naidu,Jabalpur,Madhya Pradesh,Vodafone Idea,Mobile,0
+917355954471,Ramesh Mehra,Indore,Madhya Pradesh,BSNL,Mobile,0
+919543805758,Sukhpreet Sharma,Madurai,Tamil Nadu,Jio,Mobile,0
+918642309267,Varun Bhatia,Guwahati,Assam,Jio,Mobile,0
+917193188896,Lakhan Nair,Mumbai,Maharashtra,Airtel,Mobile,0
+919461046857,Sachin Chatterjee,Nagpur,Maharashtra,Airtel,Mobile,0
+918118163207,Raman Singh,Ludhiana,Punjab,BSNL,Mobile,0
+916157653792,Sarita Tandon,Hubli,Karnataka,Airtel,Mobile,0
+918193046692,Ramesh Sen,Shimla,Himachal Pradesh,Vodafone Idea,Mobile,0
+918565338035,Amit Garg,Mysore,Karnataka,BSNL,Mobile,0
+918420302544,Raman Modi,Dehradun,Uttarakhand,Jio,Mobile,0
+918491857432,Ayaan More,Jaipur,Rajasthan,BSNL,Mobile,0
+919281142545,Sunita Kamath,Ranchi,Jharkhand,Jio,Mobile,0
+918347862286,Lakhan Pillai,Indore,Madhya Pradesh,Jio,Mobile,0
+918798181793,Aadhya Naidu,Hubli,Karnataka,Airtel,Mobile,0
+918231882169,Roshan Vaghela,Jammu,Jammu & Kashmir,Vodafone Idea,Mobile,0
+917364427421,Mahesh Biswas,Vadodara,Gujarat,Jio,Mobile,0
+917999769292,Amit More,Bhubaneswar,Odisha,Jio,Mobile,0
+919568567432,Suresh Singh,Faridabad,Haryana,Airtel,Mobile,0
+917385545482,Preeti Singh,Visakhapatnam,Andhra Pradesh,Airtel,Mobile,0
+917447561235,Deepa Joshi,Nagpur,Maharashtra,BSNL,Mobile,0
+918897665837,Kapil Bisht,Indore,Madhya Pradesh,Airtel,Mobile,0
+917815029250,Anvi Bisht,Hubli,Karnataka,Vodafone Idea,Mobile,0
+917393262015,Mohan Kumar,Nashik,Maharashtra,Vodafone Idea,Mobile,0
+917464556799,Anjali Chauhan,Rajkot,Gujarat,BSNL,Mobile,0
+916055881148,Sunil Shetty,Aurangabad,Maharashtra,Jio,Mobile,0
+917618763301,Mohan Das,Vijayawada,Andhra Pradesh,Airtel,Mobile,0
+919227795298,Dhruv Jadhav,Bhubaneswar,Odisha,Airtel,Mobile,0
+918894971779,Aadhya Joshi,Mumbai,Maharashtra,Airtel,Mobile,0
+917370281979,Sneha Khanna,Patna,Bihar,Airtel,Mobile,0
+918851464035,Aanya Tomar,Faridabad,Haryana,Airtel,Mobile,0
+919718128152,Tarun Suri,Srinagar,Jammu & Kashmir,Vodafone Idea,Mobile,0
+918020641330,Meera Shetty,Allahabad,Uttar Pradesh,Vodafone Idea,Mobile,0
+917963561760,Sandeep Talwar,Madurai,Tamil Nadu,Vodafone Idea,Mobile,0
+919247566375,Sandeep Chakraborty,Thiruvananthapuram,Kerala,BSNL,Mobile,0
+916286077335,Umesh Tandon,Udaipur,Rajasthan,BSNL,Mobile,0
+917574195764,Meera Mandal,Lucknow,Uttar Pradesh,BSNL,Mobile,0
+917365181323,Arun Choudhary,Thane,Maharashtra,BSNL,Mobile,0
+918273171338,Gurpreet Bora,Lucknow,Uttar Pradesh,Vodafone Idea,Mobile,0
+918926975332,Poonam Ahuja,Bangalore,Karnataka,Vodafone Idea,Mobile,0
+919574206700,Vipul Raina,Jaipur,Rajasthan,Airtel,Mobile,0
+919865433008,Yogesh Thakur,Mangalore,Karnataka,Vodafone Idea,Mobile,0
+917945231408,Gurpreet Sarkar,Vadodara,Gujarat,Jio,Mobile,0
+918789239374,Aditya Jadeja,Patna,Bihar,Airtel,Mobile,0
+917283648296,Brijesh Gowda,Varanasi,Uttar Pradesh,BSNL,Mobile,0
+919139569704,Naveen Desai,Chandigarh,Punjab,BSNL,Mobile,0
+917271234201,Jyoti Rawat,Ranchi,Jharkhand,BSNL,Mobile,0
+919716622831,Deepa Tandon,Faridabad,Haryana,Vodafone Idea,Mobile,0
+919960021800,Vivaan Jain,Bhopal,Madhya Pradesh,BSNL,Mobile,0
+919477129695,Poonam Warrier,Hubli,Karnataka,BSNL,Mobile,0
+917696868600,Aanya Paul,Kochi,Kerala,BSNL,Mobile,0
+917631314857,Reshma Modi,Ranchi,Jharkhand,BSNL,Mobile,0
+917047410686,Sarita Mukherjee,Amritsar,Punjab,Jio,Mobile,0
+918113994748,Naresh Gogoi,Belgaum,Karnataka,BSNL,Mobile,0
+916237923342,Arjun Sethi,Hyderabad,Telangana,Vodafone Idea,Mobile,0
+919360489806,Aanya Gogoi,Kochi,Kerala,Vodafone Idea,Mobile,0
+917737884983,Swati Jain,Hyderabad,Telangana,Jio,Mobile,0
+919067628998,Simran Kumar,Bhopal,Madhya Pradesh,Jio,Mobile,0
+917079335114,Sunita Mathur,Thiruvananthapuram,Kerala,Airtel,Mobile,0
+917928578149,Rajeev Tripathi,Delhi,Delhi,Airtel,Mobile,0
+917886107443,Sunita Gowda,Bangalore,Karnataka,BSNL,Mobile,0
+917958489304,Shalini Deshmukh,Ludhiana,Punjab,Airtel,Mobile,0
+918147351933,Arjun Kulkarni,Salem,Tamil Nadu,Vodafone Idea,Mobile,0
+918060049637,Paresh Arora,Chennai,Tamil Nadu,Airtel,Mobile,0
+917086416938,Ananya Mishra,Dehradun,Uttarakhand,Jio,Mobile,0
+918368732795,Ananya Deshmukh,Jammu,Jammu & Kashmir,Vodafone Idea,Mobile,0
+918543336769,Shalini Saxena,Belgaum,Karnataka,Vodafone Idea,Mobile,0
+919788850656,Ganesh Negi,Jammu,Jammu & Kashmir,Vodafone Idea,Mobile,0
+917031009611,Sunil Mehta,Vadodara,Gujarat,Vodafone Idea,Mobile,0
+919178878958,Ganesh Mir,Visakhapatnam,Andhra Pradesh,BSNL,Mobile,0
+918341872456,Deepak Gupta,Shimla,Himachal Pradesh,BSNL,Mobile,0
+918024521522,Karthik Ahuja,Guwahati,Assam,BSNL,Mobile,0
+919639967369,Shalini Ahuja,Rajkot,Gujarat,BSNL,Mobile,0
+917365577418,Mohit Pillai,Delhi,Delhi,Jio,Mobile,0
+919397562958,Raman Sharma,Gurugram,Haryana,Jio,Mobile,0
+917078220996,Karthik Patil,Amritsar,Punjab,BSNL,Mobile,0
+917137299387,Gaurav Naidu,Thiruvananthapuram,Kerala,Vodafone Idea,Mobile,0
+919829837168,Swapna Mukherjee,Salem,Tamil Nadu,Jio,Mobile,0
+918628679806,Meera Hegde,Delhi,Delhi,Jio,Mobile,0
+918716252201,Shikha Biswas,Aurangabad,Maharashtra,Jio,Mobile,0
+919996337438,Suresh Modi,Guwahati,Assam,Vodafone Idea,Mobile,0
+918167768822,Shikha Roy,Nagpur,Maharashtra,Vodafone Idea,Mobile,0
+919519927969,Sushma Khanna,Ahmedabad,Gujarat,Jio,Mobile,0
+919921063924,Lakhan Agarwal,Agra,Uttar Pradesh,BSNL,Mobile,0
+916273855409,Swati Jadhav,Rajkot,Gujarat,BSNL,Mobile,0
+916338519805,Jitesh Mir,Agra,Uttar Pradesh,Jio,Mobile,0
+917439145991,Deepak Pawar,Thiruvananthapuram,Kerala,Vodafone Idea,Mobile,0
+919380369209,Aarohi Tiwari,Hubli,Karnataka,Vodafone Idea,Mobile,0
+916044258577,Padma Pai,Noida,Uttar Pradesh,Airtel,Mobile,0
+917841652570,Dhruv Jadhav,Jabalpur,Madhya Pradesh,Jio,Mobile,0
+918168594955,Ritu Choudhary,Kolkata,West Bengal,Jio,Mobile,0
+916010088229,Neelam Dutta,Delhi,Delhi,Vodafone Idea,Mobile,0
+918895488330,Anjali Banerjee,Jaipur,Rajasthan,Airtel,Mobile,0
+919862388806,Reema Yadav,Vijayawada,Andhra Pradesh,BSNL,Mobile,0
+916011378880,Aanya Jadeja,Vadodara,Gujarat,Vodafone Idea,Mobile,0
+918661389935,Sunita Chopra,Patna,Bihar,Jio,Mobile,0
+918733702523,Arun Chatterjee,Bhubaneswar,Odisha,Airtel,Mobile,0
+917828483057,Kishan Chauhan,Raipur,Chhattisgarh,Jio,Mobile,0
+918969243080,Arjun Dey,Kanpur,Uttar Pradesh,BSNL,Mobile,0
+918456797753,Arun Tiwari,Udaipur,Rajasthan,BSNL,Mobile,0
+919869502741,Aditya Kumar,Visakhapatnam,Andhra Pradesh,BSNL,Mobile,0
+919992262084,Ananya Sharma,Nagpur,Maharashtra,Vodafone Idea,Mobile,0
+919821276984,Savita Negi,Allahabad,Uttar Pradesh,Jio,Mobile,0
+917492311813,Amita Naidu,Gwalior,Madhya Pradesh,Vodafone Idea,Mobile,0
+917247076009,Arnav Barua,Ahmedabad,Gujarat,BSNL,Mobile,0
+917766428575,Sumit Joshi,Vadodara,Gujarat,BSNL,Mobile,0
+917819627791,Myra Raina,Noida,Uttar Pradesh,Jio,Mobile,0
+918716791955,Sanjiv Chopra,Vijayawada,Andhra Pradesh,Vodafone Idea,Mobile,0
+918275288706,Nandini Raina,Guwahati,Assam,Vodafone Idea,Mobile,0
+918219421296,Sumit Deshmukh,Jaipur,Rajasthan,Airtel,Mobile,0
+918326623163,Nitin Kumar,Lucknow,Uttar Pradesh,BSNL,Mobile,0
+919154117386,Aman Chauhan,Srinagar,Jammu & Kashmir,Airtel,Mobile,0
+916310205545,Kavita Rajput,Guwahati,Assam,Vodafone Idea,Mobile,0
+919663270406,Navpreet Talwar,Tiruchirappalli,Tamil Nadu,Airtel,Mobile,0
+916350485449,Aditya Jadhav,Rajkot,Gujarat,BSNL,Mobile,0
+917120409273,Ajay Bhat,Chandigarh,Punjab,BSNL,Mobile,0
+919744253414,Advik Khare,Noida,Uttar Pradesh,Vodafone Idea,Mobile,0
+919514058796,Rashmi Dar,Ludhiana,Punjab,Jio,Mobile,0
+917655913171,Naveen Ghosh,Navi Mumbai,Maharashtra,Airtel,Mobile,0
+918311699404,Simran Bhatia,Lucknow,Uttar Pradesh,Jio,Mobile,0
+917120794271,Mukesh Rawat,Bhopal,Madhya Pradesh,Jio,Mobile,0
+919930866081,Umesh Kulkarni,Jammu,Jammu & Kashmir,Vodafone Idea,Mobile,0
+919990556724,Vivaan Shetty,Kanpur,Uttar Pradesh,Airtel,Mobile,0
+918120451938,Tejinder Rajput,Lucknow,Uttar Pradesh,Vodafone Idea,Mobile,0
+918668722361,Archana Singh,Bangalore,Karnataka,Vodafone Idea,Mobile,0
+916095001430,Sunil Vaghela,Navi Mumbai,Maharashtra,Airtel,Mobile,0
+916162481437,Karun Kaul,Vadodara,Gujarat,BSNL,Mobile,0
+919699124766,Umesh Barua,Vijayawada,Andhra Pradesh,BSNL,Mobile,0
+919319576094,Vineet Menon,Ranchi,Jharkhand,Jio,Mobile,0
+919441847647,Anika Sethi,Vijayawada,Andhra Pradesh,BSNL,Mobile,0
+918137622163,Aadhya Chakraborty,Guwahati,Assam,Jio,Mobile,0
+919520893451,Lalita Mitra,Ludhiana,Punjab,Jio,Mobile,0
+919590110229,Kishan Kurup,Agra,Uttar Pradesh,Jio,Mobile,0
+918713795233,Swati Kaul,Amritsar,Punjab,Airtel,Mobile,0
+919089308645,Rakesh Shetty,Gurugram,Haryana,Jio,Mobile,0
+916379920324,Shikha Sethi,Ludhiana,Punjab,BSNL,Mobile,0
+917818094139,Naveen Patel,Udaipur,Rajasthan,Airtel,Mobile,0
+919070713048,Brijesh Dhawan,Udaipur,Rajasthan,BSNL,Mobile,0
+919693911075,Pari Rawat,Thiruvananthapuram,Kerala,BSNL,Mobile,0
+918518074836,Meera Iyer,Surat,Gujarat,Vodafone Idea,Mobile,0
+918561945420,Jyoti Kurup,Kanpur,Uttar Pradesh,Airtel,Mobile,0
+919617535323,Rahul Naidu,Vadodara,Gujarat,Airtel,Mobile,0
+917315303858,Paresh Sharma,Bhubaneswar,Odisha,Airtel,Mobile,0
+917464922402,Poonam Chakraborty,Chennai,Tamil Nadu,Vodafone Idea,Mobile,0
+918844724139,Puneet Tandon,Ranchi,Jharkhand,Jio,Mobile,0
+917927072733,Dhruv Kumar,Raipur,Chhattisgarh,Jio,Mobile,0
+918316786332,Sunanda Jain,Mangalore,Karnataka,Jio,Mobile,0
+918749434219,Deepak Modi,Ludhiana,Punjab,Vodafone Idea,Mobile,0
+918242673429,Chetan Chopra,Belgaum,Karnataka,Vodafone Idea,Mobile,0
+917118429781,Sai Chakraborty,Varanasi,Uttar Pradesh,Vodafone Idea,Mobile,0
+919594080138,Lakhan Saikia,Mangalore,Karnataka,Airtel,Mobile,0
+919678905288,Garima Jadeja,Vadodara,Gujarat,Airtel,Mobile,0
+919610027897,Naveen Garg,Shimla,Himachal Pradesh,Vodafone Idea,Mobile,0
+917048267903,Garima Bhat,Bhopal,Madhya Pradesh,Airtel,Mobile,0
+916360606065,Vivaan Saxena,Rajkot,Gujarat,BSNL,Mobile,0
+918368349637,Vinita Paul,Raipur,Chhattisgarh,Vodafone Idea,Mobile,0
+919494737590,Amita Naidu,Tiruchirappalli,Tamil Nadu,Airtel,Mobile,0
+917485864412,Vinita Kapoor,Udaipur,Rajasthan,Airtel,Mobile,0
+916228702731,Jayesh Pawar,Udaipur,Rajasthan,Vodafone Idea,Mobile,0
+917010786322,Lakshmi Chatterjee,Agra,Uttar Pradesh,Airtel,Mobile,0
+916363748625,Aditya Rao,Patna,Bihar,Airtel,Mobile,0
+919490156176,Asha Mehta,Varanasi,Uttar Pradesh,Jio,Mobile,0
+918324841348,Mohan Rajput,Delhi,Delhi,Vodafone Idea,Mobile,0
+918980782392,Gurpreet Kamath,Delhi,Delhi,Airtel,Mobile,0
+918574878441,Mohit Das,Aurangabad,Maharashtra,Jio,Mobile,0
+918597189221,Rajesh Banerjee,Surat,Gujarat,Airtel,Mobile,0
+917443245140,Shravan Shinde,Nagpur,Maharashtra,BSNL,Mobile,0
+918979645286,Tarun Patil,Madurai,Tamil Nadu,Airtel,Mobile,0
+919429077902,Harpreet Talwar,Ranchi,Jharkhand,Vodafone Idea,Mobile,0
+918151753110,Aadhya Saikia,Vijayawada,Andhra Pradesh,BSNL,Mobile,0
+918854010962,Rahul Tomar,Vijayawada,Andhra Pradesh,Jio,Mobile,0
+917131924648,Bhavna Hegde,Gurugram,Haryana,Vodafone Idea,Mobile,0
+919456386438,Yogesh Choudhary,Indore,Madhya Pradesh,Jio,Mobile,0
+918286818752,Kavita Mehta,Bangalore,Karnataka,BSNL,Mobile,0
+918868237185,Jayesh Biswas,Amritsar,Punjab,Airtel,Mobile,0
+919529562493,Lalita Mathur,Salem,Tamil Nadu,Airtel,Mobile,0
+916035141660,Smita Malhotra,Srinagar,Jammu & Kashmir,Airtel,Mobile,0
+916046403888,Nandini Chakraborty,Rajkot,Gujarat,Jio,Mobile,0
+919145504332,Pooja Roy,Patna,Bihar,Vodafone Idea,Mobile,0
+919114891375,Pari Chauhan,Jabalpur,Madhya Pradesh,BSNL,Mobile,0
+917641822527,Manju Jadeja,Mysore,Karnataka,BSNL,Mobile,0
+916253174979,Aarav Dey,Belgaum,Karnataka,Vodafone Idea,Mobile,0
+918542360619,Sara Roy,Indore,Madhya Pradesh,Airtel,Mobile,0
+919558390297,Shaurya Patil,Thane,Maharashtra,Vodafone Idea,Mobile,0
+917657432591,Shravan Shukla,Thiruvananthapuram,Kerala,Vodafone Idea,Mobile,0
+918648320110,Vinita Arora,Gurugram,Haryana,Airtel,Mobile,0
+918939070244,Brijesh Biswas,Kolkata,West Bengal,Airtel,Mobile,0
+918646697795,Rajeev Tomar,Faridabad,Haryana,Jio,Mobile,0
+918974935357,Kishan Bajaj,Raipur,Chhattisgarh,Jio,Mobile,0
+918583760308,Priya Parmar,Coimbatore,Tamil Nadu,BSNL,Mobile,0
+919064264876,Swapna Dey,Faridabad,Haryana,Jio,Mobile,0
+917540314480,Vandana Kumar,Pune,Maharashtra,Airtel,Mobile,0
+917034832741,Shikha Barua,Bangalore,Karnataka,BSNL,Mobile,0
+918019275581,Savita Biswas,Vadodara,Gujarat,BSNL,Mobile,0
+918375653885,Vivaan Saxena,Amritsar,Punjab,Airtel,Mobile,0
+918463320654,Archana Singhal,Bhopal,Madhya Pradesh,Jio,Mobile,0
+919656439686,Arnav Ghosh,Rajkot,Gujarat,Jio,Mobile,0
+918836996093,Ravi Hegde,Bhopal,Madhya Pradesh,Airtel,Mobile,0
+918912403302,Asha Banerjee,Dehradun,Uttarakhand,Airtel,Mobile,0
+919261633759,Poonam Bora,Belgaum,Karnataka,BSNL,Mobile,0
+919887157863,Ganesh Chakraborty,Hyderabad,Telangana,Airtel,Mobile,0
+917049860003,Garima Vaghela,Dehradun,Uttarakhand,BSNL,Mobile,0
+919534941972,Puneet Tandon,Ranchi,Jharkhand,Jio,Mobile,0
+919090033038,Sapna Bisht,Surat,Gujarat,BSNL,Mobile,0
+917425544502,Mohit Verma,Bhubaneswar,Odisha,Jio,Mobile,0
+918717207652,Amanpreet Solanki,Jabalpur,Madhya Pradesh,Jio,Mobile,0
+919886262670,Sachin Thakur,Vadodara,Gujarat,Airtel,Mobile,0
+919024866457,Smita Tomar,Noida,Uttar Pradesh,Airtel,Mobile,0
+917036302575,Sunita Singhal,Thiruvananthapuram,Kerala,BSNL,Mobile,0
+919888150532,Mohan Pant,Mysore,Karnataka,BSNL,Mobile,0
+918678301121,Simran Rajput,Coimbatore,Tamil Nadu,BSNL,Mobile,0
+918966304358,Sapna Sethi,Madurai,Tamil Nadu,Vodafone Idea,Mobile,0
+917610634706,Pradeep Raina,Thane,Maharashtra,BSNL,Mobile,0
+919288639757,Reshma Arora,Amritsar,Punjab,BSNL,Mobile,0
+918412699140,Sushma Choudhary,Patna,Bihar,Airtel,Mobile,0
+917191234769,Raman Negi,Kolkata,West Bengal,Airtel,Mobile,0
+917339757548,Manoj Dey,Delhi,Delhi,Airtel,Mobile,0
+918150134618,Mukesh Gupta,Varanasi,Uttar Pradesh,Airtel,Mobile,0
+919654487019,Aarohi Agarwal,Raipur,Chhattisgarh,Jio,Mobile,0
+918287979634,Lalita Shekhawat,Bangalore,Karnataka,BSNL,Mobile,0
+918621959193,Lalit Talwar,Belgaum,Karnataka,Vodafone Idea,Mobile,0
+919590184662,Naveen Bhatia,Ludhiana,Punjab,BSNL,Mobile,0
+917813270674,Ramesh Ghosh,Salem,Tamil Nadu,Airtel,Mobile,0
+916368364662,Usha Verma,Shimla,Himachal Pradesh,Vodafone Idea,Mobile,0
+919076970616,Lokesh Raina,Jodhpur,Rajasthan,Vodafone Idea,Mobile,0
+916286014689,Shaurya Roy,Madurai,Tamil Nadu,Jio,Mobile,0
+918344085212,Shikha Barua,Thiruvananthapuram,Kerala,BSNL,Mobile,0
+916265814545,Nitesh Deshmukh,Jammu,Jammu & Kashmir,Jio,Mobile,0
+916357242681,Myra Roy,Surat,Gujarat,Vodafone Idea,Mobile,0
+917063107108,Yogesh More,Ahmedabad,Gujarat,Jio,Mobile,0
+917590677824,Sapna Agarwal,Amritsar,Punjab,Airtel,Mobile,0
+917177159881,Simran Solanki,Tiruchirappalli,Tamil Nadu,Jio,Mobile,0
+918557094584,Jaspreet Rao,Varanasi,Uttar Pradesh,BSNL,Mobile,0
+916122783673,Anita Garg,Vadodara,Gujarat,Airtel,Mobile,0
+919324931592,Gurpreet Roy,Ghaziabad,Uttar Pradesh,BSNL,Mobile,0
+919766791354,Priya Sethi,Navi Mumbai,Maharashtra,BSNL,Mobile,0
+917781555742,Ramesh Jadhav,Aurangabad,Maharashtra,BSNL,Mobile,0
+919654420107,Reyansh Rawat,Hyderabad,Telangana,BSNL,Mobile,0
+918080461760,Ravi Desai,Guwahati,Assam,Jio,Mobile,0
+918524018440,Ajay Jadhav,Belgaum,Karnataka,BSNL,Mobile,0
+916190623912,Vihaan Tiwari,Salem,Tamil Nadu,Airtel,Mobile,0
+918337073546,Sarita Mathur,Jodhpur,Rajasthan,BSNL,Mobile,0
+916393820854,Vipul More,Kanpur,Uttar Pradesh,Vodafone Idea,Mobile,0
+919541748401,Ravi Verma,Mysore,Karnataka,Jio,Mobile,0
+918722539134,Kishan Yadav,Mysore,Karnataka,Vodafone Idea,Mobile,0
+918038149312,Arjun Gowda,Bhubaneswar,Odisha,Jio,Mobile,0
+918999316172,Usha Mir,Hyderabad,Telangana,BSNL,Mobile,0
+918613585157,Kavita Khare,Ahmedabad,Gujarat,BSNL,Mobile,0
+918161807618,Sara Jadhav,Faridabad,Haryana,BSNL,Mobile,0
+916282315376,Naveen Patel,Visakhapatnam,Andhra Pradesh,Jio,Mobile,0
+917046704558,Lalita Dar,Mysore,Karnataka,Vodafone Idea,Mobile,0
+918930352338,Gurpreet Banerjee,Indore,Madhya Pradesh,Vodafone Idea,Mobile,0
+918453044607,Rajeev Dubey,Belgaum,Karnataka,BSNL,Mobile,0
+918152238618,Sushma Tripathi,Rajkot,Gujarat,Vodafone Idea,Mobile,0
+918358831428,Ganesh Chauhan,Madurai,Tamil Nadu,BSNL,Mobile,0
+918561345128,Aadhya Ghosh,Chandigarh,Punjab,Airtel,Mobile,0
+919175044315,Aman Jadhav,Jammu,Jammu & Kashmir,BSNL,Mobile,0
+919775751602,Rahul Singhal,Ludhiana,Punjab,Airtel,Mobile,0
+917528913659,Anika Kumar,Jodhpur,Rajasthan,Airtel,Mobile,0
+917251114636,Lakhan Kurup,Kochi,Kerala,Vodafone Idea,Mobile,0
+917189343153,Aarohi Nair,Chennai,Tamil Nadu,BSNL,Mobile,0
+918866879926,Pari Shinde,Rajkot,Gujarat,BSNL,Mobile,0
+919670458933,Reema Thakur,Bhopal,Madhya Pradesh,BSNL,Mobile,0
+917253838404,Sneha Mehra,Raipur,Chhattisgarh,Airtel,Mobile,0
+918548946886,Sneha Tripathi,Thane,Maharashtra,Airtel,Mobile,0
+918849326111,Shalini Roy,Jodhpur,Rajasthan,Airtel,Mobile,0
+918399010780,Kabir Mandal,Coimbatore,Tamil Nadu,Airtel,Mobile,0
+917637232435,Rudra Mandal,Pune,Maharashtra,Vodafone Idea,Mobile,0
+918311765550,Anita Singh,Agra,Uttar Pradesh,Jio,Mobile,0
+917627752818,Uma Pai,Gurugram,Haryana,Vodafone Idea,Mobile,0
+917116942191,Anvi Dey,Udaipur,Rajasthan,Jio,Mobile,0
+916328423852,Padma Yadav,Hubli,Karnataka,BSNL,Mobile,0
+918918108606,Sunita Saxena,Ludhiana,Punjab,Airtel,Mobile,0
+918039211216,Aadhya Malhotra,Udaipur,Rajasthan,Jio,Mobile,0
+916231308616,Raman Singh,Allahabad,Uttar Pradesh,Jio,Mobile,0
+918166017548,Vishal Jadhav,Vijayawada,Andhra Pradesh,Airtel,Mobile,0
+919888420744,Vipul Bose,Faridabad,Haryana,Airtel,Mobile,0
+918840919839,Rupesh Patel,Gwalior,Madhya Pradesh,Jio,Mobile,0
+916179979961,Chetan Hegde,Pune,Maharashtra,BSNL,Mobile,0
+918245221314,Kunal Rajput,Faridabad,Haryana,Vodafone Idea,Mobile,0
+917176507074,Ritu Rajput,Udaipur,Rajasthan,BSNL,Mobile,0
+919839845888,Anita Talwar,Nagpur,Maharashtra,BSNL,Mobile,0
+917343670647,Rahul Chauhan,Aurangabad,Maharashtra,BSNL,Mobile,0
+918919859386,Amit Biswas,Nagpur,Maharashtra,BSNL,Mobile,0
+919246513950,Shaurya Biswas,Agra,Uttar Pradesh,Vodafone Idea,Mobile,0
+916190848576,Aarav Vaghela,Mangalore,Karnataka,BSNL,Mobile,0
+919267297471,Asha Rawat,Chandigarh,Punjab,BSNL,Mobile,0
+918412891501,Dinesh Agarwal,Kolkata,West Bengal,BSNL,Mobile,0
+919563390277,Shravan Pawar,Ludhiana,Punjab,Airtel,Mobile,0
+918727547592,Advik Mukherjee,Coimbatore,Tamil Nadu,Airtel,Mobile,0
+918851974616,Ravi Shah,Bangalore,Karnataka,BSNL,Mobile,0
+918636704173,Deepa Gupta,Tiruchirappalli,Tamil Nadu,BSNL,Mobile,0
+918932572765,Padma Dhawan,Varanasi,Uttar Pradesh,Vodafone Idea,Mobile,0
+918999266878,Vinita Mandal,Thiruvananthapuram,Kerala,Jio,Mobile,0
+917332572699,Swati Pant,Navi Mumbai,Maharashtra,BSNL,Mobile,0
+916095532725,Kiran Khare,Raipur,Chhattisgarh,Vodafone Idea,Mobile,0
+917988437722,Umesh Bose,Lucknow,Uttar Pradesh,Airtel,Mobile,0
+917084311399,Shalini Mitra,Salem,Tamil Nadu,Airtel,Mobile,0
+918560006062,Rakesh Agarwal,Rajkot,Gujarat,Jio,Mobile,0
+917343507166,Ansh Singhal,Pune,Maharashtra,Airtel,Mobile,0
+919852858868,Garima Dubey,Ranchi,Jharkhand,Airtel,Mobile,0
+916223496807,Puneet Ahuja,Chandigarh,Punjab,Jio,Mobile,0
+918312798880,Lakshmi Shekhawat,Gurugram,Haryana,BSNL,Mobile,0
+919823144553,Anika Mukherjee,Pune,Maharashtra,Vodafone Idea,Mobile,0
+918650500575,Anika Patil,Pune,Maharashtra,BSNL,Mobile,0
+919692213634,Sarita Patel,Hubli,Karnataka,Jio,Mobile,0
+918612782791,Reema Kurup,Chandigarh,Punjab,Vodafone Idea,Mobile,0
+917936661193,Satish Singh,Lucknow,Uttar Pradesh,Airtel,Mobile,0
+917159693126,Sara Talwar,Kanpur,Uttar Pradesh,Jio,Mobile,0
+918779569014,Kiran Mathur,Coimbatore,Tamil Nadu,Jio,Mobile,0
+918453412966,Asha Nair,Belgaum,Karnataka,Jio,Mobile,0
+918976543455,Ananya Reddy,Gwalior,Madhya Pradesh,Airtel,Mobile,0
+918133885145,Swati Menon,Agra,Uttar Pradesh,BSNL,Mobile,0
+917770053565,Dhruv Kamath,Salem,Tamil Nadu,Airtel,Mobile,0
+918829966012,Savita Biswas,Visakhapatnam,Andhra Pradesh,BSNL,Mobile,0
+918771424624,Myra Mehra,Agra,Uttar Pradesh,BSNL,Mobile,0
+917121529534,Arjun Dhawan,Chennai,Tamil Nadu,Vodafone Idea,Mobile,0
+919636151039,Nisha Barua,Jodhpur,Rajasthan,Jio,Mobile,0
+917887758020,Meera Kapoor,Faridabad,Haryana,Jio,Mobile,0
+917552834838,Nikhil Tandon,Chandigarh,Punjab,Jio,Mobile,0
+919913147069,Sneha Barua,Raipur,Chhattisgarh,Vodafone Idea,Mobile,0
+919825298914,Kiran Khare,Hubli,Karnataka,Airtel,Mobile,0
+919863867933,Krishna Rajput,Kolkata,West Bengal,Jio,Mobile,0
+917716631370,Uma Dar,Nashik,Maharashtra,Airtel,Mobile,0
+917559140980,Advik Bose,Nagpur,Maharashtra,Jio,Mobile,0
+919763008317,Hitesh Joshi,Kanpur,Uttar Pradesh,Jio,Mobile,0
+919750500319,Ishaan Paul,Udaipur,Rajasthan,Vodafone Idea,Mobile,0
+917033359508,Reema Negi,Visakhapatnam,Andhra Pradesh,BSNL,Mobile,0
+917860055449,Karun Sen,Agra,Uttar Pradesh,Airtel,Mobile,0
+918448088797,Pankaj Deshmukh,Tiruchirappalli,Tamil Nadu,Airtel,Mobile,0
+918141624674,Manju Paul,Patna,Bihar,Vodafone Idea,Mobile,0
+917518567044,Savita Chopra,Navi Mumbai,Maharashtra,Vodafone Idea,Mobile,0
+917576159079,Vivaan Mehra,Ludhiana,Punjab,BSNL,Mobile,0
+918276355883,Sneha Thakur,Gwalior,Madhya Pradesh,Jio,Mobile,0
+917188748156,Myra Barua,Ghaziabad,Uttar Pradesh,BSNL,Mobile,0
+917919638358,Myra Kulkarni,Hubli,Karnataka,Vodafone Idea,Mobile,0
+916178476321,Rahul Rawat,Surat,Gujarat,Airtel,Mobile,0
+919461427778,Puneet Menon,Rajkot,Gujarat,Jio,Mobile,0
+918026246198,Arnav Mishra,Noida,Uttar Pradesh,Jio,Mobile,0
+917121370600,Deepak Mishra,Nagpur,Maharashtra,Airtel,Mobile,0
+917079176284,Amanpreet Barua,Jabalpur,Madhya Pradesh,BSNL,Mobile,0
+918613736695,Vinita Ahuja,Jabalpur,Madhya Pradesh,Jio,Mobile,0
+918125307394,Seema Shukla,Raipur,Chhattisgarh,Jio,Mobile,0
+916298986516,Girish Vaghela,Rajkot,Gujarat,Vodafone Idea,Mobile,0
+919018313357,Padma Jain,Varanasi,Uttar Pradesh,Vodafone Idea,Mobile,0
+917062630588,Kuldeep Biswas,Salem,Tamil Nadu,Airtel,Mobile,0
+917450319175,Karthik Tripathi,Delhi,Delhi,Jio,Mobile,0
+919351793715,Pooja Mandal,Jodhpur,Rajasthan,Jio,Mobile,0
+918124310625,Arjun Solanki,Nashik,Maharashtra,Jio,Mobile,0
+917211280023,Usha Jadeja,Hubli,Karnataka,Vodafone Idea,Mobile,0
+916181140741,Deepa Raina,Mumbai,Maharashtra,BSNL,Mobile,0
+917560771106,Varun Desai,Gwalior,Madhya Pradesh,Jio,Mobile,0
+918655028854,Vipul Mukherjee,Udaipur,Rajasthan,Vodafone Idea,Mobile,0
+916356767929,Myra Dutta,Madurai,Tamil Nadu,Vodafone Idea,Mobile,0
+917396780853,Deepa Bose,Visakhapatnam,Andhra Pradesh,Jio,Mobile,0
+918248867265,Kavita Shukla,Agra,Uttar Pradesh,Jio,Mobile,0
+918450247397,Amita Kurup,Thiruvananthapuram,Kerala,Vodafone Idea,Mobile,0
+919264239655,Asha Pai,Amritsar,Punjab,Vodafone Idea,Mobile,0
+918083260611,Hitesh Kapoor,Varanasi,Uttar Pradesh,Vodafone Idea,Mobile,0
+916196836158,Rajeev Mandal,Mysore,Karnataka,BSNL,Mobile,0
+917350004791,Shaurya Gogoi,Patna,Bihar,Jio,Mobile,0
+917012505684,Shalini Vaghela,Bangalore,Karnataka,Vodafone Idea,Mobile,0
+916158238881,Aarush Raina,Jammu,Jammu & Kashmir,Vodafone Idea,Mobile,0
+918923803340,Uma Ghosh,Noida,Uttar Pradesh,BSNL,Mobile,0
+917132578287,Pari Vaghela,Jabalpur,Madhya Pradesh,Jio,Mobile,0
+917655042260,Vijay Sethi,Faridabad,Haryana,Airtel,Mobile,0
+917873707149,Garima Nair,Varanasi,Uttar Pradesh,BSNL,Mobile,0
+917374285148,Nandini Dhawan,Srinagar,Jammu & Kashmir,Jio,Mobile,0
+918523783638,Nitesh Chauhan,Dehradun,Uttarakhand,BSNL,Mobile,0
+918523153287,Myra Shekhawat,Bangalore,Karnataka,Airtel,Mobile,0
+918211941840,Asha Das,Indore,Madhya Pradesh,Airtel,Mobile,0
+917186807099,Uma Goyal,Raipur,Chhattisgarh,Jio,Mobile,0
+919858693923,Diya Wani,Thiruvananthapuram,Kerala,Vodafone Idea,Mobile,0
+918382956032,Anjali Mukherjee,Amritsar,Punjab,Airtel,Mobile,0
+919874312953,Namita Dey,Shimla,Himachal Pradesh,Jio,Mobile,0
+919144723418,Manpreet Ghosh,Nagpur,Maharashtra,Airtel,Mobile,0
+918872306294,Harpreet Vaghela,Chennai,Tamil Nadu,BSNL,Mobile,0
+917876546861,Shravan Saxena,Surat,Gujarat,BSNL,Mobile,0
+917275006080,Anjali Sarkar,Patna,Bihar,BSNL,Mobile,0
+918913244743,Karun Mehra,Bhopal,Madhya Pradesh,Airtel,Mobile,0
+919326530640,Sukhpreet Bhatia,Delhi,Delhi,BSNL,Mobile,0
+919262449792,Sarita Pillai,Jabalpur,Madhya Pradesh,Vodafone Idea,Mobile,0
+917515056414,Naresh Mandal,Jaipur,Rajasthan,Jio,Mobile,0
+917132031286,Padma Naidu,Chennai,Tamil Nadu,BSNL,Mobile,0
+919391918872,Kabir Bajaj,Allahabad,Uttar Pradesh,BSNL,Mobile,0
+917411682014,Tarun Shinde,Madurai,Tamil Nadu,Vodafone Idea,Mobile,0
+916083832303,Mohit Suri,Varanasi,Uttar Pradesh,Airtel,Mobile,0
+918957151133,Simran Arora,Jammu,Jammu & Kashmir,Jio,Mobile,0
+918070915527,Pooja Shah,Agra,Uttar Pradesh,Jio,Mobile,0
+918638072721,Namita Bhat,Gwalior,Madhya Pradesh,Jio,Mobile,0
+919383520068,Nitin Menon,Amritsar,Punjab,Airtel,Mobile,0
+917182100516,Aarav Tomar,Ahmedabad,Gujarat,BSNL,Mobile,0
+919241983657,Deepak Negi,Dehradun,Uttarakhand,Airtel,Mobile,0
+919467078570,Anjali Bose,Vijayawada,Andhra Pradesh,Airtel,Mobile,0
+918864866029,Rajeev Parmar,Ahmedabad,Gujarat,Jio,Mobile,0
+916049236073,Priya Parmar,Mumbai,Maharashtra,Jio,Mobile,0
+919735627860,Nitin Joshi,Faridabad,Haryana,Airtel,Mobile,0
+919189171159,Gaurav Kumar,Belgaum,Karnataka,BSNL,Mobile,0
+916216995111,Priya Mehta,Srinagar,Jammu & Kashmir,Vodafone Idea,Mobile,0
+917737266048,Lakhan Shah,Mysore,Karnataka,Vodafone Idea,Mobile,0
+918478531690,Yogesh Mathur,Ludhiana,Punjab,BSNL,Mobile,0
+918839310030,Namita Ghosh,Hubli,Karnataka,Jio,Mobile,0
+918541919039,Jayesh Jadeja,Ranchi,Jharkhand,BSNL,Mobile,0
+918938202116,Lalita More,Dehradun,Uttarakhand,BSNL,Mobile,0
+916377149305,Amanpreet Chatterjee,Ranchi,Jharkhand,Airtel,Mobile,0
+916127454287,Myra Solanki,Jammu,Jammu & Kashmir,BSNL,Mobile,0
+918156563316,Jaspreet Shetty,Chandigarh,Punjab,Jio,Mobile,0
+919341350825,Naresh Paul,Nashik,Maharashtra,Jio,Mobile,0
+917271165950,Aanya Patel,Udaipur,Rajasthan,Jio,Mobile,0
+917086536967,Harpreet Rathore,Kochi,Kerala,Airtel,Mobile,0
+916041514109,Kabir Kamath,Mysore,Karnataka,Airtel,Mobile,0
+919246701523,Rajesh Kulkarni,Shimla,Himachal Pradesh,Vodafone Idea,Mobile,0
+918690344825,Jaspreet Mathur,Mumbai,Maharashtra,Jio,Mobile,0
+917254423725,Satish Gogoi,Raipur,Chhattisgarh,Vodafone Idea,Mobile,0
+919166370979,Vandana Nair,Visakhapatnam,Andhra Pradesh,Airtel,Mobile,0
+917061276080,Anvi Bajaj,Patna,Bihar,BSNL,Mobile,0
+916399966641,Shalini Banerjee,Amritsar,Punjab,Jio,Mobile,0
+917768445720,Bhavna Chauhan,Nashik,Maharashtra,Jio,Mobile,0
+916229841086,Jayesh Sen,Varanasi,Uttar Pradesh,BSNL,Mobile,0
+918643862956,Manish Agarwal,Gwalior,Madhya Pradesh,Jio,Mobile,0
+916364137488,Manoj Pillai,Faridabad,Haryana,Airtel,Mobile,0
+918765425610,Smita Agarwal,Tiruchirappalli,Tamil Nadu,Vodafone Idea,Mobile,0
+919065515636,Swapna Gowda,Jaipur,Rajasthan,Airtel,Mobile,0
+919143206363,Vinod Pawar,Pune,Maharashtra,Airtel,Mobile,0
+917990647995,Sunita Deshmukh,Mysore,Karnataka,Vodafone Idea,Mobile,0
+918051861173,Arnav Bisht,Allahabad,Uttar Pradesh,BSNL,Mobile,0
+919942880449,Sachin Mehra,Udaipur,Rajasthan,Vodafone Idea,Mobile,0
+917987326338,Anjali Saikia,Bangalore,Karnataka,Vodafone Idea,Mobile,0
+916320635968,Rudra Thakur,Surat,Gujarat,Jio,Mobile,0
+919375314191,Manju Wani,Bhopal,Madhya Pradesh,Vodafone Idea,Mobile,0
+916025356404,Sumit Joshi,Visakhapatnam,Andhra Pradesh,BSNL,Mobile,0
+919325293438,Harish Agarwal,Udaipur,Rajasthan,BSNL,Mobile,0
+916163170418,Asha Pawar,Srinagar,Jammu & Kashmir,Airtel,Mobile,0
+918642014566,Pavan Shetty,Kolkata,West Bengal,BSNL,Mobile,0
+917618155887,Pari Talwar,Pune,Maharashtra,BSNL,Mobile,0
+916387623649,Kunal Sarkar,Madurai,Tamil Nadu,Vodafone Idea,Mobile,0
+919722955134,Kapil Biswas,Srinagar,Jammu & Kashmir,BSNL,Mobile,0
+919985785557,Lokesh Shukla,Jaipur,Rajasthan,Airtel,Mobile,0
+917039740210,Bhavna Gogoi,Gwalior,Madhya Pradesh,Airtel,Mobile,0
+919350741842,Aarohi Jadhav,Salem,Tamil Nadu,Jio,Mobile,0
+916171508876,Nisha Pawar,Visakhapatnam,Andhra Pradesh,Airtel,Mobile,0
+917892766542,Rohit Dutta,Pune,Maharashtra,Vodafone Idea,Mobile,0
+917435072098,Aarush Patil,Ranchi,Jharkhand,Jio,Mobile,0
+919857028250,Karun Sharma,Ranchi,Jharkhand,BSNL,Mobile,0
+917226070608,Dhruv Bisht,Coimbatore,Tamil Nadu,Airtel,Mobile,0
+917346874431,Rachna Malhotra,Allahabad,Uttar Pradesh,Jio,Mobile,0
+919213676492,Nikhil Dutta,Mumbai,Maharashtra,BSNL,Mobile,0
+917759463617,Rajesh Tripathi,Coimbatore,Tamil Nadu,BSNL,Mobile,0
+917370226048,Paresh Shinde,Rajkot,Gujarat,Airtel,Mobile,0
+917016426566,Ritesh Mandal,Agra,Uttar Pradesh,Vodafone Idea,Mobile,0
+919763016169,Sachin Saikia,Ahmedabad,Gujarat,Airtel,Mobile,0
+917314257822,Jyoti Pai,Patna,Bihar,Jio,Mobile,0
+917341312860,Sukhpreet Sharma,Patna,Bihar,Jio,Mobile,0
+918422503176,Vinita Chakraborty,Lucknow,Uttar Pradesh,Jio,Mobile,0
+916256158716,Pari Bora,Guwahati,Assam,Vodafone Idea,Mobile,0
+919524514234,Rohit Jain,Patna,Bihar,Airtel,Mobile,0
+916131460542,Advik Shinde,Allahabad,Uttar Pradesh,Airtel,Mobile,0
+917791268567,Lakshmi Mathur,Jaipur,Rajasthan,BSNL,Mobile,0
+918095711197,Sneha Mukherjee,Indore,Madhya Pradesh,BSNL,Mobile,0
+918719795859,Neha Sethi,Jodhpur,Rajasthan,Vodafone Idea,Mobile,0
+918334636454,Sanjiv Rawat,Hyderabad,Telangana,Jio,Mobile,0
+917581213278,Ansh Mitra,Vijayawada,Andhra Pradesh,Jio,Mobile,0
+917037773871,Usha Wani,Dehradun,Uttarakhand,Airtel,Mobile,0
+919164347192,Sanjiv Jadhav,Surat,Gujarat,Jio,Mobile,0
+918565002771,Deepak Kamath,Ranchi,Jharkhand,Jio,Mobile,0
+919390622158,Rachna Bisht,Ludhiana,Punjab,Jio,Mobile,0
+916098624721,Garima Gowda,Jaipur,Rajasthan,BSNL,Mobile,0
+919811703654,Reshma Bora,Surat,Gujarat,BSNL,Mobile,0
+918782087285,Arjun Sen,Kolkata,West Bengal,Vodafone Idea,Mobile,0
+919955902926,Ajay Negi,Nagpur,Maharashtra,Vodafone Idea,Mobile,0
+917348787841,Shalini Jain,Chennai,Tamil Nadu,Airtel,Mobile,0
+916136765477,Kapil Patil,Vadodara,Gujarat,Jio,Mobile,0
+917651439199,Paresh Chakraborty,Ahmedabad,Gujarat,Vodafone Idea,Mobile,0
+919793291250,Pari Agarwal,Jammu,Jammu & Kashmir,Airtel,Mobile,0
+917364859678,Amita Goyal,Ghaziabad,Uttar Pradesh,Jio,Mobile,0
+918123390835,Aanya Gogoi,Madurai,Tamil Nadu,Airtel,Mobile,0
+918965059180,Sarita Tripathi,Surat,Gujarat,Jio,Mobile,0
+916330916403,Ritu Mathur,Ghaziabad,Uttar Pradesh,Jio,Mobile,0
+919842398300,Vijay Khanna,Salem,Tamil Nadu,BSNL,Mobile,0
+919785923338,Ashish Das,Thiruvananthapuram,Kerala,BSNL,Mobile,0
+918865761923,Yogesh Jadeja,Delhi,Delhi,Jio,Mobile,0
+916394463776,Amit Bhat,Rajkot,Gujarat,Vodafone Idea,Mobile,0
+917635479244,Shikha Gogoi,Aurangabad,Maharashtra,BSNL,Mobile,0
+917852165322,Seema Chatterjee,Srinagar,Jammu & Kashmir,BSNL,Mobile,0
+919538104694,Gurpreet Kumar,Mangalore,Karnataka,Airtel,Mobile,0
+917041457805,Aarush Parmar,Surat,Gujarat,Vodafone Idea,Mobile,0
+919781047063,Pradeep Barua,Patna,Bihar,Jio,Mobile,0
+918578771500,Dhruv Kamath,Bhopal,Madhya Pradesh,Vodafone Idea,Mobile,0
+918987669190,Rudra Chakraborty,Kochi,Kerala,Jio,Mobile,0
+918138100765,Aman Raina,Gwalior,Madhya Pradesh,Vodafone Idea,Mobile,0
+917116370994,Deepak Warrier,Aurangabad,Maharashtra,Jio,Mobile,0
+918019977230,Nandini Patil,Allahabad,Uttar Pradesh,Airtel,Mobile,0
+917940888452,Aarav Banerjee,Coimbatore,Tamil Nadu,Jio,Mobile,0
+917447281101,Bhavna Goyal,Chennai,Tamil Nadu,Jio,Mobile,0
+916187321257,Anita Singhal,Varanasi,Uttar Pradesh,Airtel,Mobile,0
+919263329858,Vandana Rawat,Jabalpur,Madhya Pradesh,BSNL,Mobile,0
+919780000647,Swapna Pawar,Hubli,Karnataka,BSNL,Mobile,0
+916127989603,Kiran Kaul,Ghaziabad,Uttar Pradesh,Jio,Mobile,0
+918528596099,Kavita Chopra,Amritsar,Punjab,Jio,Mobile,0
+916211601537,Rahul Joshi,Mysore,Karnataka,Airtel,Mobile,0
+917511837421,Smita Choudhary,Salem,Tamil Nadu,Jio,Mobile,0
+919063530315,Rakesh Khare,Vijayawada,Andhra Pradesh,Jio,Mobile,0
+918386302722,Aanya Solanki,Ghaziabad,Uttar Pradesh,Airtel,Mobile,0
+917852856919,Sapna Mukherjee,Agra,Uttar Pradesh,Airtel,Mobile,0
+916388376453,Neelam Thakur,Delhi,Delhi,Jio,Mobile,0
+918953591380,Chetan Mathur,Hubli,Karnataka,BSNL,Mobile,0
+918622810470,Anita Pillai,Kolkata,West Bengal,Vodafone Idea,Mobile,0
+916312351373,Girish Shah,Ghaziabad,Uttar Pradesh,BSNL,Mobile,0
+919025436836,Anita Goyal,Srinagar,Jammu & Kashmir,Airtel,Mobile,0
+917578784409,Ritesh Khanna,Noida,Uttar Pradesh,Jio,Mobile,0
+917549360007,Harpreet Pandey,Mysore,Karnataka,Vodafone Idea,Mobile,0
+916199206603,Roshan Desai,Dehradun,Uttarakhand,BSNL,Mobile,0
+917088875676,Aarohi Pillai,Jabalpur,Madhya Pradesh,BSNL,Mobile,0
+917761073444,Arun Rao,Udaipur,Rajasthan,Jio,Mobile,0
+919480318628,Sunita Paul,Madurai,Tamil Nadu,BSNL,Mobile,0
+916144499465,Dinesh Shukla,Bangalore,Karnataka,Vodafone Idea,Mobile,0
+919598345256,Shalini Yadav,Salem,Tamil Nadu,Airtel,Mobile,0
+919156083402,Ananya Thakur,Shimla,Himachal Pradesh,Jio,Mobile,0
+919799449804,Kiran Thakur,Chennai,Tamil Nadu,Vodafone Idea,Mobile,0
+917473098837,Vishal Nair,Dehradun,Uttarakhand,Vodafone Idea,Mobile,0
+918592271104,Vinita Naidu,Bhubaneswar,Odisha,Vodafone Idea,Mobile,0
+918344918589,Jaspreet Sethi,Pune,Maharashtra,Jio,Mobile,0
+917286318073,Sumit Chatterjee,Amritsar,Punjab,Vodafone Idea,Mobile,0
+917149960358,Neelam Menon,Navi Mumbai,Maharashtra,Vodafone Idea,Mobile,0
+916019685233,Anjali Mishra,Guwahati,Assam,Jio,Mobile,0
+918325010185,Sapna Biswas,Faridabad,Haryana,Jio,Mobile,0
+919772858677,Kuldeep Jadeja,Patna,Bihar,Vodafone Idea,Mobile,0
+917652602212,Geeta Kumar,Kochi,Kerala,Airtel,Mobile,0
+917847606807,Sarita Iyer,Guwahati,Assam,Vodafone Idea,Mobile,0
+919327481544,Advik Patil,Nashik,Maharashtra,Jio,Mobile,0
+918436508150,Tejinder Shekhawat,Varanasi,Uttar Pradesh,Jio,Mobile,0
+918774060402,Hitesh Chopra,Hubli,Karnataka,Airtel,Mobile,0
+918551489864,Vinita Jadhav,Jabalpur,Madhya Pradesh,Airtel,Mobile,0
+917910495725,Lakshmi Goyal,Ranchi,Jharkhand,BSNL,Mobile,0
+919310282756,Sohan Jain,Vijayawada,Andhra Pradesh,Jio,Mobile,0
+919514965104,Rachna Mitra,Vadodara,Gujarat,Jio,Mobile,0
+919963818635,Simran Bisht,Lucknow,Uttar Pradesh,BSNL,Mobile,0
+918270936082,Roshan Saikia,Navi Mumbai,Maharashtra,BSNL,Mobile,0
+919789413522,Bhavna Pandey,Rajkot,Gujarat,Airtel,Mobile,0
+919499954469,Vivaan Gupta,Hubli,Karnataka,Vodafone Idea,Mobile,0
+916286124024,Rajesh Nair,Belgaum,Karnataka,Vodafone Idea,Mobile,0
+918028617266,Tushar Yadav,Kanpur,Uttar Pradesh,Jio,Mobile,0
+919084422646,Manju Mir,Aurangabad,Maharashtra,Airtel,Mobile,0
+918993083801,Reema Biswas,Mumbai,Maharashtra,Vodafone Idea,Mobile,0
+918618362795,Lalita Verma,Amritsar,Punjab,Vodafone Idea,Mobile,0
+919171792629,Amit Mehra,Hubli,Karnataka,Jio,Mobile,0
+918185392212,Ashish Raina,Ahmedabad,Gujarat,Vodafone Idea,Mobile,0
+918152772851,Rashmi Sethi,Tiruchirappalli,Tamil Nadu,BSNL,Mobile,0
+918696665659,Dhruv Bhatia,Mangalore,Karnataka,Jio,Mobile,0
+916168004124,Vineet Gupta,Thiruvananthapuram,Kerala,Airtel,Mobile,0
+916111835891,Jaspreet Solanki,Thiruvananthapuram,Kerala,Vodafone Idea,Mobile,0
+919390018223,Simran Dutta,Gwalior,Madhya Pradesh,BSNL,Mobile,0
+919359853318,Sara Chakraborty,Nashik,Maharashtra,Airtel,Mobile,0
+919264965488,Ajay Pandey,Indore,Madhya Pradesh,Jio,Mobile,0
+918716908083,Sarita Pant,Gwalior,Madhya Pradesh,Vodafone Idea,Mobile,0
+917073972454,Lakshmi Gowda,Allahabad,Uttar Pradesh,Airtel,Mobile,0
+917587841289,Archana Naidu,Lucknow,Uttar Pradesh,Vodafone Idea,Mobile,0
+916233470213,Namita Reddy,Kanpur,Uttar Pradesh,Airtel,Mobile,0
+919142603000,Ravi Pandey,Thiruvananthapuram,Kerala,Vodafone Idea,Mobile,0
+919479382627,Ishaan Ahuja,Kanpur,Uttar Pradesh,Jio,Mobile,0
+917199485980,Mohan Chatterjee,Jodhpur,Rajasthan,BSNL,Mobile,0
+917581016348,Aanya Patel,Jabalpur,Madhya Pradesh,Jio,Mobile,0
+916044420164,Rahul Kamath,Madurai,Tamil Nadu,Vodafone Idea,Mobile,0
+917879554553,Kunal Parmar,Chennai,Tamil Nadu,Vodafone Idea,Mobile,0
+919341887221,Shaurya Barua,Bangalore,Karnataka,BSNL,Mobile,0
+919887478674,Sachin Gogoi,Gurugram,Haryana,Airtel,Mobile,0
+917122532208,Reshma Jadhav,Kolkata,West Bengal,Airtel,Mobile,0
+918116009773,Simran Chauhan,Indore,Madhya Pradesh,Vodafone Idea,Mobile,0
+919184776780,Seema Ahuja,Allahabad,Uttar Pradesh,Airtel,Mobile,0
+917331314736,Ajay Kurup,Guwahati,Assam,Vodafone Idea,Mobile,0
+917653518536,Mukul Chauhan,Mumbai,Maharashtra,Airtel,Mobile,0
+916132382926,Sohan Saxena,Noida,Uttar Pradesh,Jio,Mobile,0
+916283979895,Aanya Wani,Hyderabad,Telangana,Vodafone Idea,Mobile,0
+918142688612,Bhavna Yadav,Bhubaneswar,Odisha,Jio,Mobile,0
+919515377365,Advik Rawat,Pune,Maharashtra,Airtel,Mobile,0
+919992099184,Sukhpreet Barua,Jodhpur,Rajasthan,Jio,Mobile,0
+917365709751,Simran Reddy,Vijayawada,Andhra Pradesh,BSNL,Mobile,0
+917889648098,Amanpreet Kaul,Kochi,Kerala,Airtel,Mobile,0
+917845771800,Dhruv Bisht,Gwalior,Madhya Pradesh,BSNL,Mobile,0
+919119792357,Aanya Naidu,Raipur,Chhattisgarh,Jio,Mobile,0
+916213732942,Sukhpreet Warrier,Salem,Tamil Nadu,Airtel,Mobile,0
+917425621477,Swapna Mandal,Jabalpur,Madhya Pradesh,Jio,Mobile,0
+917945458671,Vihaan Jadeja,Ghaziabad,Uttar Pradesh,Vodafone Idea,Mobile,0
+918998050520,Jyoti Goyal,Aurangabad,Maharashtra,Airtel,Mobile,0
+917959077984,Aanya Reddy,Patna,Bihar,BSNL,Mobile,0
+918288568013,Myra Paul,Surat,Gujarat,Vodafone Idea,Mobile,0
+918494933766,Savita Mehta,Nashik,Maharashtra,BSNL,Mobile,0
+919772234304,Puneet Sen,Jaipur,Rajasthan,Jio,Mobile,0
+919783563228,Yash Kurup,Thiruvananthapuram,Kerala,Vodafone Idea,Mobile,0
+918833968742,Shravan Nair,Thane,Maharashtra,Jio,Mobile,0
+917292952188,Sarita Jain,Ghaziabad,Uttar Pradesh,Airtel,Mobile,0
+919325373748,Harpreet Malhotra,Nagpur,Maharashtra,Airtel,Mobile,0
+916376112748,Arun Goyal,Bangalore,Karnataka,BSNL,Mobile,0
+917725689315,Satish Shah,Shimla,Himachal Pradesh,Airtel,Mobile,0
+917878631254,Sneha Mehra,Madurai,Tamil Nadu,Jio,Mobile,0
+917361653417,Swati Kurup,Shimla,Himachal Pradesh,Airtel,Mobile,0
+919153897527,Neha Pai,Thiruvananthapuram,Kerala,Jio,Mobile,0
+919033871684,Manju Shetty,Ahmedabad,Gujarat,Vodafone Idea,Mobile,0
+916077768716,Yogesh Mitra,Pune,Maharashtra,Jio,Mobile,0
+919227973482,Poonam Chauhan,Tiruchirappalli,Tamil Nadu,BSNL,Mobile,0
+916058760178,Aman Shetty,Guwahati,Assam,Vodafone Idea,Mobile,0
+918860235718,Namita Mehta,Thane,Maharashtra,BSNL,Mobile,0
+918674335501,Nandini Sarkar,Raipur,Chhattisgarh,Jio,Mobile,0
+919411342541,Anvi Saikia,Navi Mumbai,Maharashtra,Jio,Mobile,0
+918695957171,Amanpreet Mukherjee,Surat,Gujarat,Vodafone Idea,Mobile,0
+918417920989,Roshan Sarkar,Udaipur,Rajasthan,BSNL,Mobile,0
+918772740878,Harish Jain,Chandigarh,Punjab,Airtel,Mobile,0
+917030564698,Sushma Mitra,Jammu,Jammu & Kashmir,Vodafone Idea,Mobile,0
+918371046670,Gurpreet Mehta,Mumbai,Maharashtra,Vodafone Idea,Mobile,0
+917335997361,Naveen Gupta,Rajkot,Gujarat,Jio,Mobile,0
+918148606751,Swapna Dey,Agra,Uttar Pradesh,BSNL,Mobile,0
+917376465525,Namita Mitra,Belgaum,Karnataka,Vodafone Idea,Mobile,0
+918416020603,Garima Kaul,Salem,Tamil Nadu,Jio,Mobile,0
+919376298106,Swati Gupta,Varanasi,Uttar Pradesh,Airtel,Mobile,0
+917477512216,Deepa Shah,Amritsar,Punjab,Airtel,Mobile,0
+916217788259,Vikram Chopra,Amritsar,Punjab,Jio,Mobile,0
+918889871047,Sunita Kapoor,Madurai,Tamil Nadu,BSNL,Mobile,0
+919081601092,Vivaan Dutta,Chennai,Tamil Nadu,Jio,Mobile,0
+917589059389,Anvi Chatterjee,Jammu,Jammu & Kashmir,Airtel,Mobile,0
+917790837136,Roshan Mitra,Patna,Bihar,BSNL,Mobile,0
+917657364163,Ayaan More,Dehradun,Uttarakhand,Airtel,Mobile,0
+917043833085,Aarohi Dhawan,Mysore,Karnataka,Airtel,Mobile,0
+919534832842,Divya Jadhav,Kanpur,Uttar Pradesh,Airtel,Mobile,0
+918180965047,Neelam Vaghela,Navi Mumbai,Maharashtra,Airtel,Mobile,0
+918132773087,Naman Mandal,Gurugram,Haryana,BSNL,Mobile,0
+917811761074,Archana Garg,Srinagar,Jammu & Kashmir,Jio,Mobile,0
+916027420484,Ansh Gupta,Allahabad,Uttar Pradesh,Airtel,Mobile,0
+918360308008,Amit Das,Dehradun,Uttarakhand,Airtel,Mobile,0
+918379141169,Bhavna Chakraborty,Pune,Maharashtra,BSNL,Mobile,0
+917617972772,Sunil Vaghela,Jaipur,Rajasthan,Airtel,Mobile,0
+917463067530,Vineet Sen,Lucknow,Uttar Pradesh,Airtel,Mobile,0
+919849864606,Padma Chatterjee,Udaipur,Rajasthan,Vodafone Idea,Mobile,0
+918630346183,Nandini Jadeja,Ahmedabad,Gujarat,Vodafone Idea,Mobile,0
+919520871858,Ramesh Paul,Udaipur,Rajasthan,BSNL,Mobile,0
+917780096534,Sumit Shinde,Ranchi,Jharkhand,Jio,Mobile,0
+919063300314,Pari Sarkar,Guwahati,Assam,Airtel,Mobile,0
+917851531584,Deepak Das,Ludhiana,Punjab,Airtel,Mobile,0
+919036462092,Ishaan Sharma,Kochi,Kerala,Vodafone Idea,Mobile,0
+919524642287,Reshma Patil,Chandigarh,Punjab,Vodafone Idea,Mobile,0
+916058110577,Nitesh Sethi,Jodhpur,Rajasthan,Jio,Mobile,0
+918644288960,Rekha Raina,Dehradun,Uttarakhand,BSNL,Mobile,0
+919774469126,Reyansh Gogoi,Indore,Madhya Pradesh,BSNL,Mobile,0
+918766491309,Satish Mukherjee,Madurai,Tamil Nadu,Airtel,Mobile,0
+917582554688,Aarohi Kulkarni,Ranchi,Jharkhand,Vodafone Idea,Mobile,0
+919377263975,Sunanda Suri,Varanasi,Uttar Pradesh,BSNL,Mobile,0
+918924417534,Amita Sethi,Srinagar,Jammu & Kashmir,Jio,Mobile,0
+918757721838,Mukul Dey,Lucknow,Uttar Pradesh,Jio,Mobile,0
+919068109678,Meera Dhawan,Bangalore,Karnataka,Airtel,Mobile,0
+919060069512,Radha Choudhary,Varanasi,Uttar Pradesh,BSNL,Mobile,0
+917519228460,Nandini Khanna,Thane,Maharashtra,Airtel,Mobile,0
+919013214360,Diya Dutta,Jammu,Jammu & Kashmir,Vodafone Idea,Mobile,0
+917448025185,Pooja Saikia,Shimla,Himachal Pradesh,Jio,Mobile,0
+919978033599,Sushma Dey,Patna,Bihar,Jio,Mobile,0
+919370826355,Smita Mir,Jammu,Jammu & Kashmir,BSNL,Mobile,0
+919543050188,Bhavna Joshi,Srinagar,Jammu & Kashmir,Vodafone Idea,Mobile,0
+917913707050,Rahul Vaghela,Mysore,Karnataka,BSNL,Mobile,0
+918445280017,Reshma Rawat,Shimla,Himachal Pradesh,Airtel,Mobile,0
+917243712386,Yash Dhawan,Coimbatore,Tamil Nadu,Airtel,Mobile,0
+919149666388,Swati Patil,Jabalpur,Madhya Pradesh,BSNL,Mobile,0
+918654627115,Sneha Agarwal,Bhopal,Madhya Pradesh,BSNL,Mobile,0
+917124686689,Nikhil Rao,Rajkot,Gujarat,Jio,Mobile,0
+918512108651,Ritu Parmar,Salem,Tamil Nadu,Airtel,Mobile,0
+919376305135,Rahul Tripathi,Thiruvananthapuram,Kerala,BSNL,Mobile,0
+919556254402,Kavita Mir,Surat,Gujarat,Vodafone Idea,Mobile,0
+917461661154,Ananya Rao,Ghaziabad,Uttar Pradesh,Vodafone Idea,Mobile,0
+919861550237,Myra Vaghela,Tiruchirappalli,Tamil Nadu,Vodafone Idea,Mobile,0
+917499626984,Girish Singh,Allahabad,Uttar Pradesh,Airtel,Mobile,0
+919993623253,Kishan Bhat,Kanpur,Uttar Pradesh,Jio,Mobile,0
+918185505788,Harish Verma,Delhi,Delhi,Airtel,Mobile,0
+918948071823,Harpreet Yadav,Pune,Maharashtra,BSNL,Mobile,0
+919032579272,Vineet Iyer,Navi Mumbai,Maharashtra,Jio,Mobile,0
+918840106343,Amita Gogoi,Rajkot,Gujarat,BSNL,Mobile,0
+916046517234,Girish Talwar,Agra,Uttar Pradesh,Vodafone Idea,Mobile,0
+919376191953,Meera Sen,Pune,Maharashtra,Vodafone Idea,Mobile,0
+918229890554,Navpreet Mehta,Thane,Maharashtra,Vodafone Idea,Mobile,0
+918768555948,Amanpreet Arora,Amritsar,Punjab,Vodafone Idea,Mobile,0
+918743781573,Arnav Tandon,Raipur,Chhattisgarh,Airtel,Mobile,0
+918892919764,Sai Mehta,Lucknow,Uttar Pradesh,Vodafone Idea,Mobile,0
+917725417084,Tarun Kaul,Ghaziabad,Uttar Pradesh,Airtel,Mobile,0
+917343407058,Manpreet Parmar,Shimla,Himachal Pradesh,Jio,Mobile,0
+918329589510,Vishal Bhat,Raipur,Chhattisgarh,Jio,Mobile,0
+919450520982,Rohit Jadhav,Bhubaneswar,Odisha,BSNL,Mobile,0
+916368427089,Uma Kamath,Ludhiana,Punjab,BSNL,Mobile,0
+918438436142,Chetan Singh,Patna,Bihar,Airtel,Mobile,0
+918417821045,Aarohi Singhal,Rajkot,Gujarat,Airtel,Mobile,0
+917512331025,Anjali Mukherjee,Vadodara,Gujarat,Airtel,Mobile,0
+918970914528,Harpreet Jadeja,Salem,Tamil Nadu,BSNL,Mobile,0
+919316734800,Amit Chakraborty,Jabalpur,Madhya Pradesh,Jio,Mobile,0
+917938403821,Kavita Dey,Thiruvananthapuram,Kerala,Airtel,Mobile,0
+919380306306,Chetan Chakraborty,Ranchi,Jharkhand,BSNL,Mobile,0
+918221580892,Reshma Tiwari,Chennai,Tamil Nadu,BSNL,Mobile,0
+919932003930,Harpreet Iyer,Kolkata,West Bengal,Jio,Mobile,0
+917911791299,Raman Barua,Allahabad,Uttar Pradesh,Vodafone Idea,Mobile,0
+918774703853,Myra Joshi,Navi Mumbai,Maharashtra,Jio,Mobile,0
+917366293607,Rohan Bhatia,Jabalpur,Madhya Pradesh,Jio,Mobile,0
+918680334738,Nandini More,Varanasi,Uttar Pradesh,BSNL,Mobile,0
+919177481084,Sara Singh,Nashik,Maharashtra,BSNL,Mobile,0
+918553816621,Kiran Solanki,Srinagar,Jammu & Kashmir,BSNL,Mobile,0
+917813164321,Uma Hegde,Jaipur,Rajasthan,Vodafone Idea,Mobile,0
+917131046915,Lakhan Iyer,Patna,Bihar,Airtel,Mobile,0
+918677392404,Brijesh Solanki,Salem,Tamil Nadu,Airtel,Mobile,0
+918533034751,Lokesh Dubey,Jammu,Jammu & Kashmir,BSNL,Mobile,0
+917640192774,Ramesh Chopra,Jabalpur,Madhya Pradesh,Jio,Mobile,0
+919927509243,Sai Dey,Kanpur,Uttar Pradesh,BSNL,Mobile,0
+918457934189,Nisha Dhawan,Ghaziabad,Uttar Pradesh,Vodafone Idea,Mobile,0
+918282611500,Myra Sen,Chennai,Tamil Nadu,Vodafone Idea,Mobile,0
+918543605059,Poonam Malhotra,Delhi,Delhi,Jio,Mobile,0
+916149841002,Jayesh Jain,Raipur,Chhattisgarh,Vodafone Idea,Mobile,0
+917841817637,Jitesh Shekhawat,Coimbatore,Tamil Nadu,BSNL,Mobile,0
+916393200744,Kiran Kulkarni,Visakhapatnam,Andhra Pradesh,Jio,Mobile,0
+919589850624,Manish Dey,Chandigarh,Punjab,Jio,Mobile,0
+919711418406,Vijay Choudhary,Navi Mumbai,Maharashtra,Airtel,Mobile,0
+918126874409,Karun Gupta,Ludhiana,Punjab,Jio,Mobile,0
+918265548808,Ritu Jain,Bhubaneswar,Odisha,BSNL,Mobile,0
+917953077159,Jayesh Verma,Aurangabad,Maharashtra,Jio,Mobile,0
+917197594844,Tarun Ghosh,Tiruchirappalli,Tamil Nadu,Airtel,Mobile,0
+919377298897,Asha Shah,Nashik,Maharashtra,BSNL,Mobile,0
+919442384952,Garima Mitra,Bhubaneswar,Odisha,Airtel,Mobile,0
+918816991572,Harish Kumar,Indore,Madhya Pradesh,Airtel,Mobile,0
+917466755854,Rudra Bajaj,Thiruvananthapuram,Kerala,Airtel,Mobile,0
+918723074235,Jyoti Khanna,Vadodara,Gujarat,Jio,Mobile,0
+918653733313,Uma Singhal,Mysore,Karnataka,Vodafone Idea,Mobile,0
+916222372683,Divya Das,Chennai,Tamil Nadu,Vodafone Idea,Mobile,0
+919850591204,Naresh Pawar,Tiruchirappalli,Tamil Nadu,BSNL,Mobile,0
+917818938229,Lalita Malhotra,Agra,Uttar Pradesh,BSNL,Mobile,0
+918186737397,Karun Shinde,Rajkot,Gujarat,Jio,Mobile,0
+919171923733,Nandini Mehta,Hyderabad,Telangana,Jio,Mobile,0
+918080195752,Varun Hegde,Varanasi,Uttar Pradesh,BSNL,Mobile,0
+918078931931,Lokesh Mandal,Jodhpur,Rajasthan,BSNL,Mobile,0
+916355604823,Ramesh Bisht,Indore,Madhya Pradesh,BSNL,Mobile,0
+917285717049,Aarush Sharma,Jodhpur,Rajasthan,Vodafone Idea,Mobile,0
+919971557294,Vivaan Kapoor,Kanpur,Uttar Pradesh,Jio,Mobile,0
+917884200074,Navpreet Dar,Kanpur,Uttar Pradesh,Jio,Mobile,0
+917482049773,Kiran Gowda,Vijayawada,Andhra Pradesh,BSNL,Mobile,0
+918763783983,Savita Suri,Delhi,Delhi,BSNL,Mobile,0
+917828044209,Kavita Shetty,Mumbai,Maharashtra,Jio,Mobile,0
+918814786760,Ravi Sharma,Chennai,Tamil Nadu,Vodafone Idea,Mobile,0
+918749516233,Anita Tripathi,Ghaziabad,Uttar Pradesh,Vodafone Idea,Mobile,0
+918247607206,Reyansh Sarkar,Jammu,Jammu & Kashmir,Vodafone Idea,Mobile,0
+918856309385,Sunita Tiwari,Indore,Madhya Pradesh,Jio,Mobile,0
+918820717817,Shravan Bisht,Ghaziabad,Uttar Pradesh,Jio,Mobile,0
+919540540224,Sapna Raina,Jaipur,Rajasthan,Airtel,Mobile,0
+917333697863,Divya Mishra,Hubli,Karnataka,BSNL,Mobile,0
+918391793005,Aanya Mehra,Jodhpur,Rajasthan,BSNL,Mobile,0
+917174394409,Pradeep Negi,Gwalior,Madhya Pradesh,BSNL,Mobile,0
+917660548759,Rakesh Shekhawat,Jodhpur,Rajasthan,Airtel,Mobile,0
+917032768697,Tarun Goyal,Patna,Bihar,Vodafone Idea,Mobile,0
+916387375551,Asha Shekhawat,Hyderabad,Telangana,Jio,Mobile,0
+917928260288,Sapna Verma,Bangalore,Karnataka,Jio,Mobile,0
+919548418279,Kishan Raina,Allahabad,Uttar Pradesh,BSNL,Mobile,0
+917188581019,Naresh Garg,Ludhiana,Punjab,BSNL,Mobile,0
+916148103987,Sneha Mathur,Tiruchirappalli,Tamil Nadu,Vodafone Idea,Mobile,0
+917229154618,Manoj Bose,Noida,Uttar Pradesh,Vodafone Idea,Mobile,0
+917165327574,Vikram Joshi,Amritsar,Punjab,BSNL,Mobile,0
+918866180394,Alpesh Pant,Gurugram,Haryana,Vodafone Idea,Mobile,0
+918790033076,Uma Shetty,Surat,Gujarat,BSNL,Mobile,0
+919497257263,Simran Chakraborty,Chandigarh,Punjab,Jio,Mobile,0
+916272466804,Amanpreet Mir,Jabalpur,Madhya Pradesh,Airtel,Mobile,0
+918840606011,Aanya Solanki,Jodhpur,Rajasthan,Vodafone Idea,Mobile,0
+917361988668,Diya More,Allahabad,Uttar Pradesh,BSNL,Mobile,0
+917165937132,Sumit Pant,Jaipur,Rajasthan,Airtel,Mobile,0
+918576515809,Gaurav Banerjee,Hubli,Karnataka,Vodafone Idea,Mobile,0
+918555239870,Poonam Dutta,Jammu,Jammu & Kashmir,Vodafone Idea,Mobile,0
+918892293050,Anita Mukherjee,Tiruchirappalli,Tamil Nadu,Jio,Mobile,0
+919597439010,Ramesh Malhotra,Jodhpur,Rajasthan,BSNL,Mobile,0
+919748838254,Naveen Chauhan,Chandigarh,Punjab,BSNL,Mobile,0
+917643455328,Kavita Talwar,Pune,Maharashtra,Jio,Mobile,0
+916348937488,Diya Negi,Tiruchirappalli,Tamil Nadu,Jio,Mobile,0
+917383745808,Manpreet Sarkar,Visakhapatnam,Andhra Pradesh,Airtel,Mobile,0
+918212554572,Amita Pawar,Aurangabad,Maharashtra,Vodafone Idea,Mobile,0
+919886528171,Preeti Mathur,Visakhapatnam,Andhra Pradesh,Jio,Mobile,0
+919461515968,Neha Suri,Lucknow,Uttar Pradesh,Vodafone Idea,Mobile,0
+917828123930,Preeti Naidu,Belgaum,Karnataka,BSNL,Mobile,0
+918496443769,Vipul Bajaj,Navi Mumbai,Maharashtra,BSNL,Mobile,0
+917620857079,Archana Bajaj,Varanasi,Uttar Pradesh,Vodafone Idea,Mobile,0
+916260255987,Swati Wani,Hyderabad,Telangana,BSNL,Mobile,0
+918339695863,Anjali Banerjee,Surat,Gujarat,Airtel,Mobile,0
+917248185880,Nikhil Chauhan,Guwahati,Assam,Vodafone Idea,Mobile,0
+918898324697,Rajeev Mathur,Ranchi,Jharkhand,Vodafone Idea,Mobile,0
+918870968171,Padma Arora,Dehradun,Uttarakhand,Airtel,Mobile,0
+917979139569,Arnav Gupta,Madurai,Tamil Nadu,BSNL,Mobile,0
+918135007390,Jaspreet Mehta,Thiruvananthapuram,Kerala,Jio,Mobile,0
+917337923011,Sumit Banerjee,Aurangabad,Maharashtra,Vodafone Idea,Mobile,0
+919199993252,Jaspreet Mishra,Surat,Gujarat,Airtel,Mobile,0
+918546066933,Harpreet Agarwal,Pune,Maharashtra,Vodafone Idea,Mobile,0
+919173516509,Mohan Wani,Gurugram,Haryana,BSNL,Mobile,0
+919871128943,Alpesh Gupta,Visakhapatnam,Andhra Pradesh,Airtel,Mobile,0
+918530132157,Sunil Rajput,Raipur,Chhattisgarh,Airtel,Mobile,0
+918635385720,Jyoti Bhatia,Rajkot,Gujarat,Jio,Mobile,0
+919420228744,Umesh Thakur,Salem,Tamil Nadu,Airtel,Mobile,0
+918410329172,Sanjiv Sen,Navi Mumbai,Maharashtra,Airtel,Mobile,0
+919673138392,Naresh Naidu,Nagpur,Maharashtra,Airtel,Mobile,0
+918796791108,Anjali Gupta,Chennai,Tamil Nadu,BSNL,Mobile,0
+918747751765,Vandana Malhotra,Ranchi,Jharkhand,Airtel,Mobile,0
+916186732750,Pooja Chauhan,Jammu,Jammu & Kashmir,Vodafone Idea,Mobile,0
+918562204709,Paresh Talwar,Thiruvananthapuram,Kerala,Airtel,Mobile,0
+918275519546,Kavita Banerjee,Surat,Gujarat,Vodafone Idea,Mobile,0
+916018613178,Ananya Naidu,Mysore,Karnataka,BSNL,Mobile,0
+919211188154,Pradeep Das,Amritsar,Punjab,Vodafone Idea,Mobile,0
+918184381381,Ayaan Mir,Delhi,Delhi,BSNL,Mobile,0
+916121766726,Kavita Mukherjee,Amritsar,Punjab,Airtel,Mobile,0
+918669203059,Shikha Jadeja,Mangalore,Karnataka,Vodafone Idea,Mobile,0
+916352391473,Rajeev Singh,Rajkot,Gujarat,Jio,Mobile,0
+917646555074,Karthik Nair,Kanpur,Uttar Pradesh,BSNL,Mobile,0
+919258224073,Rekha Solanki,Gwalior,Madhya Pradesh,BSNL,Mobile,0
+918580549520,Manoj Patil,Patna,Bihar,Jio,Mobile,0
+918369130505,Bhavna Pai,Ahmedabad,Gujarat,Jio,Mobile,0
+918267429919,Naveen Mathur,Varanasi,Uttar Pradesh,BSNL,Mobile,0
+918725914370,Arun Khanna,Bangalore,Karnataka,BSNL,Mobile,0
+919470011543,Pooja Sarkar,Belgaum,Karnataka,Jio,Mobile,0
+918932378327,Pankaj Mishra,Kanpur,Uttar Pradesh,Vodafone Idea,Mobile,0
+919156412058,Vivaan Ahuja,Bhubaneswar,Odisha,Airtel,Mobile,0
+919625482531,Shikha Barua,Ludhiana,Punjab,Airtel,Mobile,0
+917159699815,Jayesh Patel,Bangalore,Karnataka,Airtel,Mobile,0
+918089159496,Shaurya Agarwal,Vijayawada,Andhra Pradesh,Vodafone Idea,Mobile,0
+916219947558,Tarun Dutta,Gurugram,Haryana,Vodafone Idea,Mobile,0
+917441967904,Navpreet Patil,Mysore,Karnataka,Jio,Mobile,0
+917916398345,Jyoti Agarwal,Aurangabad,Maharashtra,Jio,Mobile,0
+916264093547,Kunal Menon,Lucknow,Uttar Pradesh,Airtel,Mobile,0
+918568975881,Karthik Kaul,Shimla,Himachal Pradesh,Vodafone Idea,Mobile,0
+917692587395,Lalita Bhatia,Navi Mumbai,Maharashtra,Vodafone Idea,Mobile,0
+917556915133,Vinita Chakraborty,Gurugram,Haryana,Vodafone Idea,Mobile,0
+919963490708,Manoj Jain,Visakhapatnam,Andhra Pradesh,Vodafone Idea,Mobile,0
+918021809384,Radha Pandey,Indore,Madhya Pradesh,Airtel,Mobile,0
+917770460839,Jaspreet Pandey,Hubli,Karnataka,Jio,Mobile,0
+919971259155,Reema Verma,Visakhapatnam,Andhra Pradesh,Airtel,Mobile,0
+919988230794,Sai Dutta,Agra,Uttar Pradesh,Airtel,Mobile,0
+918980744239,Amanpreet Saxena,Hyderabad,Telangana,Vodafone Idea,Mobile,0
+917817627429,Sunil Nair,Gurugram,Haryana,Airtel,Mobile,0
+919974790272,Nikhil Tomar,Faridabad,Haryana,Jio,Mobile,0
+916128638434,Anjali Vaghela,Ghaziabad,Uttar Pradesh,Airtel,Mobile,0
+918173593759,Navpreet Arora,Belgaum,Karnataka,Vodafone Idea,Mobile,0
+918355375677,Dinesh Mathur,Dehradun,Uttarakhand,Jio,Mobile,0
+918496710788,Sunita Pai,Udaipur,Rajasthan,Jio,Mobile,0
+916021206529,Aarush Bajaj,Navi Mumbai,Maharashtra,Vodafone Idea,Mobile,0
+918685423922,Vinita Bajaj,Madurai,Tamil Nadu,BSNL,Mobile,0
+918660608035,Sunita Vaghela,Coimbatore,Tamil Nadu,BSNL,Mobile,0
+918616472056,Ayaan Naidu,Salem,Tamil Nadu,Vodafone Idea,Mobile,0
+917546218607,Ananya Shukla,Dehradun,Uttarakhand,Airtel,Mobile,0
+918127348567,Naman Mishra,Ludhiana,Punjab,Jio,Mobile,0
+918912944563,Shravan Kamath,Guwahati,Assam,BSNL,Mobile,0
+918858968730,Myra Shukla,Tiruchirappalli,Tamil Nadu,BSNL,Mobile,0
+918148078286,Padma Roy,Thiruvananthapuram,Kerala,Jio,Mobile,0
+918839673907,Usha Jain,Jammu,Jammu & Kashmir,BSNL,Mobile,0
+917818065917,Nandini Nair,Mangalore,Karnataka,Jio,Mobile,0
+919270810823,Rohan Desai,Allahabad,Uttar Pradesh,Vodafone Idea,Mobile,0
+918993081588,Advik Chakraborty,Lucknow,Uttar Pradesh,Jio,Mobile,0
+916072551167,Kishan Bajaj,Varanasi,Uttar Pradesh,Jio,Mobile,0
+919646279068,Namita Banerjee,Patna,Bihar,BSNL,Mobile,0
+918629813108,Shravan Kulkarni,Delhi,Delhi,Jio,Mobile,0
+918869488302,Gaurav Shetty,Jaipur,Rajasthan,Jio,Mobile,0
+916291538022,Aditya Shekhawat,Faridabad,Haryana,Jio,Mobile,0
+919853825059,Dhruv Talwar,Chennai,Tamil Nadu,BSNL,Mobile,0
+918270081020,Deepa Kurup,Agra,Uttar Pradesh,Airtel,Mobile,0
+918327897877,Archana Dey,Patna,Bihar,Airtel,Mobile,0
+917717903657,Manju Malhotra,Belgaum,Karnataka,Jio,Mobile,0
+918186300560,Vipul Thakur,Noida,Uttar Pradesh,BSNL,Mobile,0
+918065356069,Namita Modi,Navi Mumbai,Maharashtra,Airtel,Mobile,0
+918297236699,Suresh Menon,Kolkata,West Bengal,Jio,Mobile,0
+917667415622,Lakhan Sen,Visakhapatnam,Andhra Pradesh,Airtel,Mobile,0
+918497317438,Smita Thakur,Rajkot,Gujarat,BSNL,Mobile,0
+918456509395,Sunil Rathore,Dehradun,Uttarakhand,BSNL,Mobile,0
+917520066556,Sukhpreet Reddy,Faridabad,Haryana,Jio,Mobile,0
+919099803023,Rachna Banerjee,Delhi,Delhi,Vodafone Idea,Mobile,0
+917183403089,Lakhan Modi,Madurai,Tamil Nadu,Vodafone Idea,Mobile,0
+918681250389,Vijay Bose,Bhopal,Madhya Pradesh,BSNL,Mobile,0
+917436144697,Varun Mitra,Lucknow,Uttar Pradesh,Vodafone Idea,Mobile,0
+918027202785,Arun Negi,Thane,Maharashtra,Jio,Mobile,0
+917839328937,Kavita Talwar,Belgaum,Karnataka,Jio,Mobile,0
+916221438000,Rekha Nair,Raipur,Chhattisgarh,Jio,Mobile,0
+918050603562,Rashmi Barua,Raipur,Chhattisgarh,Airtel,Mobile,0
+918898391565,Meera Chauhan,Chandigarh,Punjab,BSNL,Mobile,0
+918698566557,Radha Sharma,Belgaum,Karnataka,Jio,Mobile,0
+917144052257,Sunita Rathore,Agra,Uttar Pradesh,Airtel,Mobile,0
+916237604595,Jyoti Chakraborty,Agra,Uttar Pradesh,BSNL,Mobile,0
+916249376119,Ayaan Naidu,Tiruchirappalli,Tamil Nadu,BSNL,Mobile,0
+917694318097,Ajay Mir,Hyderabad,Telangana,BSNL,Mobile,0
+918431849457,Sohan Patel,Nashik,Maharashtra,BSNL,Mobile,0
+918926738471,Radha More,Mangalore,Karnataka,Vodafone Idea,Mobile,0
+919288445747,Karun Tripathi,Aurangabad,Maharashtra,BSNL,Mobile,0
+917896832543,Padma Mathur,Dehradun,Uttarakhand,Airtel,Mobile,0
+918690718829,Ananya Jain,Dehradun,Uttarakhand,BSNL,Mobile,0
+919867273495,Vandana Mitra,Hyderabad,Telangana,Airtel,Mobile,0
+917258034519,Nisha Gogoi,Noida,Uttar Pradesh,Airtel,Mobile,0
+919771542250,Varun Dutta,Varanasi,Uttar Pradesh,BSNL,Mobile,0
+917149795260,Kunal Goyal,Navi Mumbai,Maharashtra,BSNL,Mobile,0
+918873880998,Arnav Roy,Udaipur,Rajasthan,Vodafone Idea,Mobile,0
+918961541309,Alpesh Menon,Gurugram,Haryana,Jio,Mobile,0
+919174105698,Shikha Pawar,Coimbatore,Tamil Nadu,BSNL,Mobile,0
+916030930995,Sara Yadav,Visakhapatnam,Andhra Pradesh,BSNL,Mobile,0
+916097163964,Kabir Chatterjee,Lucknow,Uttar Pradesh,Jio,Mobile,0
+917656801725,Varun Sarkar,Ranchi,Jharkhand,Vodafone Idea,Mobile,0
+918461628744,Pankaj Mehra,Patna,Bihar,Vodafone Idea,Mobile,0
+919993628508,Aarush Pai,Chennai,Tamil Nadu,BSNL,Mobile,0
+917269353319,Preeti Mehta,Nagpur,Maharashtra,BSNL,Mobile,0
+917058466554,Satish Talwar,Dehradun,Uttarakhand,Vodafone Idea,Mobile,0
+918342930029,Sneha Singhal,Ahmedabad,Gujarat,Jio,Mobile,0
+919732727349,Krishna Banerjee,Navi Mumbai,Maharashtra,Jio,Mobile,0
+918032561765,Suresh Vaghela,Kanpur,Uttar Pradesh,Vodafone Idea,Mobile,0
+918714285247,Varun Hegde,Rajkot,Gujarat,Airtel,Mobile,0
+916038092955,Poonam Pai,Jodhpur,Rajasthan,Jio,Mobile,0
+917153525852,Usha Rathore,Tiruchirappalli,Tamil Nadu,Vodafone Idea,Mobile,0
+918969912926,Ajay Kurup,Ghaziabad,Uttar Pradesh,Jio,Mobile,0
+918265753267,Krishna Mitra,Jaipur,Rajasthan,Airtel,Mobile,0
+918882016365,Sara Rathore,Vijayawada,Andhra Pradesh,BSNL,Mobile,0
+918562050782,Pari Choudhary,Salem,Tamil Nadu,Jio,Mobile,0
+919631175036,Usha Gupta,Nagpur,Maharashtra,BSNL,Mobile,0
+918264087858,Pradeep Chopra,Chennai,Tamil Nadu,Airtel,Mobile,0
+917786446718,Varun Naidu,Rajkot,Gujarat,Vodafone Idea,Mobile,0
+918777584767,Deepak Mehta,Pune,Maharashtra,Airtel,Mobile,0
+917783498535,Lalita Bisht,Pune,Maharashtra,Jio,Mobile,0
+917641662036,Nitesh Chopra,Faridabad,Haryana,Airtel,Mobile,0
+917541183145,Padma Solanki,Ahmedabad,Gujarat,Jio,Mobile,0
+916365065865,Preeti Kurup,Noida,Uttar Pradesh,Airtel,Mobile,0
+918566050253,Rachna Goyal,Belgaum,Karnataka,BSNL,Mobile,0
+918872088326,Sara Yadav,Nashik,Maharashtra,Jio,Mobile,0
+917228879075,Neha Roy,Srinagar,Jammu & Kashmir,Vodafone Idea,Mobile,0
+918532813231,Girish Reddy,Chandigarh,Punjab,Airtel,Mobile,0
+919966663700,Jitesh Hegde,Raipur,Chhattisgarh,Jio,Mobile,0
+918513657121,Kabir Tomar,Pune,Maharashtra,Vodafone Idea,Mobile,0
+918022429738,Preeti Sarkar,Chennai,Tamil Nadu,Vodafone Idea,Mobile,0
+917490867846,Vinita Rao,Faridabad,Haryana,Vodafone Idea,Mobile,0
+917661324218,Rajeev Rao,Jabalpur,Madhya Pradesh,BSNL,Mobile,0
+919549813849,Kunal Mir,Nagpur,Maharashtra,Airtel,Mobile,0
+919515186561,Sushma Gupta,Ahmedabad,Gujarat,Vodafone Idea,Mobile,0
+919830287934,Mukesh Iyer,Tiruchirappalli,Tamil Nadu,Airtel,Mobile,0
+919313929748,Lakshmi Agarwal,Faridabad,Haryana,Airtel,Mobile,0
+917185623879,Lalit Khare,Amritsar,Punjab,Vodafone Idea,Mobile,0
+919992300106,Yogesh Barua,Mangalore,Karnataka,Vodafone Idea,Mobile,0
+919213162656,Gaurav Dey,Nashik,Maharashtra,Airtel,Mobile,0
+919738268337,Satish Vaghela,Jammu,Jammu & Kashmir,Vodafone Idea,Mobile,0
+917417555316,Vipul Suri,Madurai,Tamil Nadu,Jio,Mobile,0
+916351255207,Rachna Tomar,Hyderabad,Telangana,BSNL,Mobile,0
+918171613105,Kuldeep Mathur,Thiruvananthapuram,Kerala,BSNL,Mobile,0
+919792230100,Meera Hegde,Patna,Bihar,Jio,Mobile,0
+919345209611,Jaspreet Kaul,Hyderabad,Telangana,Jio,Mobile,0
+919189090610,Diya Shinde,Chandigarh,Punjab,Jio,Mobile,0
+917439060413,Sanjiv Bose,Indore,Madhya Pradesh,Jio,Mobile,0
+918511028051,Paresh Khare,Shimla,Himachal Pradesh,Jio,Mobile,0
+918655606019,Mohan Tandon,Pune,Maharashtra,Vodafone Idea,Mobile,0
+918767610123,Seema Kulkarni,Bhubaneswar,Odisha,Airtel,Mobile,0
+916093398604,Smita Iyer,Delhi,Delhi,Airtel,Mobile,0
+918979044086,Rajeev Singh,Visakhapatnam,Andhra Pradesh,Jio,Mobile,0
+916357076184,Roshan Tandon,Faridabad,Haryana,Airtel,Mobile,0
+917223846616,Aarohi Dutta,Kolkata,West Bengal,Jio,Mobile,0
+918184702154,Sneha Bose,Udaipur,Rajasthan,Vodafone Idea,Mobile,0
+917833737674,Shikha Pandey,Ghaziabad,Uttar Pradesh,Vodafone Idea,Mobile,0
+919294619002,Simran Malhotra,Madurai,Tamil Nadu,BSNL,Mobile,0
+916389346226,Sushma Gowda,Hyderabad,Telangana,Vodafone Idea,Mobile,0
+917674620808,Rajeev Malhotra,Kolkata,West Bengal,Jio,Mobile,0
+919769538389,Swapna Kapoor,Thiruvananthapuram,Kerala,Jio,Mobile,0
+918255818241,Tejinder Kurup,Nashik,Maharashtra,Vodafone Idea,Mobile,0
+917126521777,Ayaan Hegde,Surat,Gujarat,BSNL,Mobile,0
+917595752398,Aanya Jadeja,Pune,Maharashtra,Airtel,Mobile,0
+917527140809,Lakhan Negi,Bhopal,Madhya Pradesh,Vodafone Idea,Mobile,0
+918832358339,Girish Rajput,Chennai,Tamil Nadu,Jio,Mobile,0
+917378182301,Tejinder Kapoor,Kanpur,Uttar Pradesh,BSNL,Mobile,0
+919960708293,Poonam Talwar,Nagpur,Maharashtra,Vodafone Idea,Mobile,0
+918640760926,Reema Jain,Bhubaneswar,Odisha,Vodafone Idea,Mobile,0
+917254372535,Lakshmi Pawar,Kolkata,West Bengal,Jio,Mobile,0
+919740748250,Sunil Mehra,Delhi,Delhi,Jio,Mobile,0
+918474270721,Aarohi Biswas,Chandigarh,Punjab,Vodafone Idea,Mobile,0
+917296378811,Lakhan Nair,Vadodara,Gujarat,Jio,Mobile,0
+918731359449,Suresh Mitra,Bhubaneswar,Odisha,BSNL,Mobile,0
+917356257193,Swapna Suri,Faridabad,Haryana,Vodafone Idea,Mobile,0
+918116437053,Dhruv Reddy,Pune,Maharashtra,Jio,Mobile,0
+918554949066,Shikha Goyal,Rajkot,Gujarat,BSNL,Mobile,0
+918525624286,Hitesh Naidu,Aurangabad,Maharashtra,Vodafone Idea,Mobile,0
+917468981385,Shalini Shukla,Nashik,Maharashtra,BSNL,Mobile,0
+918432462312,Myra Goyal,Mysore,Karnataka,BSNL,Mobile,0
+919314421985,Savita Bisht,Salem,Tamil Nadu,BSNL,Mobile,0
+918143765325,Lakhan Pandey,Mumbai,Maharashtra,Vodafone Idea,Mobile,0
+917272448160,Ritu Rawat,Jammu,Jammu & Kashmir,Airtel,Mobile,0
+917138123255,Kapil Jadhav,Navi Mumbai,Maharashtra,Airtel,Mobile,0
+917640709283,Divya Reddy,Madurai,Tamil Nadu,Vodafone Idea,Mobile,0
+916057660513,Divya Das,Mumbai,Maharashtra,BSNL,Mobile,0
+919770585689,Poonam Jain,Ahmedabad,Gujarat,BSNL,Mobile,0
+918620199946,Rupesh Reddy,Ahmedabad,Gujarat,Airtel,Mobile,0
+917864593781,Yogesh Mathur,Varanasi,Uttar Pradesh,BSNL,Mobile,0
+918965988822,Kunal Yadav,Pune,Maharashtra,Vodafone Idea,Mobile,0
+916218715340,Brijesh Suri,Chennai,Tamil Nadu,Jio,Mobile,0
+919346957805,Yash Barua,Hyderabad,Telangana,Airtel,Mobile,0
+919460637726,Rekha Khare,Navi Mumbai,Maharashtra,Airtel,Mobile,0
+918988064148,Anjali Dubey,Salem,Tamil Nadu,Airtel,Mobile,0
+919777135472,Sunil Shah,Bhopal,Madhya Pradesh,BSNL,Mobile,0
+917731897033,Atharv Jadeja,Mangalore,Karnataka,Jio,Mobile,0
+917616171088,Savita Mandal,Nashik,Maharashtra,Jio,Mobile,0
+917110300519,Diya Pai,Mumbai,Maharashtra,Airtel,Mobile,0
+918057959559,Rajesh Mishra,Aurangabad,Maharashtra,BSNL,Mobile,0
+919944954275,Asha Ahuja,Patna,Bihar,Vodafone Idea,Mobile,0
+919550072832,Puneet Roy,Kochi,Kerala,Jio,Mobile,0
+919221067292,Jyoti Verma,Mumbai,Maharashtra,Jio,Mobile,0
+917921335442,Bhavna Goyal,Surat,Gujarat,Jio,Mobile,0
+919681704084,Sanjiv Kaul,Patna,Bihar,BSNL,Mobile,0
+919423690538,Shikha Menon,Ludhiana,Punjab,Airtel,Mobile,0
+918618711349,Manju Negi,Bhopal,Madhya Pradesh,BSNL,Mobile,0
+917920116252,Chetan Mathur,Navi Mumbai,Maharashtra,BSNL,Mobile,0
+919589940685,Mohan Sarkar,Jabalpur,Madhya Pradesh,Jio,Mobile,0
+916110539141,Vinita Sharma,Madurai,Tamil Nadu,Jio,Mobile,0
+919518071935,Rahul Kulkarni,Jammu,Jammu & Kashmir,Vodafone Idea,Mobile,0
+917030453784,Priya Agarwal,Nagpur,Maharashtra,Jio,Mobile,0
+918465628131,Anvi Saikia,Srinagar,Jammu & Kashmir,Jio,Mobile,0
+916026784622,Arnav Sethi,Tiruchirappalli,Tamil Nadu,Airtel,Mobile,0
+917060007107,Preeti Pant,Ranchi,Jharkhand,Vodafone Idea,Mobile,0
+917375719358,Rupesh Deshmukh,Madurai,Tamil Nadu,Jio,Mobile,0
+919339336440,Ansh Thakur,Patna,Bihar,Vodafone Idea,Mobile,0
+917446411605,Anita Bhatia,Noida,Uttar Pradesh,Vodafone Idea,Mobile,0
+919098729807,Atharv Roy,Thiruvananthapuram,Kerala,Vodafone Idea,Mobile,0
+917713824390,Vikram Wani,Jabalpur,Madhya Pradesh,BSNL,Mobile,0
+917888492556,Satish Sharma,Raipur,Chhattisgarh,Jio,Mobile,0
+919799015802,Manoj Desai,Jaipur,Rajasthan,Airtel,Mobile,0
+917596196115,Brijesh Goyal,Jodhpur,Rajasthan,BSNL,Mobile,0
+919429645379,Nandini Arora,Mumbai,Maharashtra,Airtel,Mobile,0
+918082050040,Pooja Shinde,Udaipur,Rajasthan,BSNL,Mobile,0
+918782095536,Sushma Singhal,Kochi,Kerala,Jio,Mobile,0
+918538721819,Usha Dubey,Nashik,Maharashtra,Jio,Mobile,0
+918987952213,Kiran Reddy,Chennai,Tamil Nadu,Airtel,Mobile,0
+917121466062,Atharv Mishra,Vijayawada,Andhra Pradesh,Vodafone Idea,Mobile,0
+919139678722,Vandana Sarkar,Visakhapatnam,Andhra Pradesh,BSNL,Mobile,0
+918615040474,Vandana Parmar,Hyderabad,Telangana,BSNL,Mobile,0
+917745905898,Krishna Garg,Thiruvananthapuram,Kerala,BSNL,Mobile,0
+919818785296,Lalita Pant,Ahmedabad,Gujarat,Vodafone Idea,Mobile,0
+918483646323,Neha Garg,Delhi,Delhi,BSNL,Mobile,0
+918940537667,Sushma Vaghela,Nashik,Maharashtra,Vodafone Idea,Mobile,0
+918213223114,Sunita Negi,Gwalior,Madhya Pradesh,Vodafone Idea,Mobile,0
+919361311239,Padma Deshmukh,Salem,Tamil Nadu,Airtel,Mobile,0
+918774112132,Nikhil Gogoi,Amritsar,Punjab,Airtel,Mobile,0
+918598780295,Diya Goyal,Ghaziabad,Uttar Pradesh,Vodafone Idea,Mobile,0
+917616684215,Navpreet Thakur,Aurangabad,Maharashtra,Vodafone Idea,Mobile,0
+916329268601,Shalini Bose,Shimla,Himachal Pradesh,BSNL,Mobile,0
+917412186505,Aadhya Verma,Madurai,Tamil Nadu,BSNL,Mobile,0
+917895477118,Sushma Goyal,Shimla,Himachal Pradesh,BSNL,Mobile,0
+918793083560,Rohan Jadhav,Srinagar,Jammu & Kashmir,Jio,Mobile,0
+918724634492,Kavita Jadhav,Jabalpur,Madhya Pradesh,Airtel,Mobile,0
+918442372281,Brijesh Bajaj,Hyderabad,Telangana,Vodafone Idea,Mobile,0
+917712303923,Kunal Chopra,Vijayawada,Andhra Pradesh,Airtel,Mobile,0
+919435113853,Ayaan Shekhawat,Mumbai,Maharashtra,Vodafone Idea,Mobile,0
+918337588134,Rachna Bisht,Salem,Tamil Nadu,BSNL,Mobile,0
+919521764667,Aanya Warrier,Vadodara,Gujarat,BSNL,Mobile,0
+919263048632,Sneha Jadhav,Madurai,Tamil Nadu,Jio,Mobile,0
+918875740035,Ananya Bisht,Lucknow,Uttar Pradesh,Airtel,Mobile,0
+917743978370,Pankaj Chopra,Amritsar,Punjab,Jio,Mobile,0
+919157058234,Vinita Sharma,Ludhiana,Punjab,Vodafone Idea,Mobile,0
+917066602696,Puneet Mitra,Udaipur,Rajasthan,Jio,Mobile,0
+919414696815,Rashmi Tandon,Pune,Maharashtra,Jio,Mobile,0
+916370079672,Vihaan Saxena,Jammu,Jammu & Kashmir,Airtel,Mobile,0
+917077097857,Shaurya Desai,Lucknow,Uttar Pradesh,BSNL,Mobile,0
+918137301657,Kapil Malhotra,Patna,Bihar,Airtel,Mobile,0
+917330466815,Vivaan Reddy,Udaipur,Rajasthan,Airtel,Mobile,0
+917598258330,Yash Mandal,Noida,Uttar Pradesh,BSNL,Mobile,0
+919260910790,Tarun Garg,Chennai,Tamil Nadu,Jio,Mobile,0
+917161546966,Sara Tandon,Agra,Uttar Pradesh,Jio,Mobile,0
+917793293585,Rekha Gowda,Thiruvananthapuram,Kerala,Jio,Mobile,0
+919757518190,Sushma Das,Jaipur,Rajasthan,Jio,Mobile,0
+917857253363,Seema Pant,Varanasi,Uttar Pradesh,Vodafone Idea,Mobile,0
+916066785140,Jyoti Bora,Jaipur,Rajasthan,Jio,Mobile,0
+917572727715,Mohit Chauhan,Ghaziabad,Uttar Pradesh,BSNL,Mobile,0
+919646662975,Paresh Rathore,Raipur,Chhattisgarh,Jio,Mobile,0
+918637383156,Padma Mitra,Kolkata,West Bengal,BSNL,Mobile,0
+918870186881,Neha Kulkarni,Thane,Maharashtra,Airtel,Mobile,0
+918971673610,Pradeep Singhal,Lucknow,Uttar Pradesh,Vodafone Idea,Mobile,0
+918239179029,Sunita Garg,Belgaum,Karnataka,Vodafone Idea,Mobile,0
+919226925090,Myra Pawar,Mangalore,Karnataka,Airtel,Mobile,0
+918531226665,Navpreet Paul,Visakhapatnam,Andhra Pradesh,BSNL,Mobile,0
+919797933597,Amanpreet Ahuja,Chennai,Tamil Nadu,Jio,Mobile,0
+918988050563,Arnav Ahuja,Surat,Gujarat,Airtel,Mobile,0
+916356425339,Kuldeep Roy,Aurangabad,Maharashtra,Vodafone Idea,Mobile,0
+917978617047,Sara Kamath,Hyderabad,Telangana,Airtel,Mobile,0
+916029819049,Rashmi Jadhav,Tiruchirappalli,Tamil Nadu,BSNL,Mobile,0
+918272721158,Anika Gowda,Noida,Uttar Pradesh,Vodafone Idea,Mobile,0
+916167399127,Usha Shah,Jammu,Jammu & Kashmir,Jio,Mobile,0
+919954740088,Kunal Hegde,Allahabad,Uttar Pradesh,BSNL,Mobile,0
+918054454248,Neelam Mehta,Madurai,Tamil Nadu,Vodafone Idea,Mobile,0
+917058709478,Sneha Bose,Ranchi,Jharkhand,Jio,Mobile,0
+919257712238,Ritu Talwar,Coimbatore,Tamil Nadu,BSNL,Mobile,0
+917584233379,Kishan Malhotra,Gwalior,Madhya Pradesh,Vodafone Idea,Mobile,0
+918778089445,Rohan Iyer,Delhi,Delhi,BSNL,Mobile,0
+918298919167,Gurpreet Iyer,Udaipur,Rajasthan,Airtel,Mobile,0
+919142245561,Preeti Suri,Jammu,Jammu & Kashmir,Jio,Mobile,0
+919895127033,Aman Tiwari,Bhopal,Madhya Pradesh,Jio,Mobile,0
+916291188530,Dhruv Shekhawat,Mangalore,Karnataka,BSNL,Mobile,0
+917993513124,Simran Gowda,Nagpur,Maharashtra,Vodafone Idea,Mobile,0
+919133558051,Ajay Khare,Chandigarh,Punjab,BSNL,Mobile,0
+916245796147,Asha Shukla,Madurai,Tamil Nadu,Airtel,Mobile,0
+917676342918,Bhavna Mandal,Srinagar,Jammu & Kashmir,Jio,Mobile,0
+917519722519,Vinod Parmar,Delhi,Delhi,BSNL,Mobile,0
+916022042512,Swapna Dhawan,Gurugram,Haryana,Airtel,Mobile,0
+919713478208,Ganesh Suri,Nashik,Maharashtra,Jio,Mobile,0
+918712777301,Sandeep Shah,Kolkata,West Bengal,Vodafone Idea,Mobile,0
+919750118523,Reema Pawar,Jodhpur,Rajasthan,Vodafone Idea,Mobile,0
+916250076934,Mohan Bajaj,Salem,Tamil Nadu,Vodafone Idea,Mobile,0
+918827751606,Vandana Modi,Visakhapatnam,Andhra Pradesh,Vodafone Idea,Mobile,0
+918644977947,Pari Bose,Nashik,Maharashtra,Jio,Mobile,0
+917347660334,Sandeep Rajput,Jammu,Jammu & Kashmir,Airtel,Mobile,0
+918624253946,Aditya Shekhawat,Jaipur,Rajasthan,Jio,Mobile,0
+917522754448,Sapna Khare,Chandigarh,Punjab,BSNL,Mobile,0
+919226560643,Ajay Das,Jaipur,Rajasthan,Jio,Mobile,0
+917076114486,Raman Mehta,Bangalore,Karnataka,BSNL,Mobile,0
+919457147124,Pradeep Sarkar,Rajkot,Gujarat,BSNL,Mobile,0
+919990991172,Vinita Verma,Coimbatore,Tamil Nadu,Jio,Mobile,0
+918649238137,Sanjay Dhawan,Thiruvananthapuram,Kerala,BSNL,Mobile,0
+916152044426,Sukhpreet Banerjee,Visakhapatnam,Andhra Pradesh,BSNL,Mobile,0
+918369574894,Naman Iyer,Mumbai,Maharashtra,Airtel,Mobile,0
+918350670709,Radha Dubey,Hyderabad,Telangana,Jio,Mobile,0
+918069489530,Vinita Suri,Nagpur,Maharashtra,BSNL,Mobile,0
+917045591054,Sunanda Kumar,Raipur,Chhattisgarh,Airtel,Mobile,0
+917036709866,Pari Saxena,Shimla,Himachal Pradesh,Jio,Mobile,0
+918837019873,Reema Chatterjee,Jodhpur,Rajasthan,Vodafone Idea,Mobile,0
+917768965065,Vinod Saxena,Belgaum,Karnataka,Vodafone Idea,Mobile,0
+918040080393,Sai Rawat,Navi Mumbai,Maharashtra,Jio,Mobile,0
+918565594224,Rekha Shekhawat,Gurugram,Haryana,Jio,Mobile,0
+918529250816,Namita Mathur,Jodhpur,Rajasthan,Vodafone Idea,Mobile,0
+919842467306,Ramesh Shetty,Chandigarh,Punjab,BSNL,Mobile,0
+917423782320,Aditya Bajaj,Udaipur,Rajasthan,BSNL,Mobile,0
+918433077848,Naman Desai,Allahabad,Uttar Pradesh,BSNL,Mobile,0
+918469908588,Mahesh Jadhav,Nagpur,Maharashtra,Vodafone Idea,Mobile,0
+919113468246,Archana Nair,Raipur,Chhattisgarh,Airtel,Mobile,0
+917435017834,Ashish Sethi,Madurai,Tamil Nadu,BSNL,Mobile,0
+916248261779,Umesh Chauhan,Jabalpur,Madhya Pradesh,Airtel,Mobile,0
+918792698439,Harpreet Desai,Lucknow,Uttar Pradesh,Airtel,Mobile,0
+919124049787,Divya Kurup,Ghaziabad,Uttar Pradesh,Airtel,Mobile,0
+916340191578,Amita Singh,Vadodara,Gujarat,Jio,Mobile,0
+919084313429,Pradeep Pai,Ranchi,Jharkhand,Vodafone Idea,Mobile,0
+918536581678,Anvi Agarwal,Navi Mumbai,Maharashtra,Jio,Mobile,0
+917929786964,Seema Vaghela,Salem,Tamil Nadu,BSNL,Mobile,0
+919039536985,Shalini Verma,Delhi,Delhi,Airtel,Mobile,0
+918690224840,Vinita Khanna,Ranchi,Jharkhand,Airtel,Mobile,0
+919493982996,Pari Verma,Rajkot,Gujarat,Jio,Mobile,0
+917049771864,Lalit Negi,Salem,Tamil Nadu,Airtel,Mobile,0
+918592750865,Vishal Mukherjee,Jodhpur,Rajasthan,BSNL,Mobile,0
+919914762718,Divya Naidu,Faridabad,Haryana,Jio,Mobile,0
+916117109467,Chetan Shinde,Mysore,Karnataka,Airtel,Mobile,0
+918249418997,Reyansh Saxena,Lucknow,Uttar Pradesh,Airtel,Mobile,0
+918521744915,Tarun Bhatia,Chennai,Tamil Nadu,BSNL,Mobile,0
+917041251471,Swapna Negi,Coimbatore,Tamil Nadu,Jio,Mobile,0
+919970366716,Aarohi Pandey,Delhi,Delhi,BSNL,Mobile,0
+917163386105,Shikha Patil,Madurai,Tamil Nadu,Jio,Mobile,0
+916213252011,Seema Paul,Ranchi,Jharkhand,BSNL,Mobile,0
+917720634989,Uma Gupta,Jammu,Jammu & Kashmir,BSNL,Mobile,0
+917556875514,Deepa Sarkar,Raipur,Chhattisgarh,Jio,Mobile,0
+919862501502,Ishaan Banerjee,Ahmedabad,Gujarat,Jio,Mobile,0
+916332982536,Ajay Shah,Surat,Gujarat,BSNL,Mobile,0
+916318523814,Mohan Naidu,Thane,Maharashtra,Vodafone Idea,Mobile,0
+916183342639,Reyansh Ahuja,Faridabad,Haryana,BSNL,Mobile,0
+918898532714,Sanjiv Mishra,Nagpur,Maharashtra,Jio,Mobile,0
+919940598427,Kavita Pant,Chandigarh,Punjab,Airtel,Mobile,0
+918810502472,Aanya Rao,Mangalore,Karnataka,BSNL,Mobile,0
+917583240375,Sapna Mukherjee,Madurai,Tamil Nadu,Jio,Mobile,0
+919999317736,Aanya Mathur,Ghaziabad,Uttar Pradesh,Airtel,Mobile,0
+919937085444,Vishal Chatterjee,Delhi,Delhi,Jio,Mobile,0
+917771611892,Kavita Bhatia,Aurangabad,Maharashtra,Vodafone Idea,Mobile,0
+916186579084,Shalini Dey,Chandigarh,Punjab,Airtel,Mobile,0
+917624467588,Ravi Suri,Salem,Tamil Nadu,Jio,Mobile,0
+918254264890,Alpesh Ahuja,Rajkot,Gujarat,Vodafone Idea,Mobile,0
+919870108601,Nandini Suri,Shimla,Himachal Pradesh,Vodafone Idea,Mobile,0
+919021470190,Yash Tomar,Kochi,Kerala,Airtel,Mobile,0
+917947215492,Mohit Pillai,Coimbatore,Tamil Nadu,Jio,Mobile,0
+916247210831,Aanya Desai,Nagpur,Maharashtra,BSNL,Mobile,0
+917830331923,Vivaan Mehra,Ludhiana,Punjab,Airtel,Mobile,0
+916053822854,Tejinder Mukherjee,Coimbatore,Tamil Nadu,Airtel,Mobile,0
+917816754258,Swati Gupta,Guwahati,Assam,BSNL,Mobile,0
+919083625965,Sandeep Saxena,Ludhiana,Punjab,Vodafone Idea,Mobile,0
+918241082168,Mukul Shah,Ludhiana,Punjab,Vodafone Idea,Mobile,0
+918990359464,Sohan Mukherjee,Gurugram,Haryana,Vodafone Idea,Mobile,0
+919265203960,Shalini Mir,Navi Mumbai,Maharashtra,Vodafone Idea,Mobile,0
+916087353452,Savita Sharma,Nagpur,Maharashtra,Airtel,Mobile,0
+916254013544,Navpreet Shukla,Faridabad,Haryana,Airtel,Mobile,0
+919998762259,Harpreet Negi,Navi Mumbai,Maharashtra,Jio,Mobile,0
+919969382348,Shikha Gupta,Ranchi,Jharkhand,Airtel,Mobile,0
+918880362361,Pradeep Iyer,Kochi,Kerala,Vodafone Idea,Mobile,0
+918073764169,Ananya Verma,Coimbatore,Tamil Nadu,BSNL,Mobile,0
+916370203989,Jyoti Pant,Gurugram,Haryana,Vodafone Idea,Mobile,0
+917199355868,Amit Mitra,Patna,Bihar,Jio,Mobile,0
+919177157073,Sai Kamath,Bangalore,Karnataka,Airtel,Mobile,0
+918533818590,Pavan Garg,Vijayawada,Andhra Pradesh,Airtel,Mobile,0
+918780691440,Puneet Patel,Patna,Bihar,BSNL,Mobile,0
+919442292711,Dhruv Mir,Ludhiana,Punjab,Airtel,Mobile,0
+919852300994,Pooja Patil,Raipur,Chhattisgarh,Jio,Mobile,0
+919633925244,Radha Das,Vadodara,Gujarat,Vodafone Idea,Mobile,0
+917541532869,Mukesh Suri,Lucknow,Uttar Pradesh,Airtel,Mobile,0
+918691534099,Suresh Kurup,Ghaziabad,Uttar Pradesh,BSNL,Mobile,0
+917197201351,Tushar Dutta,Faridabad,Haryana,BSNL,Mobile,0
+917193136938,Rekha Banerjee,Guwahati,Assam,Airtel,Mobile,0
+919089401868,Sanjiv Modi,Surat,Gujarat,BSNL,Mobile,0
+919055633762,Rajeev Vaghela,Guwahati,Assam,Vodafone Idea,Mobile,0
+918998482791,Ansh Goyal,Faridabad,Haryana,Vodafone Idea,Mobile,0
+919052436222,Lokesh Mitra,Jodhpur,Rajasthan,Vodafone Idea,Mobile,0
+919450263038,Reyansh Negi,Varanasi,Uttar Pradesh,Vodafone Idea,Mobile,0
+917852177024,Vineet Thakur,Mysore,Karnataka,BSNL,Mobile,0
+916164794415,Lalita Biswas,Jodhpur,Rajasthan,Jio,Mobile,0
+919375676563,Rupesh Menon,Vadodara,Gujarat,Airtel,Mobile,0
+918074553291,Shikha Rao,Gurugram,Haryana,Airtel,Mobile,0
+917521116192,Dhruv Warrier,Hubli,Karnataka,BSNL,Mobile,0
+917524376693,Rekha Singh,Pune,Maharashtra,Vodafone Idea,Mobile,0
+919841677040,Savita Roy,Hyderabad,Telangana,Jio,Mobile,0
+917856480174,Diya Pant,Ludhiana,Punjab,Airtel,Mobile,0
+916240802438,Pradeep Sarkar,Bhopal,Madhya Pradesh,Airtel,Mobile,0
+916053840647,Lakshmi Bose,Rajkot,Gujarat,BSNL,Mobile,0
+918051388583,Pooja Jadhav,Aurangabad,Maharashtra,Vodafone Idea,Mobile,0
+917720781518,Rahul Patel,Chennai,Tamil Nadu,Vodafone Idea,Mobile,0
+917984230385,Shikha Talwar,Gurugram,Haryana,Airtel,Mobile,0
+917863490599,Sunita Gupta,Belgaum,Karnataka,BSNL,Mobile,0
+918712522399,Naresh Menon,Jabalpur,Madhya Pradesh,Jio,Mobile,0
+917014475723,Sunanda Chakraborty,Belgaum,Karnataka,Jio,Mobile,0
+917923322450,Sunita Sen,Agra,Uttar Pradesh,BSNL,Mobile,0
+919019568093,Mukesh Warrier,Ahmedabad,Gujarat,Airtel,Mobile,0
+918416625529,Sukhpreet Mir,Vijayawada,Andhra Pradesh,Vodafone Idea,Mobile,0
+916240817354,Varun Jadhav,Jammu,Jammu & Kashmir,BSNL,Mobile,0
+917674093018,Ritesh Dubey,Pune,Maharashtra,BSNL,Mobile,0
+919196503175,Shaurya Malhotra,Salem,Tamil Nadu,Airtel,Mobile,0
+918834266409,Ananya Suri,Noida,Uttar Pradesh,Jio,Mobile,0
+919453794903,Tushar Tiwari,Rajkot,Gujarat,Airtel,Mobile,0
+919227025686,Roshan Mehra,Tiruchirappalli,Tamil Nadu,Jio,Mobile,0
+917250879739,Rajesh Solanki,Thane,Maharashtra,Jio,Mobile,0
+916047587478,Rajeev More,Faridabad,Haryana,Vodafone Idea,Mobile,0
+918470555855,Vandana Mir,Ludhiana,Punjab,Airtel,Mobile,0
+917249828295,Sanjay Bajaj,Gwalior,Madhya Pradesh,BSNL,Mobile,0
+917381245774,Mukesh Gupta,Salem,Tamil Nadu,Jio,Mobile,0
+917615941813,Anjali Pawar,Mysore,Karnataka,Vodafone Idea,Mobile,0
+917738538168,Vijay Suri,Ghaziabad,Uttar Pradesh,Vodafone Idea,Mobile,0
+918530915199,Lakshmi Mehra,Hyderabad,Telangana,Airtel,Mobile,0
+918267565544,Raman Negi,Rajkot,Gujarat,Jio,Mobile,0
+916135262010,Tarun Hegde,Jaipur,Rajasthan,Vodafone Idea,Mobile,0
+918681265439,Seema Kapoor,Bangalore,Karnataka,Airtel,Mobile,0
+917785352047,Anika Mehra,Amritsar,Punjab,BSNL,Mobile,0
+917189559580,Asha Shekhawat,Surat,Gujarat,BSNL,Mobile,0
+918467768816,Meera Gowda,Nagpur,Maharashtra,Vodafone Idea,Mobile,0
+918250845817,Reshma Warrier,Belgaum,Karnataka,Vodafone Idea,Mobile,0
+919376271553,Kunal Dey,Varanasi,Uttar Pradesh,BSNL,Mobile,0
+919977241915,Ritu Chopra,Srinagar,Jammu & Kashmir,Vodafone Idea,Mobile,0
+917034748810,Sunanda Das,Belgaum,Karnataka,BSNL,Mobile,0
+919473473547,Hitesh Dar,Mangalore,Karnataka,Vodafone Idea,Mobile,0
+919050910416,Advik Gogoi,Faridabad,Haryana,BSNL,Mobile,0
+919632418640,Anita Malhotra,Navi Mumbai,Maharashtra,BSNL,Mobile,0
+919131615794,Usha Mishra,Hubli,Karnataka,Jio,Mobile,0
+917968391484,Rahul Pai,Gurugram,Haryana,Airtel,Mobile,0
+919437436278,Hitesh Tandon,Dehradun,Uttarakhand,Airtel,Mobile,0
+916286027332,Deepa Raina,Gwalior,Madhya Pradesh,Jio,Mobile,0
+918626293125,Rahul Pandey,Vadodara,Gujarat,Vodafone Idea,Mobile,0
+918123256893,Ritu Saxena,Bhopal,Madhya Pradesh,BSNL,Mobile,0
+916217974365,Amanpreet Sen,Faridabad,Haryana,Vodafone Idea,Mobile,0
+916030069877,Shikha Singh,Vadodara,Gujarat,BSNL,Mobile,0
+918387037208,Uma Gogoi,Gwalior,Madhya Pradesh,Jio,Mobile,0
+917677810782,Kabir Gowda,Agra,Uttar Pradesh,BSNL,Mobile,0
+919379695830,Sunil Hegde,Nashik,Maharashtra,Jio,Mobile,0
+919254150106,Ramesh Pawar,Hyderabad,Telangana,BSNL,Mobile,0
+918055907470,Raman Chatterjee,Dehradun,Uttarakhand,Vodafone Idea,Mobile,0
+916133800131,Shaurya Rawat,Salem,Tamil Nadu,Airtel,Mobile,0
+918582328706,Pradeep Shetty,Ludhiana,Punjab,Jio,Mobile,0
+917740416735,Sara Chatterjee,Navi Mumbai,Maharashtra,Vodafone Idea,Mobile,0
+919459108180,Shikha Mitra,Bhopal,Madhya Pradesh,Vodafone Idea,Mobile,0
+916080189113,Mohit Jadhav,Agra,Uttar Pradesh,Jio,Mobile,0
+917313472497,Sara Pai,Visakhapatnam,Andhra Pradesh,Vodafone Idea,Mobile,0
+917190255908,Lakshmi Verma,Agra,Uttar Pradesh,Airtel,Mobile,0
+919981388776,Harpreet Menon,Aurangabad,Maharashtra,Vodafone Idea,Mobile,0
+917544789946,Kuldeep Singhal,Chandigarh,Punjab,Vodafone Idea,Mobile,0
+916261480906,Reema Sarkar,Mumbai,Maharashtra,Vodafone Idea,Mobile,0
+919764683501,Lakhan Suri,Noida,Uttar Pradesh,BSNL,Mobile,0
+918891867020,Satish Sharma,Mangalore,Karnataka,BSNL,Mobile,0
+918746443037,Manju Pillai,Lucknow,Uttar Pradesh,Vodafone Idea,Mobile,0
+919413283251,Meera Khare,Srinagar,Jammu & Kashmir,BSNL,Mobile,0
+916055479331,Vivaan Reddy,Belgaum,Karnataka,Jio,Mobile,0
+918343134150,Jitesh Dar,Raipur,Chhattisgarh,Vodafone Idea,Mobile,0
+917030936338,Usha Mukherjee,Vijayawada,Andhra Pradesh,Jio,Mobile,0
+917637720392,Vinod Goyal,Raipur,Chhattisgarh,Jio,Mobile,0
+918542745149,Priya Patil,Ahmedabad,Gujarat,Airtel,Mobile,0
+919367162353,Rashmi Reddy,Guwahati,Assam,Jio,Mobile,0
+919461647698,Harish Chauhan,Kanpur,Uttar Pradesh,BSNL,Mobile,0
+918929047347,Sunanda Kumar,Gwalior,Madhya Pradesh,Jio,Mobile,0
+919568030766,Diya Patil,Hyderabad,Telangana,BSNL,Mobile,0
+918620733623,Chetan Mir,Nagpur,Maharashtra,BSNL,Mobile,0
+917257377259,Mohit Pant,Kolkata,West Bengal,Vodafone Idea,Mobile,0
+918818100436,Meera Ahuja,Thane,Maharashtra,BSNL,Mobile,0
+916017299594,Kiran Shetty,Chennai,Tamil Nadu,Jio,Mobile,0
+919216349998,Kishan Choudhary,Gurugram,Haryana,BSNL,Mobile,0
+919556934590,Gaurav Rawat,Gwalior,Madhya Pradesh,BSNL,Mobile,0
+918868199964,Pradeep Mukherjee,Chennai,Tamil Nadu,Airtel,Mobile,0
+919356262078,Suresh Desai,Kanpur,Uttar Pradesh,Vodafone Idea,Mobile,0
+918254022983,Tarun Pawar,Patna,Bihar,BSNL,Mobile,0
+916215624347,Asha Dar,Navi Mumbai,Maharashtra,BSNL,Mobile,0
+919768701335,Padma Pant,Ludhiana,Punjab,BSNL,Mobile,0
+918377167239,Rajesh Shukla,Jammu,Jammu & Kashmir,Jio,Mobile,0
+919655310858,Vishal Rathore,Coimbatore,Tamil Nadu,Jio,Mobile,0
+916378756373,Neha Dhawan,Bangalore,Karnataka,Vodafone Idea,Mobile,0
+919591531281,Nitesh Dar,Dehradun,Uttarakhand,Jio,Mobile,0
+918072530758,Seema Banerjee,Raipur,Chhattisgarh,BSNL,Mobile,0
+918520531516,Sunil Rajput,Belgaum,Karnataka,Airtel,Mobile,0
+918020728200,Sushma Kulkarni,Madurai,Tamil Nadu,Airtel,Mobile,0
+919886789643,Manju Reddy,Faridabad,Haryana,Vodafone Idea,Mobile,0
+918645927740,Hitesh Chakraborty,Ghaziabad,Uttar Pradesh,BSNL,Mobile,0
+917068050419,Reyansh Suri,Guwahati,Assam,Jio,Mobile,0
+918574377836,Sunita Bhatia,Udaipur,Rajasthan,Vodafone Idea,Mobile,0
+918888612104,Sarita Shah,Mangalore,Karnataka,BSNL,Mobile,0
+918531728836,Asha Nair,Chennai,Tamil Nadu,Airtel,Mobile,0
+916337603250,Shikha Thakur,Jabalpur,Madhya Pradesh,BSNL,Mobile,0
+916327687718,Sandeep Rajput,Madurai,Tamil Nadu,Airtel,Mobile,0
+916269072563,Vishal Rawat,Rajkot,Gujarat,BSNL,Mobile,0
+918974217215,Archana Rao,Noida,Uttar Pradesh,Vodafone Idea,Mobile,0
+919751549698,Kuldeep Shukla,Amritsar,Punjab,Jio,Mobile,0
+917654786151,Aadhya Khare,Nagpur,Maharashtra,BSNL,Mobile,0
+916013592776,Yogesh Mehra,Mysore,Karnataka,BSNL,Mobile,0
+918810076348,Chetan Saxena,Chennai,Tamil Nadu,BSNL,Mobile,0
+918063507852,Kishan Banerjee,Navi Mumbai,Maharashtra,Airtel,Mobile,0
+919551249391,Jayesh Dubey,Surat,Gujarat,Vodafone Idea,Mobile,0
+919723936133,Naveen Barua,Guwahati,Assam,Jio,Mobile,0
+917340570915,Rajeev Vaghela,Mysore,Karnataka,BSNL,Mobile,0
+916395858149,Anika Saxena,Vijayawada,Andhra Pradesh,BSNL,Mobile,0
+918737620999,Ansh Singhal,Rajkot,Gujarat,BSNL,Mobile,0
+918061162763,Uma Kumar,Noida,Uttar Pradesh,Airtel,Mobile,0
+919951677941,Vinod Dhawan,Lucknow,Uttar Pradesh,Jio,Mobile,0
+917471997709,Jitesh Chatterjee,Bhopal,Madhya Pradesh,Airtel,Mobile,0
+917125344972,Sandeep Reddy,Mangalore,Karnataka,Vodafone Idea,Mobile,0
+917476269904,Neha Banerjee,Pune,Maharashtra,Airtel,Mobile,0
+916377162274,Preeti Sethi,Nagpur,Maharashtra,Vodafone Idea,Mobile,0
+918593180473,Shaurya Paul,Aurangabad,Maharashtra,Airtel,Mobile,0
+918246316302,Nandini Malhotra,Delhi,Delhi,BSNL,Mobile,0
+919290772916,Ansh Modi,Jabalpur,Madhya Pradesh,BSNL,Mobile,0
+918299965132,Uma Parmar,Chennai,Tamil Nadu,Airtel,Mobile,0
+919359305809,Amanpreet Choudhary,Ranchi,Jharkhand,Vodafone Idea,Mobile,0
+916153547500,Lokesh Bhatia,Mumbai,Maharashtra,Vodafone Idea,Mobile,0
+919547822711,Sumit Chauhan,Bangalore,Karnataka,Vodafone Idea,Mobile,0
+917927915175,Rashmi Shekhawat,Indore,Madhya Pradesh,Vodafone Idea,Mobile,0
+918552007212,Satish Mukherjee,Salem,Tamil Nadu,Vodafone Idea,Mobile,0
+917516751093,Nandini Garg,Surat,Gujarat,Jio,Mobile,0
+917893595373,Neelam Singhal,Ahmedabad,Gujarat,BSNL,Mobile,0
+919572511375,Radha Reddy,Faridabad,Haryana,Jio,Mobile,0
+918318400423,Tejinder Vaghela,Chennai,Tamil Nadu,Airtel,Mobile,0
+917723277332,Archana Bajaj,Gurugram,Haryana,Vodafone Idea,Mobile,0
+918393107629,Dhruv Tiwari,Chandigarh,Punjab,BSNL,Mobile,0
+917981968543,Swati Singh,Kanpur,Uttar Pradesh,Jio,Mobile,0
+918162337694,Myra Mehta,Jabalpur,Madhya Pradesh,Airtel,Mobile,0
+919955213874,Garima Khare,Indore,Madhya Pradesh,Jio,Mobile,0
+919686359288,Sohan Pant,Agra,Uttar Pradesh,Vodafone Idea,Mobile,0
+917763658770,Geeta Barua,Nagpur,Maharashtra,Vodafone Idea,Mobile,0
+917371617045,Lakhan Shah,Mysore,Karnataka,Airtel,Mobile,0
+918744133748,Savita Agarwal,Ghaziabad,Uttar Pradesh,Jio,Mobile,0
+919134763278,Ritu Sethi,Mysore,Karnataka,BSNL,Mobile,0
+917645422373,Swati Vaghela,Hubli,Karnataka,BSNL,Mobile,0
+917256319841,Rajeev Kulkarni,Mysore,Karnataka,Airtel,Mobile,0
+917361398901,Satish Hegde,Nashik,Maharashtra,Airtel,Mobile,0
+919345872665,Deepak Bora,Bhubaneswar,Odisha,Jio,Mobile,0
+919537782858,Rohan Saxena,Ranchi,Jharkhand,Jio,Mobile,0
+917670394915,Nitin Warrier,Ranchi,Jharkhand,Airtel,Mobile,0
+917475679438,Sarita Bhatia,Tiruchirappalli,Tamil Nadu,BSNL,Mobile,0
+917366222802,Lokesh Vaghela,Jabalpur,Madhya Pradesh,BSNL,Mobile,0
+919051064618,Sunita Singhal,Hyderabad,Telangana,BSNL,Mobile,0
+917530060324,Sohan Warrier,Indore,Madhya Pradesh,Jio,Mobile,0
+917762192499,Rudra Shukla,Salem,Tamil Nadu,Airtel,Mobile,0
+919865899029,Aanya Suri,Ranchi,Jharkhand,BSNL,Mobile,0
+917545285979,Ritesh Ahuja,Ghaziabad,Uttar Pradesh,Airtel,Mobile,0
+917545522415,Jayesh Singhal,Chandigarh,Punjab,Airtel,Mobile,0
+918622735507,Varun Chakraborty,Kolkata,West Bengal,Airtel,Mobile,0
+916084692566,Karun Jadhav,Udaipur,Rajasthan,Airtel,Mobile,0
+916120097877,Namita Mir,Salem,Tamil Nadu,Vodafone Idea,Mobile,0
+919877682458,Chetan Dar,Hubli,Karnataka,Airtel,Mobile,0
+918138679154,Atharv Ahuja,Mangalore,Karnataka,Vodafone Idea,Mobile,0
+916156189201,Manpreet Yadav,Bhopal,Madhya Pradesh,Airtel,Mobile,0
+916142619589,Deepa Thakur,Dehradun,Uttarakhand,Vodafone Idea,Mobile,0
+916042579970,Reema Suri,Ghaziabad,Uttar Pradesh,Vodafone Idea,Mobile,0
+919664418088,Ananya Goyal,Mangalore,Karnataka,Airtel,Mobile,0
+916137808895,Karun Pandey,Agra,Uttar Pradesh,Airtel,Mobile,0
+917551563796,Aman Shekhawat,Gwalior,Madhya Pradesh,BSNL,Mobile,0
+918699356167,Diya Shah,Noida,Uttar Pradesh,Vodafone Idea,Mobile,0
+917011919150,Suresh Mukherjee,Madurai,Tamil Nadu,Jio,Mobile,0
+917689913828,Karun Mehta,Chandigarh,Punjab,Vodafone Idea,Mobile,0
+918024285574,Rashmi Dubey,Faridabad,Haryana,Airtel,Mobile,0
+917984756799,Paresh Yadav,Hyderabad,Telangana,Airtel,Mobile,0
+919495451443,Mohit Patil,Madurai,Tamil Nadu,Vodafone Idea,Mobile,0
+919532480978,Lakshmi Chauhan,Jodhpur,Rajasthan,Vodafone Idea,Mobile,0
+919255777940,Aarush Bhatia,Aurangabad,Maharashtra,Vodafone Idea,Mobile,0
+917163600526,Arun Gowda,Hyderabad,Telangana,Airtel,Mobile,0
+918023639442,Mukesh Barua,Indore,Madhya Pradesh,Vodafone Idea,Mobile,0
+918765200606,Arjun Mandal,Chennai,Tamil Nadu,BSNL,Mobile,0
+917937973749,Kuldeep Shinde,Lucknow,Uttar Pradesh,Jio,Mobile,0
+916022781033,Rahul Hegde,Srinagar,Jammu & Kashmir,Vodafone Idea,Mobile,0
+918737859986,Neelam Chatterjee,Shimla,Himachal Pradesh,Vodafone Idea,Mobile,0
+919474602693,Sukhpreet More,Ghaziabad,Uttar Pradesh,Vodafone Idea,Mobile,0
+918667646625,Arnav Dhawan,Dehradun,Uttarakhand,Jio,Mobile,0
+919224834574,Sai Singhal,Surat,Gujarat,Jio,Mobile,0
+918491871444,Anita Banerjee,Jaipur,Rajasthan,Airtel,Mobile,0
+917641548584,Vivaan Chakraborty,Vijayawada,Andhra Pradesh,BSNL,Mobile,0
+917529380455,Sarita Garg,Allahabad,Uttar Pradesh,Jio,Mobile,0
+917214354071,Satish Pandey,Navi Mumbai,Maharashtra,Vodafone Idea,Mobile,0
+918686396543,Manoj Shukla,Madurai,Tamil Nadu,Airtel,Mobile,0
+918933086526,Jaspreet Gowda,Ranchi,Jharkhand,Jio,Mobile,0
+916041610274,Ayaan Pillai,Shimla,Himachal Pradesh,BSNL,Mobile,0
+916385623240,Simran Choudhary,Kanpur,Uttar Pradesh,BSNL,Mobile,0
+916320258726,Vinod Bora,Patna,Bihar,Airtel,Mobile,0
+917166660614,Bhavna Mitra,Thiruvananthapuram,Kerala,BSNL,Mobile,0
+919028382349,Swati Tandon,Hyderabad,Telangana,Airtel,Mobile,0
+919578791115,Simran Ghosh,Jodhpur,Rajasthan,Vodafone Idea,Mobile,0
+918197684263,Jitesh Vaghela,Surat,Gujarat,Vodafone Idea,Mobile,0
+918238364755,Tejinder Reddy,Lucknow,Uttar Pradesh,Jio,Mobile,0
+917066800067,Sai Kumar,Jaipur,Rajasthan,Vodafone Idea,Mobile,0
+916288015175,Manoj Nair,Vadodara,Gujarat,Jio,Mobile,0
+917661558284,Sushma Modi,Noida,Uttar Pradesh,Jio,Mobile,0
+919595966663,Manish Kaul,Agra,Uttar Pradesh,Jio,Mobile,0
+918773485374,Aarohi Dutta,Indore,Madhya Pradesh,Airtel,Mobile,0
+917998336201,Smita Shekhawat,Tiruchirappalli,Tamil Nadu,Airtel,Mobile,0
+918244983797,Harish Saikia,Delhi,Delhi,Jio,Mobile,0
+918053483921,Pooja Mehta,Srinagar,Jammu & Kashmir,Jio,Mobile,0
+916228721322,Shalini Saikia,Noida,Uttar Pradesh,BSNL,Mobile,0
+916116067297,Shaurya Choudhary,Varanasi,Uttar Pradesh,Airtel,Mobile,0
+916091544351,Priya Sethi,Aurangabad,Maharashtra,Vodafone Idea,Mobile,0
+917768903794,Atharv More,Thane,Maharashtra,Jio,Mobile,0
+918164837821,Kuldeep Ahuja,Surat,Gujarat,Jio,Mobile,0
+916140465902,Reyansh Shah,Hubli,Karnataka,BSNL,Mobile,0
+916213203055,Rajeev Gowda,Coimbatore,Tamil Nadu,Jio,Mobile,0
+917990615423,Anvi Solanki,Coimbatore,Tamil Nadu,Airtel,Mobile,0
+918032290464,Hitesh Mehta,Jodhpur,Rajasthan,Jio,Mobile,0
+917474859325,Pradeep Ghosh,Guwahati,Assam,BSNL,Mobile,0
+917945051604,Pari Pai,Mangalore,Karnataka,BSNL,Mobile,0
+917939961184,Dhruv Rao,Bhubaneswar,Odisha,Airtel,Mobile,0
+916118684649,Myra Verma,Bangalore,Karnataka,Vodafone Idea,Mobile,0
+919966007854,Ramesh Talwar,Agra,Uttar Pradesh,Vodafone Idea,Mobile,0
+917587999930,Ritu Dar,Indore,Madhya Pradesh,BSNL,Mobile,0
+918329413823,Reyansh Singh,Belgaum,Karnataka,Vodafone Idea,Mobile,0
+918621522152,Vinita Bhat,Thiruvananthapuram,Kerala,Vodafone Idea,Mobile,0
+919470142689,Rupesh Khare,Shimla,Himachal Pradesh,Vodafone Idea,Mobile,0
+918629538145,Shalini Pai,Bhubaneswar,Odisha,Airtel,Mobile,0
+916279549072,Padma Singh,Srinagar,Jammu & Kashmir,Airtel,Mobile,0
+919346176292,Anjali Deshmukh,Thiruvananthapuram,Kerala,Jio,Mobile,0
+918364277932,Seema Kaul,Shimla,Himachal Pradesh,BSNL,Mobile,0
+918472901378,Meera Dutta,Bangalore,Karnataka,Vodafone Idea,Mobile,0
+917639105373,Harpreet Mehra,Ludhiana,Punjab,Airtel,Mobile,0
+916310371397,Pradeep Bora,Indore,Madhya Pradesh,Jio,Mobile,0
+917042123442,Aditya Mathur,Chennai,Tamil Nadu,Airtel,Mobile,0
+917149797485,Paresh Parmar,Hubli,Karnataka,BSNL,Mobile,0
+917681663747,Arjun Bhatia,Ahmedabad,Gujarat,Jio,Mobile,0
+918236473805,Aanya Rawat,Nagpur,Maharashtra,Jio,Mobile,0
+918861285452,Divya Dubey,Surat,Gujarat,Airtel,Mobile,0
+916282228224,Navpreet Shetty,Navi Mumbai,Maharashtra,Jio,Mobile,0
+917617784363,Sunanda Warrier,Guwahati,Assam,Airtel,Mobile,0
+916094950739,Reshma Mehta,Srinagar,Jammu & Kashmir,BSNL,Mobile,0
+919995392398,Yash Mitra,Thiruvananthapuram,Kerala,Vodafone Idea,Mobile,0
+919187786694,Sunil Khanna,Nashik,Maharashtra,Vodafone Idea,Mobile,0
+919232588591,Usha Arora,Pune,Maharashtra,BSNL,Mobile,0
+919943647235,Lakshmi Mandal,Vadodara,Gujarat,Vodafone Idea,Mobile,0
+918951606686,Mohit Bhatia,Rajkot,Gujarat,BSNL,Mobile,0
+918978049921,Anita Dubey,Agra,Uttar Pradesh,Airtel,Mobile,0
+916345236409,Rashmi Bora,Ludhiana,Punjab,Vodafone Idea,Mobile,0
+917487828162,Aarush Mir,Mumbai,Maharashtra,Vodafone Idea,Mobile,0
+917412922150,Ananya Mehra,Dehradun,Uttarakhand,Airtel,Mobile,0
+917670022885,Ishaan Malhotra,Bhopal,Madhya Pradesh,Jio,Mobile,0
+918394025103,Amanpreet Dey,Varanasi,Uttar Pradesh,Vodafone Idea,Mobile,0
+917541435785,Krishna Chopra,Navi Mumbai,Maharashtra,Airtel,Mobile,0
+918274751400,Navpreet Negi,Dehradun,Uttarakhand,Airtel,Mobile,0
+919417163309,Arun Dubey,Visakhapatnam,Andhra Pradesh,Airtel,Mobile,0
+918714070432,Kishan Tiwari,Aurangabad,Maharashtra,BSNL,Mobile,0
+916097472390,Priya Dar,Visakhapatnam,Andhra Pradesh,Vodafone Idea,Mobile,0
+917316472300,Vinod Mitra,Amritsar,Punjab,BSNL,Mobile,0
+918121982431,Usha Shetty,Ludhiana,Punjab,BSNL,Mobile,0
+919666055686,Shaurya Singh,Jammu,Jammu & Kashmir,BSNL,Mobile,0
+916079363227,Navpreet Bhat,Coimbatore,Tamil Nadu,Vodafone Idea,Mobile,0
+916342343001,Tejinder Mir,Aurangabad,Maharashtra,BSNL,Mobile,0
+918223804413,Vihaan Bhatia,Surat,Gujarat,BSNL,Mobile,0
+918195329584,Sushma Suri,Srinagar,Jammu & Kashmir,Jio,Mobile,0
+919413553946,Jaspreet Jadeja,Dehradun,Uttarakhand,BSNL,Mobile,0
+919664154858,Neha Kurup,Ahmedabad,Gujarat,Vodafone Idea,Mobile,0
+919727629333,Pari Shah,Hubli,Karnataka,Airtel,Mobile,0
+918865257264,Manpreet Kumar,Varanasi,Uttar Pradesh,Airtel,Mobile,0
+919966465158,Nisha Pawar,Kolkata,West Bengal,BSNL,Mobile,0
+919525748111,Rashmi Bora,Thane,Maharashtra,Airtel,Mobile,0
+919914571949,Rohit Khanna,Surat,Gujarat,Jio,Mobile,0
+918427819468,Navpreet Pant,Hyderabad,Telangana,Jio,Mobile,0
+918181028564,Sandeep Mathur,Agra,Uttar Pradesh,Jio,Mobile,0
+917238126232,Gaurav Chatterjee,Ranchi,Jharkhand,Jio,Mobile,0
+918841141209,Preeti Ahuja,Kolkata,West Bengal,Airtel,Mobile,0
+919051263551,Deepa Roy,Chennai,Tamil Nadu,Vodafone Idea,Mobile,0
+919118325116,Pradeep Rawat,Thane,Maharashtra,Jio,Mobile,0
+917258173963,Alpesh Mandal,Nashik,Maharashtra,Jio,Mobile,0
+919340391889,Namita Rathore,Nagpur,Maharashtra,Airtel,Mobile,0
+917957021726,Anita Arora,Nagpur,Maharashtra,BSNL,Mobile,0
+916174469673,Sandeep Pillai,Hubli,Karnataka,Jio,Mobile,0
+918429827377,Mohan Choudhary,Indore,Madhya Pradesh,Vodafone Idea,Mobile,0
+919898905499,Arun Tripathi,Tiruchirappalli,Tamil Nadu,BSNL,Mobile,0
+917057374913,Rakesh Choudhary,Ahmedabad,Gujarat,BSNL,Mobile,0
+919367572393,Mukul Thakur,Nagpur,Maharashtra,Airtel,Mobile,0
+919322839462,Aanya Jain,Salem,Tamil Nadu,Airtel,Mobile,0
+917686435292,Lalit Biswas,Thane,Maharashtra,Vodafone Idea,Mobile,0
+917853829746,Preeti Kaul,Mysore,Karnataka,Vodafone Idea,Mobile,0
+918316766575,Anika Menon,Ghaziabad,Uttar Pradesh,BSNL,Mobile,0
+916278128055,Seema Mukherjee,Raipur,Chhattisgarh,Vodafone Idea,Mobile,0
+917180044170,Lakshmi Roy,Jaipur,Rajasthan,Vodafone Idea,Mobile,0
+917255083365,Vinod Tomar,Salem,Tamil Nadu,Vodafone Idea,Mobile,0
+917693677985,Sushma Sethi,Belgaum,Karnataka,BSNL,Mobile,0
+918825201514,Kunal Kulkarni,Kolkata,West Bengal,Vodafone Idea,Mobile,0
+917388773473,Usha Bisht,Noida,Uttar Pradesh,BSNL,Mobile,0
+917668947660,Sanjiv Chopra,Hyderabad,Telangana,Airtel,Mobile,0
+918992265063,Jaspreet Warrier,Chennai,Tamil Nadu,BSNL,Mobile,0
+919885008626,Aarohi Nair,Ludhiana,Punjab,Vodafone Idea,Mobile,0
+917081983889,Ritu Negi,Nagpur,Maharashtra,Jio,Mobile,0
+918217891879,Karun Negi,Ludhiana,Punjab,Jio,Mobile,0
+917118993708,Nitin Roy,Shimla,Himachal Pradesh,Airtel,Mobile,0
+918891820205,Aadhya Verma,Mangalore,Karnataka,Airtel,Mobile,0
+918312791011,Usha Yadav,Salem,Tamil Nadu,Airtel,Mobile,0
+917955236656,Sushma Solanki,Aurangabad,Maharashtra,Vodafone Idea,Mobile,0
+917626052067,Usha Raina,Surat,Gujarat,BSNL,Mobile,0
+919813322114,Sukhpreet Pant,Thiruvananthapuram,Kerala,Vodafone Idea,Mobile,0
+917325350810,Vipul Mitra,Navi Mumbai,Maharashtra,Vodafone Idea,Mobile,0
+918360602307,Pradeep Dubey,Gurugram,Haryana,BSNL,Mobile,0
+919189812228,Anika Rathore,Jabalpur,Madhya Pradesh,BSNL,Mobile,0
+919566338440,Varun Chakraborty,Raipur,Chhattisgarh,Vodafone Idea,Mobile,0
+917930149524,Sunil Goyal,Agra,Uttar Pradesh,Jio,Mobile,0
+918018626446,Manju Khanna,Ranchi,Jharkhand,Airtel,Mobile,0
+918283597528,Rekha Dubey,Surat,Gujarat,BSNL,Mobile,0
+918124394300,Ritu Kapoor,Gwalior,Madhya Pradesh,BSNL,Mobile,0
+916224085172,Tarun Choudhary,Ghaziabad,Uttar Pradesh,Jio,Mobile,0
+919081206700,Vineet Ghosh,Amritsar,Punjab,Jio,Mobile,0
+917433571362,Vikram Jadeja,Ghaziabad,Uttar Pradesh,BSNL,Mobile,0
+919161512251,Seema Vaghela,Guwahati,Assam,Vodafone Idea,Mobile,0
+916060943756,Chetan Mitra,Rajkot,Gujarat,BSNL,Mobile,0
+917247283675,Sunanda Pant,Chennai,Tamil Nadu,BSNL,Mobile,0
+918790552045,Jitesh Yadav,Vadodara,Gujarat,Jio,Mobile,0
+918790957069,Ishaan Shetty,Guwahati,Assam,Airtel,Mobile,0
+919254376378,Sukhpreet Kaul,Indore,Madhya Pradesh,Airtel,Mobile,0
+918294772392,Brijesh Tomar,Chennai,Tamil Nadu,Airtel,Mobile,0
+918036060906,Meera Dey,Ghaziabad,Uttar Pradesh,Airtel,Mobile,0
+919835437120,Krishna Pai,Visakhapatnam,Andhra Pradesh,Vodafone Idea,Mobile,0
+917020018968,Aadhya Talwar,Noida,Uttar Pradesh,Jio,Mobile,0
+918855666053,Reshma Bose,Amritsar,Punjab,Jio,Mobile,0
+919015321900,Arun Ahuja,Chennai,Tamil Nadu,Jio,Mobile,0
+918422702991,Namita Mukherjee,Faridabad,Haryana,Airtel,Mobile,0
+917386441484,Arnav Singhal,Varanasi,Uttar Pradesh,Airtel,Mobile,0
+919023872106,Sunanda Chakraborty,Ahmedabad,Gujarat,BSNL,Mobile,0
+918453123343,Sukhpreet Menon,Mangalore,Karnataka,Vodafone Idea,Mobile,0
+916217489911,Umesh Bajaj,Chandigarh,Punjab,Vodafone Idea,Mobile,0
+916327555549,Anika Mehra,Mumbai,Maharashtra,Vodafone Idea,Mobile,0
+916155154319,Chetan Dar,Amritsar,Punjab,Airtel,Mobile,0
+918514300978,Ishaan Deshmukh,Mangalore,Karnataka,Vodafone Idea,Mobile,0
+919380123790,Kunal Tandon,Mysore,Karnataka,Vodafone Idea,Mobile,0
+916390931065,Tejinder Modi,Kolkata,West Bengal,Airtel,Mobile,0
+917424200662,Simran Jadhav,Ghaziabad,Uttar Pradesh,BSNL,Mobile,0
+917480889372,Tarun Rajput,Bangalore,Karnataka,Vodafone Idea,Mobile,0
+919426455140,Harpreet Jain,Belgaum,Karnataka,Airtel,Mobile,0
+917382381666,Lokesh Sarkar,Ghaziabad,Uttar Pradesh,BSNL,Mobile,0
+919811317137,Kapil Shukla,Patna,Bihar,Jio,Mobile,0
+917887255827,Kuldeep Nair,Chandigarh,Punjab,BSNL,Mobile,0
+917232852846,Chetan Bora,Agra,Uttar Pradesh,BSNL,Mobile,0
+917646142101,Pankaj Malhotra,Salem,Tamil Nadu,BSNL,Mobile,0
+916054372066,Divya Verma,Faridabad,Haryana,Jio,Mobile,0
+919821015587,Anvi Paul,Pune,Maharashtra,Jio,Mobile,0
+917921411259,Sai Malhotra,Mangalore,Karnataka,Jio,Mobile,0
+916116051571,Paresh Shah,Mumbai,Maharashtra,Vodafone Idea,Mobile,0
+918623367477,Aadhya Rao,Jaipur,Rajasthan,Vodafone Idea,Mobile,0
+917114945939,Sunanda Solanki,Ahmedabad,Gujarat,Jio,Mobile,0
+918566000437,Rudra Khanna,Jabalpur,Madhya Pradesh,Vodafone Idea,Mobile,0
+919977831608,Karthik Chauhan,Gurugram,Haryana,Jio,Mobile,0
+918740188371,Divya Kurup,Bhopal,Madhya Pradesh,BSNL,Mobile,0
+918262090945,Gaurav Shinde,Gurugram,Haryana,BSNL,Mobile,0
+916065425972,Asha Banerjee,Varanasi,Uttar Pradesh,Vodafone Idea,Mobile,0
+919486969876,Alpesh Kamath,Jodhpur,Rajasthan,BSNL,Mobile,0
+916370201734,Atharv Rawat,Faridabad,Haryana,BSNL,Mobile,0
+919924136028,Anika Shinde,Raipur,Chhattisgarh,Airtel,Mobile,0
+916349378381,Neelam Rathore,Tiruchirappalli,Tamil Nadu,Jio,Mobile,0
+919034199095,Anjali Bhatia,Mysore,Karnataka,Vodafone Idea,Mobile,0
+917633275780,Sara Chauhan,Aurangabad,Maharashtra,Vodafone Idea,Mobile,0
+919497191050,Meera Patel,Delhi,Delhi,Vodafone Idea,Mobile,0
+918356348055,Pari Mehra,Mangalore,Karnataka,Vodafone Idea,Mobile,0
+918632409416,Vinita Malhotra,Vijayawada,Andhra Pradesh,Vodafone Idea,Mobile,0
+918160415515,Anjali Ghosh,Madurai,Tamil Nadu,Jio,Mobile,0
+918181900207,Garima Rajput,Varanasi,Uttar Pradesh,Vodafone Idea,Mobile,0
+919270807516,Sunanda Pawar,Faridabad,Haryana,BSNL,Mobile,0
+917667775529,Lalita Mitra,Thane,Maharashtra,Vodafone Idea,Mobile,0
+919647649034,Deepa Joshi,Shimla,Himachal Pradesh,BSNL,Mobile,0
+919883043845,Kiran Patil,Dehradun,Uttarakhand,BSNL,Mobile,0
+919777319288,Kishan Tripathi,Vadodara,Gujarat,Vodafone Idea,Mobile,0
+919411624613,Reshma Bhat,Gurugram,Haryana,BSNL,Mobile,0
+919810601521,Reema Pillai,Shimla,Himachal Pradesh,BSNL,Mobile,0
+917548842233,Geeta Roy,Ahmedabad,Gujarat,Vodafone Idea,Mobile,0
+918338049193,Jitesh Pillai,Indore,Madhya Pradesh,Airtel,Mobile,0
+916236077243,Reshma Pai,Tiruchirappalli,Tamil Nadu,Vodafone Idea,Mobile,0
+917089955310,Ishaan Singh,Gwalior,Madhya Pradesh,Airtel,Mobile,0
+918845753112,Shikha Shekhawat,Aurangabad,Maharashtra,Airtel,Mobile,0
+917485250675,Pankaj Ghosh,Vijayawada,Andhra Pradesh,BSNL,Mobile,0
+917643261638,Pooja Ghosh,Chennai,Tamil Nadu,Airtel,Mobile,0
+919329634484,Smita Raina,Chennai,Tamil Nadu,Jio,Mobile,0
+918012239225,Anvi More,Gurugram,Haryana,BSNL,Mobile,0
+918766578996,Gurpreet Rathore,Bangalore,Karnataka,Vodafone Idea,Mobile,0
+918712957803,Myra Shetty,Belgaum,Karnataka,BSNL,Mobile,0
+918624036457,Ajay Gupta,Madurai,Tamil Nadu,Airtel,Mobile,0
+917114043435,Sarita Gogoi,Kolkata,West Bengal,Airtel,Mobile,0
+918736407208,Divya Pawar,Mysore,Karnataka,BSNL,Mobile,0
+919488667464,Sukhpreet Mandal,Ranchi,Jharkhand,Jio,Mobile,0
+919350661940,Rajeev Paul,Pune,Maharashtra,BSNL,Mobile,0
+918720123361,Ayaan Pawar,Jabalpur,Madhya Pradesh,Jio,Mobile,0
+919579381629,Tejinder Bose,Amritsar,Punjab,Vodafone Idea,Mobile,0
+917162313033,Anjali Saikia,Thane,Maharashtra,Vodafone Idea,Mobile,0
+918043957227,Roshan Nair,Jodhpur,Rajasthan,Vodafone Idea,Mobile,0
+918317472027,Suresh Mathur,Patna,Bihar,Airtel,Mobile,0
+918925902883,Neha Warrier,Hyderabad,Telangana,BSNL,Mobile,0
+918010684488,Jyoti Dey,Thane,Maharashtra,Jio,Mobile,0
+919512355956,Rahul Bose,Navi Mumbai,Maharashtra,Airtel,Mobile,0
+917298805706,Naveen Chauhan,Mangalore,Karnataka,Jio,Mobile,0
+918835876952,Naresh Tiwari,Hubli,Karnataka,Airtel,Mobile,0
+919820953950,Naveen Saxena,Bhubaneswar,Odisha,Airtel,Mobile,0
+919649638306,Kishan Dhawan,Navi Mumbai,Maharashtra,Airtel,Mobile,0
+916270970372,Sapna Bhat,Bhubaneswar,Odisha,Vodafone Idea,Mobile,0
+916079971549,Umesh Mehta,Dehradun,Uttarakhand,Vodafone Idea,Mobile,0
+917499250580,Deepa Gowda,Allahabad,Uttar Pradesh,Jio,Mobile,0
+916012758102,Rahul Kamath,Ahmedabad,Gujarat,Airtel,Mobile,0
+917654171872,Ishaan Roy,Tiruchirappalli,Tamil Nadu,BSNL,Mobile,0
+916027724224,Priya Roy,Ranchi,Jharkhand,Vodafone Idea,Mobile,0
+919114494837,Padma Tomar,Mysore,Karnataka,Jio,Mobile,0
+917795290985,Ashish Mishra,Kolkata,West Bengal,Vodafone Idea,Mobile,0
+918918421206,Kiran Bose,Mysore,Karnataka,Airtel,Mobile,0
+917992705422,Anita Shukla,Mangalore,Karnataka,BSNL,Mobile,0
+919944652022,Rohit Chopra,Ranchi,Jharkhand,Vodafone Idea,Mobile,0
+919466660617,Uma Bisht,Guwahati,Assam,Airtel,Mobile,0
+919927646942,Simran Bisht,Visakhapatnam,Andhra Pradesh,Vodafone Idea,Mobile,0
+918724372547,Vihaan Jadeja,Ludhiana,Punjab,Airtel,Mobile,0
+917176078068,Rahul Tripathi,Jammu,Jammu & Kashmir,Vodafone Idea,Mobile,0
+919332815217,Mahesh Vaghela,Chandigarh,Punjab,BSNL,Mobile,0
+918424040873,Mukul Jadeja,Thane,Maharashtra,Airtel,Mobile,0
+918983046186,Amanpreet Kumar,Vijayawada,Andhra Pradesh,Vodafone Idea,Mobile,0
+919441659616,Uma Banerjee,Mysore,Karnataka,BSNL,Mobile,0
+918634254909,Puneet Bhat,Hubli,Karnataka,Vodafone Idea,Mobile,0
+917917168124,Vishal Pawar,Ahmedabad,Gujarat,BSNL,Mobile,0
+917498506306,Mohan Jadhav,Srinagar,Jammu & Kashmir,Vodafone Idea,Mobile,0
+918279556407,Sushma Deshmukh,Vijayawada,Andhra Pradesh,Vodafone Idea,Mobile,0
+919738297694,Mohit Dubey,Faridabad,Haryana,Airtel,Mobile,0
+916069077589,Gurpreet Jadhav,Nagpur,Maharashtra,Vodafone Idea,Mobile,0
+919246023830,Bhavna Dhawan,Bhubaneswar,Odisha,Jio,Mobile,0
+918613794416,Ananya Pillai,Nashik,Maharashtra,Airtel,Mobile,0
+918895090737,Diya Roy,Hubli,Karnataka,Vodafone Idea,Mobile,0
+918414755506,Rahul Verma,Kochi,Kerala,Jio,Mobile,0
+917366190801,Sara Shinde,Visakhapatnam,Andhra Pradesh,Jio,Mobile,0
+918093718864,Lakshmi Chopra,Jammu,Jammu & Kashmir,Jio,Mobile,0
+919714794179,Krishna Nair,Surat,Gujarat,Jio,Mobile,0
+918324835764,Pankaj Shah,Patna,Bihar,BSNL,Mobile,0
+919483007642,Krishna Warrier,Bhubaneswar,Odisha,BSNL,Mobile,0
+918236713301,Deepa Kulkarni,Nashik,Maharashtra,Airtel,Mobile,0
+917877415190,Varun Deshmukh,Vijayawada,Andhra Pradesh,BSNL,Mobile,0
+917719171045,Ritesh Shah,Nagpur,Maharashtra,Vodafone Idea,Mobile,0
+918749165955,Arnav Bajaj,Thane,Maharashtra,Vodafone Idea,Mobile,0
+918669231536,Gaurav Thakur,Surat,Gujarat,BSNL,Mobile,0
+917665110061,Kuldeep Talwar,Nagpur,Maharashtra,Vodafone Idea,Mobile,0
+917464956182,Gurpreet Das,Jammu,Jammu & Kashmir,BSNL,Mobile,0
+917780626601,Nikhil Menon,Thane,Maharashtra,Vodafone Idea,Mobile,0
+918723125967,Kunal Garg,Gwalior,Madhya Pradesh,Vodafone Idea,Mobile,0
+919332840618,Ishaan Agarwal,Jabalpur,Madhya Pradesh,Vodafone Idea,Mobile,0
+917297677380,Brijesh Bhatia,Mumbai,Maharashtra,Vodafone Idea,Mobile,0
+919871547100,Pooja Patel,Indore,Madhya Pradesh,Jio,Mobile,0
+918085341431,Umesh Saxena,Ahmedabad,Gujarat,Jio,Mobile,0
+918822500120,Sumit Mitra,Tiruchirappalli,Tamil Nadu,Vodafone Idea,Mobile,0
+918084483403,Manju Sen,Amritsar,Punjab,BSNL,Mobile,0
+918812575159,Diya Yadav,Mumbai,Maharashtra,BSNL,Mobile,0
+918712051563,Aditya Saikia,Lucknow,Uttar Pradesh,Vodafone Idea,Mobile,0
+917951382745,Gurpreet Sharma,Mumbai,Maharashtra,BSNL,Mobile,0
+917014516648,Reema Sethi,Udaipur,Rajasthan,Airtel,Mobile,0
+917433360938,Vinita Bhat,Jodhpur,Rajasthan,Airtel,Mobile,0
+916162831769,Pankaj Khanna,Nashik,Maharashtra,Vodafone Idea,Mobile,0
+918316842042,Harpreet Arora,Vadodara,Gujarat,Vodafone Idea,Mobile,0
+918844672670,Vandana Biswas,Varanasi,Uttar Pradesh,Vodafone Idea,Mobile,0
+917236030636,Rupesh Kurup,Tiruchirappalli,Tamil Nadu,BSNL,Mobile,0
+919729989386,Sohan Jadhav,Allahabad,Uttar Pradesh,Vodafone Idea,Mobile,0
+917214796284,Myra Mukherjee,Ahmedabad,Gujarat,Vodafone Idea,Mobile,0
+918118141587,Poonam Yadav,Allahabad,Uttar Pradesh,Vodafone Idea,Mobile,0
+919097772990,Naveen Desai,Hubli,Karnataka,Jio,Mobile,0
+919143402124,Geeta Shukla,Chandigarh,Punjab,Vodafone Idea,Mobile,0
+918578948181,Tejinder Kulkarni,Visakhapatnam,Andhra Pradesh,Vodafone Idea,Mobile,0
+918073982893,Vinod Tandon,Rajkot,Gujarat,BSNL,Mobile,0
+917943107555,Pradeep Warrier,Coimbatore,Tamil Nadu,Airtel,Mobile,0
+916223901110,Gurpreet Shekhawat,Gwalior,Madhya Pradesh,BSNL,Mobile,0
+916095514081,Jaspreet Ghosh,Ranchi,Jharkhand,BSNL,Mobile,0
+917450386114,Ananya Iyer,Shimla,Himachal Pradesh,Jio,Mobile,0
+919077350222,Sumit Bhat,Visakhapatnam,Andhra Pradesh,Jio,Mobile,0
+918225176560,Manpreet Menon,Udaipur,Rajasthan,Jio,Mobile,0
+918433825758,Harish Pai,Kanpur,Uttar Pradesh,Vodafone Idea,Mobile,0
+918242702737,Sara Gogoi,Belgaum,Karnataka,Jio,Mobile,0
+918050779328,Rudra Naidu,Dehradun,Uttarakhand,Airtel,Mobile,0
+916021611976,Rekha Choudhary,Rajkot,Gujarat,Jio,Mobile,0
+917693016645,Aarohi Goyal,Bangalore,Karnataka,BSNL,Mobile,0
+916383370255,Brijesh Kumar,Jammu,Jammu & Kashmir,Airtel,Mobile,0
+918240732818,Manju Dubey,Faridabad,Haryana,Airtel,Mobile,0
+919574893313,Naveen Kulkarni,Vijayawada,Andhra Pradesh,Airtel,Mobile,0
+919320062769,Harpreet Naidu,Gwalior,Madhya Pradesh,Jio,Mobile,0
+919743551131,Anika Chatterjee,Jabalpur,Madhya Pradesh,Airtel,Mobile,0
+917839755090,Jaspreet Pai,Surat,Gujarat,BSNL,Mobile,0
+918313664976,Namita Shekhawat,Madurai,Tamil Nadu,BSNL,Mobile,0
+918855045918,Rahul More,Tiruchirappalli,Tamil Nadu,BSNL,Mobile,0
+919549603217,Ajay Shah,Kanpur,Uttar Pradesh,Airtel,Mobile,0
+918445760621,Sneha Kulkarni,Kochi,Kerala,Vodafone Idea,Mobile,0
+919762295343,Kavita Pandey,Bhubaneswar,Odisha,Jio,Mobile,0
+917975228320,Karthik Arora,Tiruchirappalli,Tamil Nadu,Vodafone Idea,Mobile,0
+917822413790,Ritu Rao,Chennai,Tamil Nadu,BSNL,Mobile,0
+917224703140,Nandini Raina,Mysore,Karnataka,Vodafone Idea,Mobile,0
+917611984617,Anita Das,Vadodara,Gujarat,Jio,Mobile,0
+917449287896,Deepak Rawat,Srinagar,Jammu & Kashmir,Airtel,Mobile,0
+917750258890,Savita Dutta,Ranchi,Jharkhand,Jio,Mobile,0
+917252406673,Manpreet Gowda,Kolkata,West Bengal,BSNL,Mobile,0
+918425985933,Tushar Tiwari,Allahabad,Uttar Pradesh,Jio,Mobile,0
+919657251180,Harpreet Rajput,Tiruchirappalli,Tamil Nadu,Vodafone Idea,Mobile,0
+918976915778,Rekha Kamath,Bhopal,Madhya Pradesh,Vodafone Idea,Mobile,0
+917572616635,Karthik Kamath,Ludhiana,Punjab,Airtel,Mobile,0
+916162755324,Aarush Choudhary,Madurai,Tamil Nadu,BSNL,Mobile,0
+919458703971,Rupesh Parmar,Coimbatore,Tamil Nadu,Airtel,Mobile,0
+917954262638,Ajay Bisht,Raipur,Chhattisgarh,BSNL,Mobile,0
+917414737118,Swati Shetty,Amritsar,Punjab,Jio,Mobile,0
+916022603933,Roshan Rajput,Coimbatore,Tamil Nadu,BSNL,Mobile,0
+916385959582,Jayesh Bose,Amritsar,Punjab,Vodafone Idea,Mobile,0
+918226920435,Vishal Verma,Hubli,Karnataka,Vodafone Idea,Mobile,0
+919694166840,Pankaj Saikia,Lucknow,Uttar Pradesh,Jio,Mobile,0
+918891478293,Meera Shukla,Ahmedabad,Gujarat,Jio,Mobile,0
+919617400106,Harpreet Arora,Salem,Tamil Nadu,Airtel,Mobile,0
+919742952516,Mohit Rao,Jodhpur,Rajasthan,Airtel,Mobile,0
+917952955001,Varun Bora,Thane,Maharashtra,Airtel,Mobile,0
+917471119470,Karun Parmar,Vadodara,Gujarat,Jio,Mobile,0
+919211155454,Kiran Jadhav,Surat,Gujarat,BSNL,Mobile,0
+919992413765,Divya Rathore,Kolkata,West Bengal,Vodafone Idea,Mobile,0
+917959100282,Ishaan Khare,Shimla,Himachal Pradesh,Airtel,Mobile,0
+918623009844,Sai Sethi,Allahabad,Uttar Pradesh,BSNL,Mobile,0
+918717012768,Meera Gogoi,Ahmedabad,Gujarat,Airtel,Mobile,0
+916111785330,Ravi Khare,Surat,Gujarat,BSNL,Mobile,0
+918833567594,Kunal Saxena,Visakhapatnam,Andhra Pradesh,BSNL,Mobile,0
+917679119033,Arnav Shah,Udaipur,Rajasthan,Vodafone Idea,Mobile,0
+916079659323,Uma Naidu,Faridabad,Haryana,Airtel,Mobile,0
+918034109690,Aanya Menon,Thiruvananthapuram,Kerala,BSNL,Mobile,0
+918725555025,Aarohi Garg,Bhubaneswar,Odisha,Vodafone Idea,Mobile,0
+917770054641,Kiran Bhat,Noida,Uttar Pradesh,Airtel,Mobile,0
+917237082486,Rudra Bajaj,Chennai,Tamil Nadu,Jio,Mobile,0
+918239405881,Deepa Chatterjee,Gurugram,Haryana,Jio,Mobile,0
+917822181779,Kiran Patil,Hyderabad,Telangana,BSNL,Mobile,0
+919090712270,Savita Dhawan,Pune,Maharashtra,Airtel,Mobile,0
+916076181223,Sumit Menon,Shimla,Himachal Pradesh,Airtel,Mobile,0
+919236718159,Harpreet Raina,Bhopal,Madhya Pradesh,Jio,Mobile,0
+919199989140,Arjun Mathur,Hubli,Karnataka,Jio,Mobile,0
+917153074437,Swapna Kaul,Delhi,Delhi,Vodafone Idea,Mobile,0
+919190632115,Rahul Deshmukh,Amritsar,Punjab,BSNL,Mobile,0
+919979051890,Ritu Banerjee,Ranchi,Jharkhand,Airtel,Mobile,0
+917218999263,Reema Bose,Aurangabad,Maharashtra,Jio,Mobile,0
+917856430802,Myra Thakur,Faridabad,Haryana,BSNL,Mobile,0
+917382024004,Vinod Modi,Dehradun,Uttarakhand,Vodafone Idea,Mobile,0
+918429037759,Rudra Shekhawat,Ahmedabad,Gujarat,Airtel,Mobile,0
+918378293857,Ajay Chakraborty,Gurugram,Haryana,Airtel,Mobile,0
+917912245810,Vineet Dutta,Chandigarh,Punjab,Vodafone Idea,Mobile,0
+919271085207,Amit Bhat,Salem,Tamil Nadu,Airtel,Mobile,0
+918413228522,Deepak Shinde,Visakhapatnam,Andhra Pradesh,Jio,Mobile,0
+919461816812,Amita Biswas,Salem,Tamil Nadu,Jio,Mobile,0
+916117156820,Roshan Pawar,Jodhpur,Rajasthan,Airtel,Mobile,0
+919438633594,Roshan Mehra,Jaipur,Rajasthan,Vodafone Idea,Mobile,0
+918171415114,Archana Jain,Aurangabad,Maharashtra,BSNL,Mobile,0
+917246717714,Sneha Rajput,Ludhiana,Punjab,Vodafone Idea,Mobile,0
+919696821149,Reema Chauhan,Ghaziabad,Uttar Pradesh,Vodafone Idea,Mobile,0
+918834832323,Yash Parmar,Agra,Uttar Pradesh,Jio,Mobile,0
+917777845224,Shalini Sethi,Pune,Maharashtra,Airtel,Mobile,0
+918885639210,Reema Barua,Bhopal,Madhya Pradesh,Vodafone Idea,Mobile,0
+916236292876,Pavan Kaul,Shimla,Himachal Pradesh,BSNL,Mobile,0
+916383847437,Harish Sethi,Srinagar,Jammu & Kashmir,Vodafone Idea,Mobile,0
+917927057343,Meera Ahuja,Thane,Maharashtra,BSNL,Mobile,0
+919378910064,Jaspreet Chatterjee,Bhopal,Madhya Pradesh,Airtel,Mobile,0
+918515774028,Karthik Banerjee,Noida,Uttar Pradesh,Jio,Mobile,0
+917326312055,Reema Sharma,Raipur,Chhattisgarh,Airtel,Mobile,0
+917465753846,Lalita Solanki,Kochi,Kerala,BSNL,Mobile,0
+919458712462,Tushar Singhal,Jaipur,Rajasthan,BSNL,Mobile,0
+919816803469,Rajeev Banerjee,Visakhapatnam,Andhra Pradesh,Jio,Mobile,0
+917866377683,Reyansh Patil,Vijayawada,Andhra Pradesh,Vodafone Idea,Mobile,0
+917590026985,Naresh Jain,Gurugram,Haryana,Vodafone Idea,Mobile,0
+919065582468,Atharv Kaul,Madurai,Tamil Nadu,Airtel,Mobile,0
+917244839291,Preeti Pawar,Ranchi,Jharkhand,Jio,Mobile,0
+919022847187,Reyansh Warrier,Noida,Uttar Pradesh,Jio,Mobile,0
+917723146787,Savita Khanna,Indore,Madhya Pradesh,Airtel,Mobile,0
+918762476201,Geeta Gowda,Hubli,Karnataka,Airtel,Mobile,0
+919098949423,Sunanda Bajaj,Madurai,Tamil Nadu,Airtel,Mobile,0
+918779396583,Kuldeep Ghosh,Bhubaneswar,Odisha,BSNL,Mobile,0
+919088111563,Anika Saikia,Ranchi,Jharkhand,Airtel,Mobile,0
+917177076789,Manoj Solanki,Srinagar,Jammu & Kashmir,BSNL,Mobile,0
+919321949783,Myra Dutta,Hyderabad,Telangana,Vodafone Idea,Mobile,0
+919827935899,Kuldeep Chauhan,Udaipur,Rajasthan,BSNL,Mobile,0
+918570928732,Aanya Biswas,Ludhiana,Punjab,Vodafone Idea,Mobile,0
+919095330965,Lalita Khanna,Kanpur,Uttar Pradesh,Airtel,Mobile,0
+917865376111,Naresh Dubey,Allahabad,Uttar Pradesh,BSNL,Mobile,0
+919589335809,Reema Gowda,Dehradun,Uttarakhand,Vodafone Idea,Mobile,0
+917779535960,Sanjiv Saikia,Pune,Maharashtra,BSNL,Mobile,0
+918946468861,Nitesh Desai,Udaipur,Rajasthan,Vodafone Idea,Mobile,0
+918371171907,Ananya Gowda,Kolkata,West Bengal,Airtel,Mobile,0
+917485094243,Jaspreet Bose,Amritsar,Punjab,Vodafone Idea,Mobile,0
+917123868633,Myra Shukla,Vadodara,Gujarat,Jio,Mobile,0
+919825993056,Priya Mir,Mangalore,Karnataka,Airtel,Mobile,0
+918819992995,Vivaan Kurup,Chandigarh,Punjab,BSNL,Mobile,0
+917922420774,Ganesh Shinde,Rajkot,Gujarat,Jio,Mobile,0
+917277609055,Uma Sethi,Noida,Uttar Pradesh,Vodafone Idea,Mobile,0
+917892369209,Girish Chatterjee,Guwahati,Assam,Vodafone Idea,Mobile,0
+917886245349,Rohit Ghosh,Ranchi,Jharkhand,Airtel,Mobile,0
+919026652593,Reema Gogoi,Chandigarh,Punjab,Jio,Mobile,0
+918633478055,Brijesh Patel,Allahabad,Uttar Pradesh,Airtel,Mobile,0
+919954520758,Sushma Pillai,Pune,Maharashtra,Vodafone Idea,Mobile,0
+918330115254,Arun Shetty,Mumbai,Maharashtra,Vodafone Idea,Mobile,0
+917576906612,Rohan Sarkar,Delhi,Delhi,Jio,Mobile,0
+918833023150,Rachna Rao,Kolkata,West Bengal,BSNL,Mobile,0
+919917145418,Reema Goyal,Noida,Uttar Pradesh,Vodafone Idea,Mobile,0
+917581158690,Sara Verma,Ranchi,Jharkhand,Jio,Mobile,0
+918991178780,Bhavna Kapoor,Surat,Gujarat,BSNL,Mobile,0
+916329488628,Ganesh Gupta,Vadodara,Gujarat,Airtel,Mobile,0
+918618008588,Ravi Chopra,Thane,Maharashtra,Jio,Mobile,0
+917372915166,Pradeep Sen,Ahmedabad,Gujarat,Jio,Mobile,0
+918155897808,Lokesh Mitra,Hyderabad,Telangana,Jio,Mobile,0
+918769889673,Manpreet Ahuja,Mumbai,Maharashtra,BSNL,Mobile,0
+919441106278,Ganesh Chauhan,Rajkot,Gujarat,Vodafone Idea,Mobile,0
+919399907513,Roshan Kapoor,Nashik,Maharashtra,Vodafone Idea,Mobile,0
+919688907247,Aditya Pawar,Surat,Gujarat,Airtel,Mobile,0
+919724129200,Pari Ghosh,Coimbatore,Tamil Nadu,BSNL,Mobile,0
+916228408765,Anita Chopra,Allahabad,Uttar Pradesh,Airtel,Mobile,0
+917828411430,Vipul Rao,Udaipur,Rajasthan,Airtel,Mobile,0
+919916614461,Yogesh Tandon,Chandigarh,Punjab,Jio,Mobile,0
+917682451269,Mohan Solanki,Amritsar,Punjab,Vodafone Idea,Mobile,0
+919054474203,Sarita Hegde,Mysore,Karnataka,Jio,Mobile,0
+918679006050,Vivaan Rathore,Nagpur,Maharashtra,Vodafone Idea,Mobile,0
+917916829125,Reema Roy,Pune,Maharashtra,Vodafone Idea,Mobile,0
+918649997537,Nikhil Biswas,Ludhiana,Punjab,Vodafone Idea,Mobile,0
+918830683261,Rahul Naidu,Indore,Madhya Pradesh,BSNL,Mobile,0
+917682750042,Ritu Dhawan,Jodhpur,Rajasthan,Jio,Mobile,0
+916341958471,Ritesh Tandon,Ludhiana,Punjab,Vodafone Idea,Mobile,0
+918930954402,Sandeep Chauhan,Thane,Maharashtra,Vodafone Idea,Mobile,0
+919649491090,Vineet Desai,Guwahati,Assam,Jio,Mobile,0
+919565498563,Girish Raina,Kochi,Kerala,Airtel,Mobile,0
+917560021083,Reema Sharma,Chandigarh,Punjab,BSNL,Mobile,0
+916176681427,Smita Mehta,Ludhiana,Punjab,Jio,Mobile,0
+918181544539,Mukul Jain,Bhubaneswar,Odisha,Airtel,Mobile,0
+917552789664,Manju Tripathi,Aurangabad,Maharashtra,Vodafone Idea,Mobile,0
+918986789609,Jyoti Nair,Belgaum,Karnataka,BSNL,Mobile,0
+918351275434,Yash Pillai,Srinagar,Jammu & Kashmir,BSNL,Mobile,0
+917278015966,Manju Shinde,Pune,Maharashtra,Vodafone Idea,Mobile,0
+919128922802,Krishna Banerjee,Srinagar,Jammu & Kashmir,Vodafone Idea,Mobile,0
+918499810623,Anvi Ahuja,Visakhapatnam,Andhra Pradesh,Jio,Mobile,0
+918724558436,Divya Iyer,Varanasi,Uttar Pradesh,Airtel,Mobile,0
+919512258686,Uma Solanki,Jaipur,Rajasthan,BSNL,Mobile,0
+918568418428,Sapna Kumar,Kolkata,West Bengal,Vodafone Idea,Mobile,0
+919075793948,Rekha Shah,Thane,Maharashtra,BSNL,Mobile,0
+917264066984,Umesh Pillai,Visakhapatnam,Andhra Pradesh,Vodafone Idea,Mobile,0
+917689123490,Roshan Nair,Tiruchirappalli,Tamil Nadu,Jio,Mobile,0
+917763662408,Pari Agarwal,Bhubaneswar,Odisha,BSNL,Mobile,0
+917945830594,Ajay Tomar,Coimbatore,Tamil Nadu,Airtel,Mobile,0
+919482107682,Deepa Dey,Srinagar,Jammu & Kashmir,Airtel,Mobile,0
+918785560143,Harpreet Negi,Visakhapatnam,Andhra Pradesh,Airtel,Mobile,0
+917490304394,Rashmi Malhotra,Amritsar,Punjab,Airtel,Mobile,0
+917153280324,Usha Bisht,Hyderabad,Telangana,Airtel,Mobile,0
+918240458610,Sohan Goyal,Rajkot,Gujarat,Airtel,Mobile,0
+918041817218,Sachin Mathur,Hyderabad,Telangana,Jio,Mobile,0
+917488457494,Vikram Kumar,Jodhpur,Rajasthan,Jio,Mobile,0
+917499314855,Dinesh Warrier,Tiruchirappalli,Tamil Nadu,Airtel,Mobile,0
+916375265385,Radha Mehta,Lucknow,Uttar Pradesh,BSNL,Mobile,0
+918548436756,Brijesh Dhawan,Allahabad,Uttar Pradesh,Airtel,Mobile,0
+918745292170,Geeta Jain,Kolkata,West Bengal,Vodafone Idea,Mobile,0
+916363292252,Nandini Mitra,Jammu,Jammu & Kashmir,Vodafone Idea,Mobile,0
+917228477695,Aditya Bose,Kochi,Kerala,BSNL,Mobile,0
+918030158179,Ansh Saikia,Dehradun,Uttarakhand,Airtel,Mobile,0
+916142827953,Harish Jain,Guwahati,Assam,BSNL,Mobile,0
+919958880886,Raman Verma,Varanasi,Uttar Pradesh,BSNL,Mobile,0
+917312598508,Rudra More,Agra,Uttar Pradesh,Airtel,Mobile,0
+918810988871,Sachin Menon,Ahmedabad,Gujarat,Airtel,Mobile,0
+919332975577,Navpreet Garg,Varanasi,Uttar Pradesh,Airtel,Mobile,0
+917438302025,Raman Ahuja,Salem,Tamil Nadu,Vodafone Idea,Mobile,0
+917894579052,Lalit Malhotra,Hyderabad,Telangana,Airtel,Mobile,0
+918615973984,Manju Sharma,Nagpur,Maharashtra,Vodafone Idea,Mobile,0
+917047884966,Varun Hegde,Chennai,Tamil Nadu,Airtel,Mobile,0
+917382837764,Ansh Sarkar,Ahmedabad,Gujarat,Airtel,Mobile,0
+918542124759,Harish Patel,Nagpur,Maharashtra,BSNL,Mobile,0
+916237253109,Sandeep Vaghela,Jabalpur,Madhya Pradesh,Jio,Mobile,0
+918678412500,Suresh Warrier,Jabalpur,Madhya Pradesh,Jio,Mobile,0
+916025120829,Ajay Arora,Jaipur,Rajasthan,Airtel,Mobile,0
+916381369161,Mukul Dey,Ghaziabad,Uttar Pradesh,BSNL,Mobile,0
+917434281986,Kunal Chatterjee,Tiruchirappalli,Tamil Nadu,Jio,Mobile,0
+918026682660,Tejinder Bajaj,Jaipur,Rajasthan,Jio,Mobile,0
+917725515300,Jaspreet Singh,Agra,Uttar Pradesh,Airtel,Mobile,0
+919731001693,Nitin Bhat,Nagpur,Maharashtra,Airtel,Mobile,0
+918373816490,Gaurav Bora,Delhi,Delhi,Vodafone Idea,Mobile,0
+918910158259,Yash Gupta,Ranchi,Jharkhand,BSNL,Mobile,0
+917287592852,Savita Wani,Indore,Madhya Pradesh,Vodafone Idea,Mobile,0
+918052137636,Kiran Tripathi,Ahmedabad,Gujarat,BSNL,Mobile,0
+917610731701,Harpreet Chakraborty,Thiruvananthapuram,Kerala,BSNL,Mobile,0
+917450673353,Navpreet Dutta,Salem,Tamil Nadu,BSNL,Mobile,0
+916146614494,Brijesh Gogoi,Thane,Maharashtra,BSNL,Mobile,0
+916264683397,Preeti Desai,Gurugram,Haryana,Jio,Mobile,0
+919322384810,Shaurya Shukla,Gurugram,Haryana,Jio,Mobile,0
+919940855615,Tarun Saxena,Ludhiana,Punjab,Vodafone Idea,Mobile,0
+916318480678,Amanpreet Jadeja,Guwahati,Assam,Vodafone Idea,Mobile,0
+919752748243,Amit Jadhav,Visakhapatnam,Andhra Pradesh,Vodafone Idea,Mobile,0
+919965612844,Vandana Dubey,Vijayawada,Andhra Pradesh,BSNL,Mobile,0
+916214159275,Ravi Goyal,Nagpur,Maharashtra,BSNL,Mobile,0
+918569757307,Meera Kamath,Rajkot,Gujarat,BSNL,Mobile,0
+918494732686,Anika Kumar,Delhi,Delhi,Vodafone Idea,Mobile,0
+917744255690,Simran Kaul,Ranchi,Jharkhand,BSNL,Mobile,0
+916372602379,Divya Dhawan,Indore,Madhya Pradesh,Jio,Mobile,0
+918997622459,Pradeep Shetty,Agra,Uttar Pradesh,BSNL,Mobile,0
+919181999409,Sai Shetty,Shimla,Himachal Pradesh,Airtel,Mobile,0
+918075654874,Anvi Kapoor,Guwahati,Assam,BSNL,Mobile,0
+916358812015,Jaspreet Ahuja,Ghaziabad,Uttar Pradesh,Jio,Mobile,0
+917557701619,Uma Gowda,Indore,Madhya Pradesh,Jio,Mobile,0
+916051144117,Kunal Gogoi,Hyderabad,Telangana,Jio,Mobile,0
+918586272569,Jyoti Chauhan,Indore,Madhya Pradesh,Vodafone Idea,Mobile,0
+919614864441,Aadhya Gupta,Vijayawada,Andhra Pradesh,Jio,Mobile,0
+917678710964,Navpreet Das,Indore,Madhya Pradesh,BSNL,Mobile,0
+919893202085,Seema Singhal,Ghaziabad,Uttar Pradesh,Airtel,Mobile,0
+919542893005,Naveen Tandon,Shimla,Himachal Pradesh,Jio,Mobile,0
+917921636602,Anjali Deshmukh,Jabalpur,Madhya Pradesh,Jio,Mobile,0
+919042197900,Roshan Gogoi,Tiruchirappalli,Tamil Nadu,BSNL,Mobile,0
+918252619861,Raman Saxena,Delhi,Delhi,BSNL,Mobile,0
+918726182575,Asha Dutta,Vijayawada,Andhra Pradesh,Jio,Mobile,0
+919931239556,Nitesh Mehra,Salem,Tamil Nadu,BSNL,Mobile,0
+917064803601,Reema Mishra,Ranchi,Jharkhand,Vodafone Idea,Mobile,0
+919985397514,Sneha Khare,Salem,Tamil Nadu,BSNL,Mobile,0
+916342817165,Reyansh Mishra,Visakhapatnam,Andhra Pradesh,Jio,Mobile,0
+919086648813,Ayaan Biswas,Kochi,Kerala,Jio,Mobile,0
+919577365280,Gaurav More,Pune,Maharashtra,Jio,Mobile,0
+918951518594,Sanjay Menon,Madurai,Tamil Nadu,Jio,Mobile,0
+919491727497,Tushar Khare,Kolkata,West Bengal,Vodafone Idea,Mobile,0
+919392930480,Vandana Mathur,Lucknow,Uttar Pradesh,BSNL,Mobile,0
+919584913146,Rajeev Bose,Gurugram,Haryana,Jio,Mobile,0
+918080408595,Brijesh Bora,Bangalore,Karnataka,Airtel,Mobile,0
+919884340015,Savita Saxena,Shimla,Himachal Pradesh,Airtel,Mobile,0
+918668143405,Karthik Pandey,Dehradun,Uttarakhand,Jio,Mobile,0
+918187412169,Sneha Joshi,Kochi,Kerala,Jio,Mobile,0
+916068346561,Pradeep Khare,Lucknow,Uttar Pradesh,Jio,Mobile,0
+918876951179,Manish Mandal,Navi Mumbai,Maharashtra,BSNL,Mobile,0
+918211922170,Padma Ahuja,Patna,Bihar,Jio,Mobile,0
+917059008441,Vikram Mehra,Noida,Uttar Pradesh,Vodafone Idea,Mobile,0
+917743418326,Priya Bora,Belgaum,Karnataka,Vodafone Idea,Mobile,0
+918423343649,Rakesh Bajaj,Bangalore,Karnataka,Jio,Mobile,0
+917684920578,Rashmi Kaul,Srinagar,Jammu & Kashmir,Vodafone Idea,Mobile,0
+918922613874,Lalita Wani,Ludhiana,Punjab,BSNL,Mobile,0
+919459394572,Nikhil Kaul,Vadodara,Gujarat,Vodafone Idea,Mobile,0
+917137086877,Pradeep Kulkarni,Udaipur,Rajasthan,Airtel,Mobile,0
+917686220012,Advik Rawat,Mumbai,Maharashtra,Airtel,Mobile,0
+919326096786,Lokesh Kurup,Rajkot,Gujarat,BSNL,Mobile,0
+918279220182,Neha Vaghela,Navi Mumbai,Maharashtra,Jio,Mobile,0
+919517609980,Yash Rajput,Kolkata,West Bengal,Jio,Mobile,0
+917457907454,Geeta Shetty,Vadodara,Gujarat,Vodafone Idea,Mobile,0
+919769306770,Shravan Vaghela,Varanasi,Uttar Pradesh,Jio,Mobile,0
+917531292930,Alpesh Pant,Gurugram,Haryana,Vodafone Idea,Mobile,0
+918059689916,Ansh Pai,Ahmedabad,Gujarat,BSNL,Mobile,0
+918013164639,Krishna Gogoi,Coimbatore,Tamil Nadu,BSNL,Mobile,0
+918427685297,Vandana Mukherjee,Mysore,Karnataka,Vodafone Idea,Mobile,0
+918074830162,Mohit Pandey,Chennai,Tamil Nadu,Jio,Mobile,0
+918964716604,Pankaj Talwar,Ahmedabad,Gujarat,Airtel,Mobile,0
+916037926846,Lalit Rajput,Ranchi,Jharkhand,Airtel,Mobile,0
+917814787180,Anjali Mathur,Ranchi,Jharkhand,Jio,Mobile,0
+917231368498,Ajay Khare,Kolkata,West Bengal,Airtel,Mobile,0
+917272841054,Archana Chatterjee,Nagpur,Maharashtra,BSNL,Mobile,0
+919943926872,Kiran Rao,Salem,Tamil Nadu,Jio,Mobile,0
+919068124750,Shaurya Tandon,Ranchi,Jharkhand,BSNL,Mobile,0
+919356049247,Amanpreet Mukherjee,Agra,Uttar Pradesh,Airtel,Mobile,0
+918357697606,Sandeep Chauhan,Vijayawada,Andhra Pradesh,BSNL,Mobile,0
+919054148483,Kapil Garg,Patna,Bihar,Airtel,Mobile,0
+917037033879,Nikhil Gogoi,Vijayawada,Andhra Pradesh,BSNL,Mobile,0
+917914711562,Sachin Rao,Kanpur,Uttar Pradesh,BSNL,Mobile,0
+916011349626,Sara Paul,Visakhapatnam,Andhra Pradesh,Jio,Mobile,0
+917841037622,Divya Dar,Delhi,Delhi,Vodafone Idea,Mobile,0
+918954347575,Krishna Goyal,Jabalpur,Madhya Pradesh,Jio,Mobile,0
+917061336705,Radha Sarkar,Shimla,Himachal Pradesh,BSNL,Mobile,0
+919486288763,Rupesh Goyal,Raipur,Chhattisgarh,Airtel,Mobile,0
+918152420468,Aditya Tripathi,Vijayawada,Andhra Pradesh,BSNL,Mobile,0
+917981885066,Poonam Patil,Nagpur,Maharashtra,Airtel,Mobile,0
+918858938080,Anita Mathur,Guwahati,Assam,BSNL,Mobile,0
+917325275163,Vandana Das,Shimla,Himachal Pradesh,BSNL,Mobile,0
+919136578328,Sapna Desai,Guwahati,Assam,Airtel,Mobile,0
+919834931219,Anika Dar,Patna,Bihar,BSNL,Mobile,0
+917562411582,Ritesh Naidu,Kolkata,West Bengal,BSNL,Mobile,0
+918532601583,Rajeev Naidu,Ranchi,Jharkhand,Vodafone Idea,Mobile,0
+919241358948,Rashmi Yadav,Raipur,Chhattisgarh,Airtel,Mobile,0
+919519252113,Meera Jadhav,Jabalpur,Madhya Pradesh,BSNL,Mobile,0
+917233930006,Nitin Pant,Shimla,Himachal Pradesh,Vodafone Idea,Mobile,0
+917864344195,Kuldeep Bhat,Patna,Bihar,Airtel,Mobile,0
+916221919933,Namita Barua,Salem,Tamil Nadu,Jio,Mobile,0
+917068467804,Suresh Kamath,Madurai,Tamil Nadu,Jio,Mobile,0
+919842171899,Jayesh Solanki,Allahabad,Uttar Pradesh,BSNL,Mobile,0
+918431303616,Sumit Sharma,Indore,Madhya Pradesh,Vodafone Idea,Mobile,0
+919887388503,Ananya More,Bhopal,Madhya Pradesh,Airtel,Mobile,0
+917648659367,Sarita Parmar,Patna,Bihar,Vodafone Idea,Mobile,0
+919244226429,Swati Shekhawat,Nagpur,Maharashtra,Vodafone Idea,Mobile,0
+919859334810,Bhavna Bora,Hyderabad,Telangana,BSNL,Mobile,0
+917714929465,Jyoti Barua,Thiruvananthapuram,Kerala,Airtel,Mobile,0
+918057066423,Shikha Negi,Udaipur,Rajasthan,Airtel,Mobile,0
+918785533572,Lakshmi Bose,Tiruchirappalli,Tamil Nadu,BSNL,Mobile,0
+917614073564,Meera Shetty,Visakhapatnam,Andhra Pradesh,BSNL,Mobile,0
+918851946094,Simran Kapoor,Vadodara,Gujarat,BSNL,Mobile,0
+918769436454,Aadhya Thakur,Delhi,Delhi,Vodafone Idea,Mobile,0
+916343501736,Ritu Dar,Tiruchirappalli,Tamil Nadu,BSNL,Mobile,0
+919344324025,Reyansh Pant,Aurangabad,Maharashtra,Jio,Mobile,0
+919762155829,Raman Bisht,Faridabad,Haryana,Vodafone Idea,Mobile,0
+917972402394,Vijay Patil,Madurai,Tamil Nadu,Jio,Mobile,0
+918918773018,Swati Das,Ranchi,Jharkhand,BSNL,Mobile,0
+918064919454,Navpreet More,Nashik,Maharashtra,Airtel,Mobile,0
+917264199003,Naresh Joshi,Jaipur,Rajasthan,Jio,Mobile,0
+919928461803,Sunil Rathore,Indore,Madhya Pradesh,Jio,Mobile,0
+919173547723,Sapna Hegde,Tiruchirappalli,Tamil Nadu,Vodafone Idea,Mobile,0
+917161374969,Dhruv Jadeja,Ludhiana,Punjab,Jio,Mobile,0
+917077599414,Padma Tiwari,Jaipur,Rajasthan,Vodafone Idea,Mobile,0
+916053136655,Sapna More,Pune,Maharashtra,Airtel,Mobile,0
+919135874845,Manju Rawat,Guwahati,Assam,Vodafone Idea,Mobile,0
+917935292375,Sumit Pandey,Patna,Bihar,BSNL,Mobile,0
+917070619209,Nitesh Kaul,Delhi,Delhi,Vodafone Idea,Mobile,0
+919259451556,Mukul Modi,Bhubaneswar,Odisha,Vodafone Idea,Mobile,0
+918883845144,Archana Sethi,Gwalior,Madhya Pradesh,BSNL,Mobile,0
+916332946379,Suresh Negi,Salem,Tamil Nadu,Airtel,Mobile,0
+917448091621,Archana Sharma,Bhubaneswar,Odisha,Jio,Mobile,0
+919130471446,Ramesh Solanki,Jabalpur,Madhya Pradesh,BSNL,Mobile,0
+919137130493,Arnav Shukla,Jammu,Jammu & Kashmir,Jio,Mobile,0
+917995575649,Yash Mir,Thiruvananthapuram,Kerala,BSNL,Mobile,0
+919784385437,Sapna More,Jodhpur,Rajasthan,Airtel,Mobile,0
+919869068173,Pankaj Yadav,Lucknow,Uttar Pradesh,BSNL,Mobile,0
+917655444321,Harish Pillai,Kochi,Kerala,Vodafone Idea,Mobile,0
+917092129906,Reema Bisht,Thane,Maharashtra,Jio,Mobile,0
+918088019331,Deepak Choudhary,Bhubaneswar,Odisha,Vodafone Idea,Mobile,0
+919728393973,Mohan Shinde,Thiruvananthapuram,Kerala,Vodafone Idea,Mobile,0
+916058965212,Manju Rao,Ghaziabad,Uttar Pradesh,Airtel,Mobile,0
+918915394368,Harpreet Jadhav,Dehradun,Uttarakhand,Vodafone Idea,Mobile,0
+917323403926,Geeta Kurup,Thiruvananthapuram,Kerala,Jio,Mobile,0
+918849331676,Aditya Sen,Thiruvananthapuram,Kerala,Airtel,Mobile,0
+916240588090,Anita Mir,Udaipur,Rajasthan,Jio,Mobile,0
+916222757344,Lalit Singh,Allahabad,Uttar Pradesh,BSNL,Mobile,0
+919322830693,Jayesh Solanki,Agra,Uttar Pradesh,Jio,Mobile,0
+917259798534,Garima Warrier,Rajkot,Gujarat,Jio,Mobile,0
+918490896221,Ashish Wani,Ghaziabad,Uttar Pradesh,Jio,Mobile,0
+918194211984,Rupesh Desai,Shimla,Himachal Pradesh,BSNL,Mobile,0
+919794914703,Rachna Modi,Jodhpur,Rajasthan,Airtel,Mobile,0
+917228789647,Reshma Bhat,Jammu,Jammu & Kashmir,Vodafone Idea,Mobile,0
+919169883182,Nisha Warrier,Jodhpur,Rajasthan,Vodafone Idea,Mobile,0
+918058051296,Kavita Chauhan,Vadodara,Gujarat,BSNL,Mobile,0
+917446312554,Kunal Warrier,Guwahati,Assam,Vodafone Idea,Mobile,0
+919017502302,Karun Modi,Srinagar,Jammu & Kashmir,Vodafone Idea,Mobile,0
+919114590666,Vihaan Hegde,Varanasi,Uttar Pradesh,BSNL,Mobile,0
+918380203705,Jitesh Thakur,Mysore,Karnataka,BSNL,Mobile,0
+918499167868,Mukul Bajaj,Bangalore,Karnataka,BSNL,Mobile,0
+916264724064,Kishan Goyal,Raipur,Chhattisgarh,Airtel,Mobile,0
+917612017724,Vijay Shetty,Kanpur,Uttar Pradesh,Jio,Mobile,0
+917261654477,Ayaan Sarkar,Varanasi,Uttar Pradesh,Jio,Mobile,0
+916215272775,Nikhil Sethi,Indore,Madhya Pradesh,BSNL,Mobile,0
+917926789588,Amita Das,Thiruvananthapuram,Kerala,Jio,Mobile,0
+917332304155,Pradeep Nair,Madurai,Tamil Nadu,BSNL,Mobile,0
+919685619076,Vivaan Dey,Aurangabad,Maharashtra,Jio,Mobile,0
+917535233731,Jyoti Bisht,Belgaum,Karnataka,Vodafone Idea,Mobile,0
+919723670831,Shravan Patel,Noida,Uttar Pradesh,BSNL,Mobile,0
+917588029006,Sara Khare,Salem,Tamil Nadu,Jio,Mobile,0
+919372680892,Dhruv Jain,Navi Mumbai,Maharashtra,Vodafone Idea,Mobile,0
+916179862348,Kapil Khare,Varanasi,Uttar Pradesh,BSNL,Mobile,0
+917147047564,Priya Dar,Navi Mumbai,Maharashtra,Vodafone Idea,Mobile,0
+919589841856,Sunita Solanki,Tiruchirappalli,Tamil Nadu,Airtel,Mobile,0
+918075127742,Swati Gupta,Navi Mumbai,Maharashtra,BSNL,Mobile,0
+918112862094,Vihaan Kumar,Kolkata,West Bengal,Jio,Mobile,0
+919571459685,Aanya Gupta,Bhopal,Madhya Pradesh,BSNL,Mobile,0
+916232815233,Amita Paul,Nagpur,Maharashtra,BSNL,Mobile,0
+917990445918,Padma Chauhan,Raipur,Chhattisgarh,Vodafone Idea,Mobile,0
+918528969338,Sunanda Biswas,Coimbatore,Tamil Nadu,Jio,Mobile,0
+917456418158,Asha Mehra,Guwahati,Assam,Airtel,Mobile,0
+919583484367,Ravi Verma,Salem,Tamil Nadu,BSNL,Mobile,0
+918796761838,Umesh Kumar,Visakhapatnam,Andhra Pradesh,Airtel,Mobile,0
+916389428944,Neha Das,Noida,Uttar Pradesh,Jio,Mobile,0
+918464314189,Nikhil Patel,Jabalpur,Madhya Pradesh,Jio,Mobile,0
+919064973010,Ajay Wani,Lucknow,Uttar Pradesh,BSNL,Mobile,0
+916191857184,Sachin Tripathi,Salem,Tamil Nadu,BSNL,Mobile,0
+918914156313,Diya Bhat,Vadodara,Gujarat,Vodafone Idea,Mobile,0
+919391767896,Sneha Pillai,Amritsar,Punjab,Airtel,Mobile,0
+917047939918,Alpesh Gupta,Jodhpur,Rajasthan,Airtel,Mobile,0
+919117698582,Lalit Sen,Chennai,Tamil Nadu,Jio,Mobile,0
+918249188035,Pari Chakraborty,Thiruvananthapuram,Kerala,Airtel,Mobile,0
+917957143123,Pooja Naidu,Salem,Tamil Nadu,Jio,Mobile,0
+916214985357,Sai Sen,Jaipur,Rajasthan,BSNL,Mobile,0
+917284735578,Sanjay Chatterjee,Lucknow,Uttar Pradesh,Jio,Mobile,0
+918525493378,Tarun Naidu,Ghaziabad,Uttar Pradesh,Vodafone Idea,Mobile,0
+916191524104,Puneet Iyer,Ahmedabad,Gujarat,BSNL,Mobile,0
+918190210475,Sushma Jadhav,Jammu,Jammu & Kashmir,Vodafone Idea,Mobile,0
+917484775034,Ashish Pant,Indore,Madhya Pradesh,Jio,Mobile,0
+918727505745,Jayesh Joshi,Udaipur,Rajasthan,Airtel,Mobile,0
+917282404735,Anita Pai,Chandigarh,Punjab,BSNL,Mobile,0
+919949784770,Vishal Sharma,Jaipur,Rajasthan,Jio,Mobile,0
+917117697640,Rohit Kapoor,Ranchi,Jharkhand,Vodafone Idea,Mobile,0
+919846366760,Gurpreet Paul,Aurangabad,Maharashtra,Vodafone Idea,Mobile,0
+917184279098,Sneha Kapoor,Gurugram,Haryana,Vodafone Idea,Mobile,0
+917963307400,Vijay Dey,Rajkot,Gujarat,Vodafone Idea,Mobile,0
+919421974640,Namita Dubey,Kanpur,Uttar Pradesh,Vodafone Idea,Mobile,0
+918235617072,Ritesh Bhatia,Lucknow,Uttar Pradesh,BSNL,Mobile,0
+918271584105,Sunita Das,Guwahati,Assam,Jio,Mobile,0
+918517604528,Pradeep Sethi,Gwalior,Madhya Pradesh,Vodafone Idea,Mobile,0
+918265130138,Naveen Tandon,Amritsar,Punjab,Airtel,Mobile,0
+919137602191,Lakshmi Dhawan,Nagpur,Maharashtra,Airtel,Mobile,0
+916055871479,Krishna Wani,Chandigarh,Punjab,Jio,Mobile,0
+918373622903,Brijesh Tiwari,Gwalior,Madhya Pradesh,BSNL,Mobile,0
+917043692602,Nandini Dhawan,Surat,Gujarat,Airtel,Mobile,0
+919131081170,Rajesh Chakraborty,Delhi,Delhi,BSNL,Mobile,0
+917349617886,Vinod Garg,Tiruchirappalli,Tamil Nadu,Airtel,Mobile,0
+917970741104,Vikram Goyal,Agra,Uttar Pradesh,BSNL,Mobile,0
+918295942582,Vinita Negi,Bhopal,Madhya Pradesh,Vodafone Idea,Mobile,0
+918751648782,Arjun Dhawan,Vijayawada,Andhra Pradesh,Vodafone Idea,Mobile,0
+918028169286,Lakshmi Bose,Nagpur,Maharashtra,Airtel,Mobile,0
+918525539248,Bhavna Dubey,Amritsar,Punjab,Vodafone Idea,Mobile,0
+917741658858,Asha Naidu,Mysore,Karnataka,Vodafone Idea,Mobile,0
+918634595900,Lalit Choudhary,Guwahati,Assam,Vodafone Idea,Mobile,0
+916392182977,Rakesh Chauhan,Patna,Bihar,BSNL,Mobile,0
+918446201408,Rohit Biswas,Nagpur,Maharashtra,Jio,Mobile,0
+919769202937,Rajeev Suri,Surat,Gujarat,Jio,Mobile,0
+918529773089,Sachin Tandon,Kochi,Kerala,Airtel,Mobile,0
+918840176002,Poonam Negi,Jammu,Jammu & Kashmir,BSNL,Mobile,0
+919610704652,Rajeev Iyer,Jabalpur,Madhya Pradesh,BSNL,Mobile,0
+919764053068,Sohan Pant,Noida,Uttar Pradesh,Vodafone Idea,Mobile,0
+916315129849,Pari Chopra,Jodhpur,Rajasthan,BSNL,Mobile,0
+917323802401,Manpreet Shekhawat,Hubli,Karnataka,BSNL,Mobile,0
+919289147157,Garima Singhal,Chennai,Tamil Nadu,Vodafone Idea,Mobile,0
+917246777779,Jayesh Arora,Bhubaneswar,Odisha,Airtel,Mobile,0
+919444039953,Lakshmi Vaghela,Udaipur,Rajasthan,Vodafone Idea,Mobile,0
+918636804229,Sai Roy,Patna,Bihar,BSNL,Mobile,0
+916114266631,Swati Gowda,Vadodara,Gujarat,Airtel,Mobile,0
+917271038358,Divya Jain,Mumbai,Maharashtra,BSNL,Mobile,0
+919673181153,Amit Pawar,Jaipur,Rajasthan,BSNL,Mobile,0
+917436398009,Sara Thakur,Madurai,Tamil Nadu,Jio,Mobile,0
+917062696230,Vinita Joshi,Coimbatore,Tamil Nadu,Airtel,Mobile,0
+919628148366,Nisha Dubey,Ludhiana,Punjab,Vodafone Idea,Mobile,0
+918055796109,Nitin Sen,Mysore,Karnataka,Vodafone Idea,Mobile,0
+919293632212,Anika Rao,Nashik,Maharashtra,Airtel,Mobile,0
+918724691212,Smita Chauhan,Jodhpur,Rajasthan,Vodafone Idea,Mobile,0
+919685643777,Geeta Roy,Allahabad,Uttar Pradesh,Vodafone Idea,Mobile,0
+917991175760,Usha Bora,Indore,Madhya Pradesh,Jio,Mobile,0
+916043006456,Mahesh Saxena,Nashik,Maharashtra,Vodafone Idea,Mobile,0
+917246835901,Raman Arora,Jabalpur,Madhya Pradesh,BSNL,Mobile,0
+919817472443,Myra Choudhary,Gurugram,Haryana,BSNL,Mobile,0
+917726837724,Savita Mandal,Lucknow,Uttar Pradesh,Airtel,Mobile,0
+918586954549,Nandini Kaul,Mysore,Karnataka,Jio,Mobile,0
+919463460504,Amita Saikia,Bangalore,Karnataka,Vodafone Idea,Mobile,0
+917121225807,Mahesh Gogoi,Gwalior,Madhya Pradesh,BSNL,Mobile,0
+917275896674,Meera Tomar,Gurugram,Haryana,BSNL,Mobile,0
+919275069253,Sneha Bora,Ranchi,Jharkhand,Vodafone Idea,Mobile,0
+918894070324,Pradeep Paul,Jodhpur,Rajasthan,Jio,Mobile,0
+919823085276,Roshan Shekhawat,Mysore,Karnataka,BSNL,Mobile,0
+919387156478,Manju Dutta,Faridabad,Haryana,Jio,Mobile,0
+919226424876,Mukul Iyer,Udaipur,Rajasthan,Vodafone Idea,Mobile,0
+918884524419,Aarohi Hegde,Ghaziabad,Uttar Pradesh,Airtel,Mobile,0
+916065709994,Paresh Patil,Delhi,Delhi,Airtel,Mobile,0
+917290227567,Krishna Arora,Chennai,Tamil Nadu,Vodafone Idea,Mobile,0
+916031549421,Sanjiv Barua,Srinagar,Jammu & Kashmir,BSNL,Mobile,0
+919916221069,Roshan Suri,Jodhpur,Rajasthan,Jio,Mobile,0
+919980694632,Sunanda Sen,Noida,Uttar Pradesh,BSNL,Mobile,0
+917669263381,Harpreet Shukla,Amritsar,Punjab,BSNL,Mobile,0
+917496449004,Lakshmi Nair,Jaipur,Rajasthan,BSNL,Mobile,0
+917391656319,Karthik Khanna,Bhopal,Madhya Pradesh,Jio,Mobile,0
+919899969046,Savita Kumar,Vadodara,Gujarat,Vodafone Idea,Mobile,0
+918571813574,Pooja Vaghela,Mysore,Karnataka,Jio,Mobile,0
+918648550179,Gurpreet Khare,Mysore,Karnataka,Jio,Mobile,0
+919434413913,Sneha Nair,Agra,Uttar Pradesh,Vodafone Idea,Mobile,0
+917781929430,Rashmi Gupta,Jammu,Jammu & Kashmir,BSNL,Mobile,0
+919516664294,Reema Goyal,Nagpur,Maharashtra,Vodafone Idea,Mobile,0
+918123032214,Nitin Vaghela,Mangalore,Karnataka,Vodafone Idea,Mobile,0
+918221559019,Deepak Bora,Kanpur,Uttar Pradesh,Vodafone Idea,Mobile,0
+919227330804,Aarohi Chakraborty,Udaipur,Rajasthan,BSNL,Mobile,0
+917389558870,Radha Chauhan,Salem,Tamil Nadu,Jio,Mobile,0
+917999256858,Asha Rawat,Tiruchirappalli,Tamil Nadu,BSNL,Mobile,0
+918477372869,Aarav Saxena,Coimbatore,Tamil Nadu,Jio,Mobile,0
+919931178121,Lokesh Shetty,Hyderabad,Telangana,Jio,Mobile,0
+916313108657,Arun Sharma,Varanasi,Uttar Pradesh,Vodafone Idea,Mobile,0
+917583149505,Karthik Pawar,Chandigarh,Punjab,Jio,Mobile,0
+919895559535,Bhavna Chauhan,Visakhapatnam,Andhra Pradesh,Airtel,Mobile,0
+918864269318,Mahesh Khare,Mangalore,Karnataka,Vodafone Idea,Mobile,0
+917239583658,Aanya Pillai,Udaipur,Rajasthan,Airtel,Mobile,0
+918198329005,Simran Pandey,Kolkata,West Bengal,Vodafone Idea,Mobile,0
+918744510982,Sohan Khare,Rajkot,Gujarat,Jio,Mobile,0
+918710152155,Sanjay Patel,Srinagar,Jammu & Kashmir,Jio,Mobile,0
+919866490462,Shaurya Gupta,Mumbai,Maharashtra,Jio,Mobile,0
+916060715406,Garima Agarwal,Ghaziabad,Uttar Pradesh,Vodafone Idea,Mobile,0
+917130151550,Shravan Tiwari,Udaipur,Rajasthan,Airtel,Mobile,0
+917647611444,Ansh Menon,Belgaum,Karnataka,BSNL,Mobile,0
+917580174024,Sapna Chakraborty,Mysore,Karnataka,Airtel,Mobile,0
+918025913737,Anika Saikia,Gwalior,Madhya Pradesh,Airtel,Mobile,0
+919650831960,Nisha Jadhav,Salem,Tamil Nadu,Airtel,Mobile,0
+919366655046,Kiran Tandon,Udaipur,Rajasthan,Airtel,Mobile,0
+916013395461,Vijay Rajput,Allahabad,Uttar Pradesh,Jio,Mobile,0
+919748610855,Simran Rathore,Surat,Gujarat,Jio,Mobile,0
+917293963129,Naveen Jadhav,Coimbatore,Tamil Nadu,Jio,Mobile,0
+917735196217,Manoj Arora,Jammu,Jammu & Kashmir,BSNL,Mobile,0
+919960360894,Jitesh Chauhan,Kochi,Kerala,Vodafone Idea,Mobile,0
+918437385139,Kavita Menon,Madurai,Tamil Nadu,Vodafone Idea,Mobile,0
+917642566714,Aditya Suri,Chandigarh,Punjab,Airtel,Mobile,0
+919538738132,Sapna Gogoi,Kolkata,West Bengal,Vodafone Idea,Mobile,0
+919180302887,Nisha Dubey,Navi Mumbai,Maharashtra,Jio,Mobile,0
+919190412477,Jitesh Jain,Ludhiana,Punjab,Jio,Mobile,0
+919118357249,Kavita Dey,Allahabad,Uttar Pradesh,Jio,Mobile,0
+918118367592,Shalini Saikia,Lucknow,Uttar Pradesh,Vodafone Idea,Mobile,0
+919526926480,Sanjay Singh,Dehradun,Uttarakhand,Airtel,Mobile,0
+919517679810,Yash Jain,Allahabad,Uttar Pradesh,Vodafone Idea,Mobile,0
+917394086099,Tushar Chauhan,Raipur,Chhattisgarh,Jio,Mobile,0
+919425684311,Sumit Gupta,Dehradun,Uttarakhand,Jio,Mobile,0
+917254270804,Karun Shah,Dehradun,Uttarakhand,Vodafone Idea,Mobile,0
+917088154065,Anita Sharma,Belgaum,Karnataka,Jio,Mobile,0
+917011538565,Neelam Mandal,Varanasi,Uttar Pradesh,Airtel,Mobile,0
+917882605954,Kapil Tandon,Gwalior,Madhya Pradesh,Vodafone Idea,Mobile,0
+917396345692,Tarun Biswas,Guwahati,Assam,Vodafone Idea,Mobile,0
+918612038306,Aanya Vaghela,Gurugram,Haryana,Airtel,Mobile,0
+919060470965,Meera Singhal,Delhi,Delhi,Jio,Mobile,0
+917969701895,Umesh Shukla,Jaipur,Rajasthan,Jio,Mobile,0
+916022414306,Asha Negi,Bangalore,Karnataka,BSNL,Mobile,0
+918274410768,Naresh Ahuja,Srinagar,Jammu & Kashmir,Vodafone Idea,Mobile,0
+918184680752,Harpreet Nair,Bhopal,Madhya Pradesh,Jio,Mobile,0
+917960425904,Pari Sen,Pune,Maharashtra,Airtel,Mobile,0
+917772872986,Vikram Dey,Kolkata,West Bengal,Airtel,Mobile,0
+917259765481,Tejinder Chauhan,Pune,Maharashtra,BSNL,Mobile,0
+917484168645,Gaurav Dar,Guwahati,Assam,Vodafone Idea,Mobile,0
+916022746534,Anika Sarkar,Srinagar,Jammu & Kashmir,BSNL,Mobile,0
+917467799198,Reema Sethi,Kochi,Kerala,Vodafone Idea,Mobile,0
+917947760032,Shikha Singhal,Thane,Maharashtra,Vodafone Idea,Mobile,0
+918223421464,Lakhan Bajaj,Aurangabad,Maharashtra,Vodafone Idea,Mobile,0
+916358842378,Lokesh Kapoor,Indore,Madhya Pradesh,Vodafone Idea,Mobile,0
+918443349680,Tarun Rao,Agra,Uttar Pradesh,Airtel,Mobile,0
+918725547519,Sandeep Mishra,Gwalior,Madhya Pradesh,BSNL,Mobile,0
+918883535481,Shravan Pawar,Noida,Uttar Pradesh,Airtel,Mobile,0
+918427300047,Archana Kamath,Hubli,Karnataka,Jio,Mobile,0
+916356293183,Anvi Gupta,Visakhapatnam,Andhra Pradesh,Airtel,Mobile,0
+918688951402,Aarohi Biswas,Guwahati,Assam,Vodafone Idea,Mobile,0
+919324221524,Lalit Mehra,Ghaziabad,Uttar Pradesh,Airtel,Mobile,0
+918897250363,Yogesh Solanki,Vadodara,Gujarat,Jio,Mobile,0
+916011394380,Divya Gowda,Aurangabad,Maharashtra,Vodafone Idea,Mobile,0
+919373254274,Vandana Gogoi,Pune,Maharashtra,Vodafone Idea,Mobile,0
+919837088681,Sachin Biswas,Udaipur,Rajasthan,Jio,Mobile,0
+918566245252,Rahul Banerjee,Guwahati,Assam,Airtel,Mobile,0
+917328249130,Suresh Malhotra,Hyderabad,Telangana,Vodafone Idea,Mobile,0
+919462052368,Poonam Mehta,Patna,Bihar,Airtel,Mobile,0
+918933137940,Lakshmi Jadhav,Raipur,Chhattisgarh,Airtel,Mobile,0
+919650179753,Myra Pillai,Kochi,Kerala,BSNL,Mobile,0
+918580200733,Uma Sen,Aurangabad,Maharashtra,Jio,Mobile,0
+918443658984,Ajay Yadav,Aurangabad,Maharashtra,Jio,Mobile,0
+916373120915,Aditya Rathore,Visakhapatnam,Andhra Pradesh,BSNL,Mobile,0
+917360537685,Bhavna Barua,Srinagar,Jammu & Kashmir,BSNL,Mobile,0
+918360653537,Rakesh Mehta,Gurugram,Haryana,BSNL,Mobile,0
+917072787433,Sandeep Menon,Chennai,Tamil Nadu,BSNL,Mobile,0
+918494209890,Ansh Dutta,Gwalior,Madhya Pradesh,BSNL,Mobile,0
+917068254720,Vijay Mishra,Salem,Tamil Nadu,Airtel,Mobile,0
+917574153135,Pari Mishra,Nashik,Maharashtra,Vodafone Idea,Mobile,0
+919272100731,Jitesh Saikia,Aurangabad,Maharashtra,BSNL,Mobile,0
+918053910895,Sunanda Tiwari,Kochi,Kerala,Vodafone Idea,Mobile,0
+916142153353,Aditya Agarwal,Navi Mumbai,Maharashtra,BSNL,Mobile,0
+918450157582,Aarush Dhawan,Rajkot,Gujarat,Airtel,Mobile,0
+919725633896,Ananya Wani,Jabalpur,Madhya Pradesh,Airtel,Mobile,0
+917076880946,Rahul Kulkarni,Dehradun,Uttarakhand,BSNL,Mobile,0
+918133823235,Rakesh Suri,Thiruvananthapuram,Kerala,Airtel,Mobile,0
+918428638518,Namita Mathur,Kochi,Kerala,BSNL,Mobile,0
+919621576459,Sunanda Rajput,Dehradun,Uttarakhand,Vodafone Idea,Mobile,0
+919212262474,Kuldeep Rathore,Nagpur,Maharashtra,Vodafone Idea,Mobile,0
+919868395220,Navpreet Sarkar,Shimla,Himachal Pradesh,Airtel,Mobile,0
+916224186592,Dhruv Dey,Ahmedabad,Gujarat,BSNL,Mobile,0
+918852157147,Divya Khare,Chandigarh,Punjab,Jio,Mobile,0
+917282283861,Kapil Kulkarni,Thane,Maharashtra,BSNL,Mobile,0
+918946629886,Kabir Reddy,Bhopal,Madhya Pradesh,Vodafone Idea,Mobile,0
+916282151671,Pavan Chauhan,Noida,Uttar Pradesh,Vodafone Idea,Mobile,0
+918539197934,Rashmi Mishra,Chennai,Tamil Nadu,Airtel,Mobile,0
+917930511685,Sohan Malhotra,Nashik,Maharashtra,Vodafone Idea,Mobile,0
+918511419687,Ashish Sharma,Kochi,Kerala,Airtel,Mobile,0
+918048171440,Swati Pillai,Mysore,Karnataka,Airtel,Mobile,0
+919461658720,Uma Biswas,Nagpur,Maharashtra,Airtel,Mobile,0
+919136677574,Nikhil Pillai,Amritsar,Punjab,BSNL,Mobile,0
+916324525343,Sapna Shetty,Udaipur,Rajasthan,Airtel,Mobile,0
+918272696833,Pradeep Kulkarni,Shimla,Himachal Pradesh,Vodafone Idea,Mobile,0
+919966297587,Rekha Joshi,Coimbatore,Tamil Nadu,BSNL,Mobile,0
+918718026701,Manoj Mehta,Dehradun,Uttarakhand,Airtel,Mobile,0
+918139261173,Varun Dhawan,Hyderabad,Telangana,Vodafone Idea,Mobile,0
+918771742899,Anvi Shekhawat,Lucknow,Uttar Pradesh,Jio,Mobile,0
+918117042591,Priya Bhatia,Chandigarh,Punjab,Vodafone Idea,Mobile,0
+918560171000,Pradeep Sarkar,Srinagar,Jammu & Kashmir,Jio,Mobile,0
+919321721486,Ritu Mathur,Jammu,Jammu & Kashmir,Jio,Mobile,0
+916325988532,Nikhil Hegde,Ahmedabad,Gujarat,Jio,Mobile,0
+918369476319,Pooja Gowda,Pune,Maharashtra,Airtel,Mobile,0
+918997312613,Shravan Jadhav,Madurai,Tamil Nadu,Vodafone Idea,Mobile,0
+919294132715,Anjali Saikia,Allahabad,Uttar Pradesh,Vodafone Idea,Mobile,0
+918277132562,Tarun Vaghela,Salem,Tamil Nadu,Airtel,Mobile,0
+916052357971,Navpreet Dhawan,Thane,Maharashtra,BSNL,Mobile,0
+919073389461,Kuldeep Kaul,Lucknow,Uttar Pradesh,BSNL,Mobile,0
+917916323738,Neha Dubey,Vijayawada,Andhra Pradesh,Vodafone Idea,Mobile,0
+918625344717,Advik Sethi,Gurugram,Haryana,BSNL,Mobile,0
+918073048557,Sunanda Gupta,Udaipur,Rajasthan,Jio,Mobile,0
+918773221131,Navpreet Pai,Surat,Gujarat,Jio,Mobile,0
+917386839416,Atharv Vaghela,Thane,Maharashtra,BSNL,Mobile,0
+919298956071,Aanya Hegde,Thiruvananthapuram,Kerala,Vodafone Idea,Mobile,0
+917727489212,Sunil Tripathi,Thiruvananthapuram,Kerala,Jio,Mobile,0
+919357865923,Ritu Tiwari,Navi Mumbai,Maharashtra,Vodafone Idea,Mobile,0
+918339766455,Umesh Modi,Indore,Madhya Pradesh,Jio,Mobile,0
+918889404603,Preeti Banerjee,Coimbatore,Tamil Nadu,Jio,Mobile,0
+919185622511,Amita Choudhary,Rajkot,Gujarat,BSNL,Mobile,0
+918697649256,Jitesh Gowda,Gwalior,Madhya Pradesh,Airtel,Mobile,0
+917531369062,Umesh Singh,Amritsar,Punjab,Jio,Mobile,0
+917560236851,Mukesh Bhat,Jabalpur,Madhya Pradesh,Jio,Mobile,0
+917862288538,Sapna Sharma,Allahabad,Uttar Pradesh,Vodafone Idea,Mobile,0
+919881675846,Dhruv Khanna,Ghaziabad,Uttar Pradesh,Airtel,Mobile,0
+918952954619,Mukul More,Jabalpur,Madhya Pradesh,BSNL,Mobile,0
+919451190630,Rajeev Bhatia,Kanpur,Uttar Pradesh,Jio,Mobile,0
+919149200527,Aanya Pant,Lucknow,Uttar Pradesh,BSNL,Mobile,0
+917887988961,Priya Talwar,Patna,Bihar,BSNL,Mobile,0
+919082441711,Lalita More,Indore,Madhya Pradesh,Airtel,Mobile,0
+919648444239,Aarav Tiwari,Jammu,Jammu & Kashmir,Vodafone Idea,Mobile,0
+919297077121,Lalita Vaghela,Dehradun,Uttarakhand,Airtel,Mobile,0
+919365256617,Rupesh Roy,Kochi,Kerala,Jio,Mobile,0
+917221635255,Rohan Dhawan,Bhopal,Madhya Pradesh,Jio,Mobile,0
+917457778541,Kapil Mandal,Nashik,Maharashtra,Vodafone Idea,Mobile,0
+918623535387,Savita Iyer,Hubli,Karnataka,BSNL,Mobile,0
+916081529917,Lakshmi Negi,Hyderabad,Telangana,Jio,Mobile,0
+917975154419,Rekha Vaghela,Madurai,Tamil Nadu,Jio,Mobile,0
+918516043577,Seema Kaul,Varanasi,Uttar Pradesh,BSNL,Mobile,0
+917978716661,Poonam Rajput,Vadodara,Gujarat,Vodafone Idea,Mobile,0
+919758091436,Ajay Gowda,Hyderabad,Telangana,Vodafone Idea,Mobile,0
+919574640306,Shravan Tandon,Faridabad,Haryana,Airtel,Mobile,0
+917263168850,Meera Tandon,Udaipur,Rajasthan,BSNL,Mobile,0
+918172354439,Kiran Pai,Tiruchirappalli,Tamil Nadu,Airtel,Mobile,0
+917551458423,Arun Tomar,Kochi,Kerala,Airtel,Mobile,0
+917232260825,Sushma Hegde,Mumbai,Maharashtra,Airtel,Mobile,0
+918617461967,Harpreet Talwar,Chennai,Tamil Nadu,Jio,Mobile,0
+916066295620,Manish Mishra,Jabalpur,Madhya Pradesh,BSNL,Mobile,0
+918323380555,Vishal Sharma,Kolkata,West Bengal,Jio,Mobile,0
+919755401421,Rakesh Hegde,Gurugram,Haryana,Airtel,Mobile,0
+918889754030,Varun Mishra,Jodhpur,Rajasthan,BSNL,Mobile,0
+917243171079,Rahul Mathur,Hyderabad,Telangana,BSNL,Mobile,0
+916131304319,Swati Sharma,Belgaum,Karnataka,Jio,Mobile,0
+917388089900,Rekha Negi,Rajkot,Gujarat,Vodafone Idea,Mobile,0
+916075736499,Aarav Vaghela,Delhi,Delhi,Airtel,Mobile,0
+916058199702,Aanya Pai,Pune,Maharashtra,Vodafone Idea,Mobile,0
+917499455845,Gaurav Tomar,Kochi,Kerala,Jio,Mobile,0
+917011734466,Usha Barua,Raipur,Chhattisgarh,Airtel,Mobile,0
+919194284592,Sushma Pillai,Nagpur,Maharashtra,BSNL,Mobile,0
+916390977032,Reema Chauhan,Bangalore,Karnataka,Airtel,Mobile,0
+918368318573,Ashish Kurup,Allahabad,Uttar Pradesh,BSNL,Mobile,0
+916019487867,Nisha Roy,Guwahati,Assam,Jio,Mobile,0
+916112395412,Rachna Sen,Chandigarh,Punjab,Jio,Mobile,0
+918852955113,Namita Thakur,Shimla,Himachal Pradesh,Airtel,Mobile,0
+919279636563,Anika Dar,Srinagar,Jammu & Kashmir,Vodafone Idea,Mobile,0
+918026009360,Rajesh Tiwari,Mangalore,Karnataka,Jio,Mobile,0
+917329462504,Sukhpreet Mehta,Srinagar,Jammu & Kashmir,BSNL,Mobile,0
+918535569868,Neha Mir,Srinagar,Jammu & Kashmir,Jio,Mobile,0
+919970039644,Arjun Rao,Surat,Gujarat,Vodafone Idea,Mobile,0
+919625123565,Sushma Dar,Kanpur,Uttar Pradesh,Jio,Mobile,0
+917791746283,Roshan Chatterjee,Agra,Uttar Pradesh,BSNL,Mobile,0
+919461909449,Aarav Mehra,Jabalpur,Madhya Pradesh,Jio,Mobile,0
+918223894049,Reshma Pandey,Udaipur,Rajasthan,Vodafone Idea,Mobile,0
+918657318431,Shalini Mitra,Vijayawada,Andhra Pradesh,Airtel,Mobile,0
+919064272295,Vikram Khare,Tiruchirappalli,Tamil Nadu,Vodafone Idea,Mobile,0
+919244319060,Sara Iyer,Coimbatore,Tamil Nadu,Jio,Mobile,0
+917048244834,Yash Bora,Faridabad,Haryana,Vodafone Idea,Mobile,0
+919678582046,Gurpreet Dubey,Belgaum,Karnataka,Vodafone Idea,Mobile,0
+919654920093,Ananya Thakur,Amritsar,Punjab,BSNL,Mobile,0
+917939394394,Geeta Mishra,Gurugram,Haryana,Jio,Mobile,0
+919527203746,Archana Negi,Nagpur,Maharashtra,BSNL,Mobile,0
+918388809559,Anjali Bajaj,Patna,Bihar,Airtel,Mobile,0
+917683959994,Myra Sen,Raipur,Chhattisgarh,BSNL,Mobile,0
+919470819386,Naveen Chopra,Vadodara,Gujarat,Vodafone Idea,Mobile,0
+917096164839,Radha Mir,Mysore,Karnataka,Jio,Mobile,0
+919486644590,Namita Mir,Hyderabad,Telangana,BSNL,Mobile,0
+918655076734,Diya Mir,Vijayawada,Andhra Pradesh,BSNL,Mobile,0
+917010206072,Kiran Deshmukh,Delhi,Delhi,BSNL,Mobile,0
+916377473432,Nitesh Gogoi,Lucknow,Uttar Pradesh,Vodafone Idea,Mobile,0
+917253260405,Amit Ahuja,Hubli,Karnataka,Vodafone Idea,Mobile,0
+917948772937,Vipul Dar,Dehradun,Uttarakhand,Airtel,Mobile,0
+919930933446,Ayaan Rajput,Hyderabad,Telangana,Airtel,Mobile,0
+918720823011,Sandeep Jadhav,Bangalore,Karnataka,Vodafone Idea,Mobile,0
+919420997170,Mukul Dutta,Faridabad,Haryana,BSNL,Mobile,0
+918436421656,Paresh Choudhary,Vadodara,Gujarat,BSNL,Mobile,0
+919764230254,Kishan Chakraborty,Indore,Madhya Pradesh,Airtel,Mobile,0
+916134806652,Pavan Kulkarni,Patna,Bihar,Jio,Mobile,0
+917813532276,Mahesh Malhotra,Jaipur,Rajasthan,Airtel,Mobile,0
+918920589057,Reshma Mishra,Hubli,Karnataka,Jio,Mobile,0
+918330383758,Preeti Pandey,Nashik,Maharashtra,BSNL,Mobile,0
+919682192058,Sanjiv Kumar,Lucknow,Uttar Pradesh,Airtel,Mobile,0
+919286759461,Lalit Reddy,Ahmedabad,Gujarat,Vodafone Idea,Mobile,0
+919811263027,Shravan Kulkarni,Hubli,Karnataka,Vodafone Idea,Mobile,0
+917920319540,Amita Malhotra,Ludhiana,Punjab,BSNL,Mobile,0
+919654218169,Sneha Bose,Rajkot,Gujarat,Jio,Mobile,0
+918147684936,Simran Warrier,Aurangabad,Maharashtra,Airtel,Mobile,0
+917086511131,Sukhpreet Garg,Jabalpur,Madhya Pradesh,Vodafone Idea,Mobile,0
+919915496817,Radha Desai,Faridabad,Haryana,Jio,Mobile,0
+919691035450,Poonam Agarwal,Noida,Uttar Pradesh,Vodafone Idea,Mobile,0
+918526634203,Kishan Deshmukh,Indore,Madhya Pradesh,Vodafone Idea,Mobile,0
+918695907645,Asha Garg,Vijayawada,Andhra Pradesh,Airtel,Mobile,0
+916242156286,Pari Bhat,Faridabad,Haryana,Airtel,Mobile,0
+918247958920,Navpreet Warrier,Thane,Maharashtra,Jio,Mobile,0
+918528072313,Geeta Modi,Surat,Gujarat,BSNL,Mobile,0
+918782384606,Vipul Mitra,Ahmedabad,Gujarat,Jio,Mobile,0
+918989695022,Neelam Sethi,Indore,Madhya Pradesh,BSNL,Mobile,0
+919173550814,Mukesh Naidu,Dehradun,Uttarakhand,BSNL,Mobile,0
+918659028738,Paresh Ghosh,Jabalpur,Madhya Pradesh,BSNL,Mobile,0
+919453422313,Girish Biswas,Ludhiana,Punjab,Vodafone Idea,Mobile,0
+918985336113,Kiran Sharma,Gwalior,Madhya Pradesh,Jio,Mobile,0
+918546277020,Meera Pawar,Faridabad,Haryana,BSNL,Mobile,0
+918130184675,Deepa Warrier,Ahmedabad,Gujarat,Airtel,Mobile,0
+919478685945,Jayesh Chauhan,Rajkot,Gujarat,Vodafone Idea,Mobile,0
+917024481415,Lalita Desai,Kolkata,West Bengal,Vodafone Idea,Mobile,0
+919238969636,Harish Kapoor,Bhopal,Madhya Pradesh,Jio,Mobile,0
+919794656304,Kuldeep Chakraborty,Visakhapatnam,Andhra Pradesh,Airtel,Mobile,0
+919524308682,Arnav Patil,Shimla,Himachal Pradesh,Airtel,Mobile,0
+918689843549,Sunanda Bora,Madurai,Tamil Nadu,BSNL,Mobile,0
+919556338785,Aditya Singh,Bhubaneswar,Odisha,Vodafone Idea,Mobile,0
+917119816263,Shikha Bhatia,Nashik,Maharashtra,Airtel,Mobile,0
+916111243619,Sunita Dutta,Mumbai,Maharashtra,Airtel,Mobile,0
+917816201644,Reema Solanki,Agra,Uttar Pradesh,BSNL,Mobile,0
+917756392464,Geeta Pandey,Vadodara,Gujarat,Vodafone Idea,Mobile,0
+919240196851,Ashish Negi,Nagpur,Maharashtra,BSNL,Mobile,0
+917459349596,Sarita Naidu,Jammu,Jammu & Kashmir,Airtel,Mobile,0
+918299201341,Sohan Ahuja,Hyderabad,Telangana,BSNL,Mobile,0
+917827124470,Lakshmi Dutta,Jodhpur,Rajasthan,Airtel,Mobile,0
+918334716636,Suresh Joshi,Aurangabad,Maharashtra,Vodafone Idea,Mobile,0
+916371849732,Arjun Garg,Coimbatore,Tamil Nadu,BSNL,Mobile,0
+918745899567,Nitin Rawat,Vijayawada,Andhra Pradesh,Jio,Mobile,0
+919032091988,Rachna Naidu,Navi Mumbai,Maharashtra,Airtel,Mobile,0
+919586917774,Reyansh Singh,Mumbai,Maharashtra,Jio,Mobile,0
+917734082513,Navpreet Wani,Navi Mumbai,Maharashtra,Jio,Mobile,0
+919940649585,Mahesh Jain,Jammu,Jammu & Kashmir,Jio,Mobile,0
+919331219248,Neha Agarwal,Noida,Uttar Pradesh,Vodafone Idea,Mobile,0
+919327772159,Krishna Chakraborty,Kolkata,West Bengal,Jio,Mobile,0
+918062834080,Sara Goyal,Varanasi,Uttar Pradesh,Jio,Mobile,0
+919818071069,Simran Mitra,Ludhiana,Punjab,BSNL,Mobile,0
+917122308067,Smita Shetty,Bhopal,Madhya Pradesh,BSNL,Mobile,0
+918448493026,Lalit Bora,Madurai,Tamil Nadu,Vodafone Idea,Mobile,0
+917566371610,Divya Rao,Ghaziabad,Uttar Pradesh,Vodafone Idea,Mobile,0
+916074983095,Usha Biswas,Jammu,Jammu & Kashmir,Jio,Mobile,0
+917567128629,Sunanda Chatterjee,Bhopal,Madhya Pradesh,BSNL,Mobile,0
+917453766087,Amanpreet Mir,Bhubaneswar,Odisha,Airtel,Mobile,0
+919864820383,Rajeev Shinde,Salem,Tamil Nadu,Vodafone Idea,Mobile,0
+919062674351,Reshma Singhal,Noida,Uttar Pradesh,BSNL,Mobile,0
+917684363916,Ayaan Sethi,Noida,Uttar Pradesh,BSNL,Mobile,0
+917960408400,Rudra Patil,Raipur,Chhattisgarh,Jio,Mobile,0
+919646104585,Aarohi Kapoor,Varanasi,Uttar Pradesh,BSNL,Mobile,0
+918078870793,Diya Negi,Hubli,Karnataka,Airtel,Mobile,0
+917744092982,Kavita Khare,Bangalore,Karnataka,Jio,Mobile,0
+917099060343,Sarita Solanki,Vijayawada,Andhra Pradesh,BSNL,Mobile,0
+917919315900,Arnav Shinde,Ranchi,Jharkhand,BSNL,Mobile,0
+919058472715,Yash Mishra,Agra,Uttar Pradesh,Vodafone Idea,Mobile,0
+916389098671,Naveen Chauhan,Guwahati,Assam,Vodafone Idea,Mobile,0
+918263845616,Ishaan Thakur,Kochi,Kerala,BSNL,Mobile,0
+918870849620,Raman Nair,Nashik,Maharashtra,Vodafone Idea,Mobile,0
+919025360704,Diya Chopra,Raipur,Chhattisgarh,Jio,Mobile,0
+919537307101,Rajeev Gogoi,Indore,Madhya Pradesh,Vodafone Idea,Mobile,0
+918345910786,Amanpreet Sarkar,Agra,Uttar Pradesh,Jio,Mobile,0
+919037547002,Priya Banerjee,Mumbai,Maharashtra,Airtel,Mobile,0
+918433705926,Neelam More,Thane,Maharashtra,Airtel,Mobile,0
+917240160020,Vivaan Suri,Nashik,Maharashtra,BSNL,Mobile,0
+917461717488,Sai Kamath,Mumbai,Maharashtra,Vodafone Idea,Mobile,0
+917981249793,Poonam Shekhawat,Gurugram,Haryana,Jio,Mobile,0
+916311538678,Rahul Chauhan,Rajkot,Gujarat,Airtel,Mobile,0
+918617098563,Vinita Chakraborty,Patna,Bihar,BSNL,Mobile,0
+918211933089,Kiran Singhal,Visakhapatnam,Andhra Pradesh,Vodafone Idea,Mobile,0
+917258913157,Rohit Singh,Thane,Maharashtra,Vodafone Idea,Mobile,0
+917169725221,Naresh Jadeja,Kochi,Kerala,Jio,Mobile,0
+919823345171,Smita Patel,Aurangabad,Maharashtra,Airtel,Mobile,0
+919288642400,Jyoti Pillai,Delhi,Delhi,Airtel,Mobile,0
+918593929764,Nitesh Gowda,Srinagar,Jammu & Kashmir,Vodafone Idea,Mobile,0
+919052717058,Varun Patel,Indore,Madhya Pradesh,BSNL,Mobile,0
+919515976606,Sara Talwar,Rajkot,Gujarat,Vodafone Idea,Mobile,0
+918859775934,Rashmi Agarwal,Rajkot,Gujarat,BSNL,Mobile,0
+917265615113,Aarohi Deshmukh,Ludhiana,Punjab,Vodafone Idea,Mobile,0
+916264825034,Rekha Rao,Bhubaneswar,Odisha,Jio,Mobile,0
+917212892376,Aditya Rawat,Udaipur,Rajasthan,Jio,Mobile,0
+918013099377,Nisha Tandon,Faridabad,Haryana,Jio,Mobile,0
+919574627135,Mahesh Rao,Ghaziabad,Uttar Pradesh,BSNL,Mobile,0
+919676609140,Deepa Iyer,Ahmedabad,Gujarat,Airtel,Mobile,0
+918415251275,Vijay Kulkarni,Ahmedabad,Gujarat,Vodafone Idea,Mobile,0
+918066189242,Bhavna Chakraborty,Agra,Uttar Pradesh,Jio,Mobile,0
+918065020227,Girish Dey,Vijayawada,Andhra Pradesh,BSNL,Mobile,0
+916116273869,Usha Chatterjee,Rajkot,Gujarat,BSNL,Mobile,0
+916117673904,Geeta Yadav,Kanpur,Uttar Pradesh,BSNL,Mobile,0
+917933801748,Smita Parmar,Raipur,Chhattisgarh,Airtel,Mobile,0
+919861660169,Ritu Arora,Chennai,Tamil Nadu,BSNL,Mobile,0
+917759287402,Vijay Tomar,Nashik,Maharashtra,BSNL,Mobile,0
+917274230573,Sarita Roy,Jabalpur,Madhya Pradesh,Vodafone Idea,Mobile,0
+919314746788,Ansh Dey,Hubli,Karnataka,Jio,Mobile,0
+919177128932,Manju Banerjee,Bangalore,Karnataka,Jio,Mobile,0
+919091578089,Sapna Das,Shimla,Himachal Pradesh,Airtel,Mobile,0
+919830155303,Smita Iyer,Ahmedabad,Gujarat,Vodafone Idea,Mobile,0
+917984011945,Rohit Bora,Coimbatore,Tamil Nadu,Jio,Mobile,0
+917335177440,Myra Deshmukh,Indore,Madhya Pradesh,BSNL,Mobile,0
+918860276714,Shalini Shekhawat,Gwalior,Madhya Pradesh,Jio,Mobile,0
+916341508291,Kishan Shekhawat,Chandigarh,Punjab,BSNL,Mobile,0
+917732257505,Mohan Mir,Srinagar,Jammu & Kashmir,Airtel,Mobile,0
+918344499853,Umesh Shetty,Hyderabad,Telangana,Jio,Mobile,0
+918018052258,Sachin Joshi,Patna,Bihar,Vodafone Idea,Mobile,0
+918422928935,Vineet Chauhan,Ludhiana,Punjab,Jio,Mobile,0
+917139661942,Sara Shukla,Tiruchirappalli,Tamil Nadu,Vodafone Idea,Mobile,0
+918150061523,Sneha Sharma,Belgaum,Karnataka,Airtel,Mobile,0
+918861048273,Jyoti Saikia,Mangalore,Karnataka,BSNL,Mobile,0
+916068920381,Sneha Sen,Belgaum,Karnataka,Jio,Mobile,0
+917163866683,Mukesh Mishra,Noida,Uttar Pradesh,Airtel,Mobile,0
+918460934688,Reshma Pawar,Bangalore,Karnataka,Jio,Mobile,0
+916243743196,Karun Arora,Aurangabad,Maharashtra,BSNL,Mobile,0
+918754063586,Rudra Joshi,Agra,Uttar Pradesh,Airtel,Mobile,0
+918983297434,Alpesh Jadhav,Delhi,Delhi,Vodafone Idea,Mobile,0
+919668907175,Shalini Agarwal,Kanpur,Uttar Pradesh,Airtel,Mobile,0
+917381691616,Vineet Bisht,Jabalpur,Madhya Pradesh,Vodafone Idea,Mobile,0
+919233116329,Naveen Kurup,Pune,Maharashtra,Jio,Mobile,0
+918439173421,Usha Sen,Jodhpur,Rajasthan,Airtel,Mobile,0
+916018852828,Shalini Kulkarni,Mangalore,Karnataka,Airtel,Mobile,0
+919236094989,Aarohi Bhat,Ahmedabad,Gujarat,Airtel,Mobile,0
+917585088143,Sanjay Solanki,Ghaziabad,Uttar Pradesh,Airtel,Mobile,0
+917568138969,Usha Talwar,Navi Mumbai,Maharashtra,Jio,Mobile,0
+919885052654,Reyansh Banerjee,Coimbatore,Tamil Nadu,Vodafone Idea,Mobile,0
+919544195059,Rakesh Pawar,Dehradun,Uttarakhand,Airtel,Mobile,0
+918729386029,Yash Tiwari,Kochi,Kerala,Airtel,Mobile,0
+919930562642,Shravan Dhawan,Ludhiana,Punjab,BSNL,Mobile,0
+917883236941,Lokesh Dubey,Noida,Uttar Pradesh,BSNL,Mobile,0
+916084254369,Meera Ahuja,Thiruvananthapuram,Kerala,BSNL,Mobile,0
+919229788103,Sneha Dhawan,Lucknow,Uttar Pradesh,BSNL,Mobile,0
+918090281209,Vinita Rawat,Tiruchirappalli,Tamil Nadu,Jio,Mobile,0
+917291806680,Harpreet Verma,Madurai,Tamil Nadu,BSNL,Mobile,0
+919419772587,Rohan Pillai,Thiruvananthapuram,Kerala,Airtel,Mobile,0
+918837611326,Anjali Kulkarni,Madurai,Tamil Nadu,Vodafone Idea,Mobile,0
+918528191759,Aman Garg,Ghaziabad,Uttar Pradesh,BSNL,Mobile,0
+917552776222,Rekha Mehra,Navi Mumbai,Maharashtra,Vodafone Idea,Mobile,0
+916299528815,Jyoti Pant,Patna,Bihar,Jio,Mobile,0
+917960561731,Usha Choudhary,Ludhiana,Punjab,Jio,Mobile,0
+916157594382,Aarohi Sen,Jaipur,Rajasthan,Airtel,Mobile,0
+917399761382,Lalita Biswas,Patna,Bihar,Vodafone Idea,Mobile,0
+918977243031,Rahul Yadav,Jaipur,Rajasthan,Airtel,Mobile,0
+917392407308,Preeti Patel,Nagpur,Maharashtra,Vodafone Idea,Mobile,0
+918328397819,Swapna Paul,Hubli,Karnataka,Airtel,Mobile,0
+916034716514,Lalit Ahuja,Chennai,Tamil Nadu,Airtel,Mobile,0
+917349128352,Kavita Dey,Mysore,Karnataka,Airtel,Mobile,0
+919239509811,Suresh Shekhawat,Ghaziabad,Uttar Pradesh,BSNL,Mobile,0
+916193901303,Ritesh Pant,Lucknow,Uttar Pradesh,BSNL,Mobile,0
+917349691853,Aadhya Agarwal,Surat,Gujarat,Vodafone Idea,Mobile,0
+917918824843,Lalita Vaghela,Chennai,Tamil Nadu,Jio,Mobile,0
+918998410770,Reshma Shah,Thiruvananthapuram,Kerala,Jio,Mobile,0
+919447936171,Manpreet Shetty,Lucknow,Uttar Pradesh,Jio,Mobile,0
+918819798050,Reema Kumar,Aurangabad,Maharashtra,BSNL,Mobile,0
+918453111355,Rekha Malhotra,Jammu,Jammu & Kashmir,BSNL,Mobile,0
+916324500003,Vandana Tripathi,Faridabad,Haryana,Vodafone Idea,Mobile,0
+917970476061,Lalita Yadav,Bhopal,Madhya Pradesh,Vodafone Idea,Mobile,0
+919137074695,Rachna Das,Amritsar,Punjab,Airtel,Mobile,0
+916328188233,Asha Dubey,Bhopal,Madhya Pradesh,Airtel,Mobile,0
+917157245094,Usha Yadav,Rajkot,Gujarat,Airtel,Mobile,0
+918647112188,Arjun Sharma,Hubli,Karnataka,Vodafone Idea,Mobile,0
+918950856784,Sandeep Talwar,Bhopal,Madhya Pradesh,Jio,Mobile,0
+916392691565,Savita Bhat,Shimla,Himachal Pradesh,BSNL,Mobile,0
+917823576826,Meera Tandon,Aurangabad,Maharashtra,Jio,Mobile,0
+919358778101,Sandeep Chauhan,Thane,Maharashtra,BSNL,Mobile,0
+917273058849,Ritu Goyal,Thane,Maharashtra,Jio,Mobile,0
+918269793505,Anjali Mehta,Patna,Bihar,Vodafone Idea,Mobile,0
+917770363456,Harpreet Kapoor,Kolkata,West Bengal,Vodafone Idea,Mobile,0
+917194931679,Roshan Mishra,Raipur,Chhattisgarh,Vodafone Idea,Mobile,0
+919497424149,Reema Banerjee,Tiruchirappalli,Tamil Nadu,BSNL,Mobile,0
+918164136674,Lalit Kumar,Tiruchirappalli,Tamil Nadu,Vodafone Idea,Mobile,0
+917879974554,Sunita Das,Srinagar,Jammu & Kashmir,Airtel,Mobile,0
+917813319584,Sunita Mukherjee,Kanpur,Uttar Pradesh,BSNL,Mobile,0
+916150272921,Rahul Shetty,Surat,Gujarat,BSNL,Mobile,0
+919150471396,Pooja Mandal,Rajkot,Gujarat,Vodafone Idea,Mobile,0
+917720729148,Aarush Jadeja,Vadodara,Gujarat,Vodafone Idea,Mobile,0
+917123923156,Advik Mir,Faridabad,Haryana,Vodafone Idea,Mobile,0
+918535921242,Usha Khare,Pune,Maharashtra,Jio,Mobile,0
+918333886366,Meera Rawat,Ranchi,Jharkhand,Airtel,Mobile,0
+917731087948,Ansh Gogoi,Varanasi,Uttar Pradesh,Jio,Mobile,0
+919168553025,Ansh Gowda,Dehradun,Uttarakhand,Airtel,Mobile,0
+917381517223,Aman Mitra,Vijayawada,Andhra Pradesh,BSNL,Mobile,0
+917476245512,Sapna Menon,Chennai,Tamil Nadu,Jio,Mobile,0
+918360422585,Padma Pai,Thane,Maharashtra,BSNL,Mobile,0
+918645893494,Archana Sharma,Aurangabad,Maharashtra,Vodafone Idea,Mobile,0
+919250066829,Hitesh Bhatia,Ludhiana,Punjab,Jio,Mobile,0
+918623916520,Sarita Tiwari,Navi Mumbai,Maharashtra,Airtel,Mobile,0
+919127023339,Garima Tandon,Shimla,Himachal Pradesh,Airtel,Mobile,0
+916321300484,Rupesh Bhat,Jodhpur,Rajasthan,BSNL,Mobile,0
+918574364791,Mukesh Gupta,Kanpur,Uttar Pradesh,Airtel,Mobile,0
+919550720740,Naveen Khare,Salem,Tamil Nadu,BSNL,Mobile,0
+919020502349,Vandana Parmar,Aurangabad,Maharashtra,Airtel,Mobile,0
+917871456050,Vinod Shetty,Noida,Uttar Pradesh,Airtel,Mobile,0
+919167978916,Meera Suri,Kolkata,West Bengal,Jio,Mobile,0
+918513044093,Anika Tomar,Mangalore,Karnataka,BSNL,Mobile,0
+917911704425,Sachin Agarwal,Coimbatore,Tamil Nadu,Vodafone Idea,Mobile,0
+919137683104,Vipul Deshmukh,Kolkata,West Bengal,Airtel,Mobile,0
+916263677234,Kunal Deshmukh,Nagpur,Maharashtra,BSNL,Mobile,0
+919498937279,Bhavna Rajput,Faridabad,Haryana,Airtel,Mobile,0
+918599769888,Diya Chauhan,Raipur,Chhattisgarh,Jio,Mobile,0
+919619047006,Nisha Shukla,Jammu,Jammu & Kashmir,BSNL,Mobile,0
+917881620659,Aarohi Pillai,Hyderabad,Telangana,Airtel,Mobile,0
+916276415971,Gurpreet Verma,Chennai,Tamil Nadu,Vodafone Idea,Mobile,0
+919781613795,Nandini Patil,Amritsar,Punjab,Vodafone Idea,Mobile,0
+919595448305,Anita Khare,Jabalpur,Madhya Pradesh,Jio,Mobile,0
+918931221503,Sushma Sharma,Pune,Maharashtra,Vodafone Idea,Mobile,0
+916291452787,Ramesh Chatterjee,Nashik,Maharashtra,BSNL,Mobile,0
+918797802392,Reshma Singhal,Dehradun,Uttarakhand,Vodafone Idea,Mobile,0
+918177278657,Anjali Chopra,Kochi,Kerala,Vodafone Idea,Mobile,0
+918219270608,Dinesh Kurup,Gurugram,Haryana,Airtel,Mobile,0
+919782244381,Ishaan Goyal,Jaipur,Rajasthan,Jio,Mobile,0
+917118256524,Anika Deshmukh,Madurai,Tamil Nadu,BSNL,Mobile,0
+917692119343,Jitesh Sarkar,Gwalior,Madhya Pradesh,Airtel,Mobile,0
+917372580920,Usha Gogoi,Nagpur,Maharashtra,Airtel,Mobile,0
+919480282420,Raman Pawar,Udaipur,Rajasthan,Vodafone Idea,Mobile,0
+917519855688,Aditya Arora,Noida,Uttar Pradesh,Airtel,Mobile,0
+916124885983,Ritu Paul,Tiruchirappalli,Tamil Nadu,Jio,Mobile,0
+918488973161,Kuldeep Pant,Coimbatore,Tamil Nadu,BSNL,Mobile,0
+917933075274,Myra Mehra,Jaipur,Rajasthan,Vodafone Idea,Mobile,0
+916216025078,Sunanda Rawat,Lucknow,Uttar Pradesh,Airtel,Mobile,0
+916020854629,Ritu Shukla,Kolkata,West Bengal,Vodafone Idea,Mobile,0
+919093845580,Navpreet Shinde,Dehradun,Uttarakhand,Airtel,Mobile,0
+917920610018,Amita Saikia,Jaipur,Rajasthan,Jio,Mobile,0
+919153966474,Smita Shah,Agra,Uttar Pradesh,Vodafone Idea,Mobile,0
+919792496965,Garima Dubey,Varanasi,Uttar Pradesh,Airtel,Mobile,0
+918586782122,Lakhan Modi,Thiruvananthapuram,Kerala,BSNL,Mobile,0
+919472955515,Naman Choudhary,Vadodara,Gujarat,Airtel,Mobile,0
+916145895540,Nisha Saikia,Rajkot,Gujarat,Jio,Mobile,0
+916230154376,Kiran Pant,Aurangabad,Maharashtra,Airtel,Mobile,0
+918383723984,Rekha Mehra,Nagpur,Maharashtra,Jio,Mobile,0
+919226406931,Vishal Rawat,Noida,Uttar Pradesh,Vodafone Idea,Mobile,0
+919472131913,Deepak Barua,Mangalore,Karnataka,Vodafone Idea,Mobile,0
+919390471670,Ayaan Barua,Ranchi,Jharkhand,Jio,Mobile,0
+918757180063,Uma Bhat,Belgaum,Karnataka,BSNL,Mobile,0
+917195844242,Vivaan Garg,Belgaum,Karnataka,Vodafone Idea,Mobile,0
+917079604882,Mohan Bisht,Kochi,Kerala,Vodafone Idea,Mobile,0
+917935199053,Dhruv Malhotra,Bhopal,Madhya Pradesh,BSNL,Mobile,0
+916392797093,Swapna Pandey,Thiruvananthapuram,Kerala,Airtel,Mobile,0
+918518170617,Nandini Rajput,Madurai,Tamil Nadu,BSNL,Mobile,0
+918656924551,Kabir Biswas,Ahmedabad,Gujarat,Airtel,Mobile,0
+919997102852,Aadhya Tiwari,Nashik,Maharashtra,Airtel,Mobile,0
+919871103919,Nisha Kapoor,Mysore,Karnataka,Airtel,Mobile,0
+917228530822,Sarita Mandal,Gwalior,Madhya Pradesh,Airtel,Mobile,0
+918756146399,Namita Modi,Vijayawada,Andhra Pradesh,Vodafone Idea,Mobile,0
+916347396080,Neha Tripathi,Bangalore,Karnataka,BSNL,Mobile,0
+916058918262,Karun Bajaj,Visakhapatnam,Andhra Pradesh,Jio,Mobile,0
+917028123271,Nandini Iyer,Ahmedabad,Gujarat,Airtel,Mobile,0
+918790259027,Rekha Jain,Ahmedabad,Gujarat,Jio,Mobile,0
+917639929272,Sunita Joshi,Ghaziabad,Uttar Pradesh,Airtel,Mobile,0
+918612542157,Nisha Patil,Shimla,Himachal Pradesh,Airtel,Mobile,0
+917066381295,Neha Bora,Thane,Maharashtra,BSNL,Mobile,0
+917279575433,Vinita Nair,Rajkot,Gujarat,BSNL,Mobile,0
+919667536244,Varun Pandey,Vadodara,Gujarat,BSNL,Mobile,0
+918591754891,Priya Agarwal,Surat,Gujarat,Airtel,Mobile,0
+918576032290,Aanya Bose,Rajkot,Gujarat,Vodafone Idea,Mobile,0
+919030070887,Archana Dutta,Hyderabad,Telangana,BSNL,Mobile,0
+917384927744,Sarita Sethi,Hubli,Karnataka,BSNL,Mobile,0
+919789920642,Ayaan Solanki,Coimbatore,Tamil Nadu,Vodafone Idea,Mobile,0
+917326826689,Manoj Negi,Gwalior,Madhya Pradesh,BSNL,Mobile,0
+917936843357,Shalini Mehra,Navi Mumbai,Maharashtra,Vodafone Idea,Mobile,0
+917637842584,Seema Mitra,Jabalpur,Madhya Pradesh,BSNL,Mobile,0
+916373365764,Mohit Verma,Jammu,Jammu & Kashmir,Jio,Mobile,0
+919363963146,Meera Rathore,Navi Mumbai,Maharashtra,Airtel,Mobile,0
+917239013793,Lakshmi Agarwal,Salem,Tamil Nadu,Jio,Mobile,0
+917498302558,Arnav Khare,Hubli,Karnataka,Jio,Mobile,0
+918539987911,Sukhpreet Bhatia,Allahabad,Uttar Pradesh,Airtel,Mobile,0
+918128791986,Rakesh Rajput,Jodhpur,Rajasthan,Jio,Mobile,0
+917027972044,Manpreet Patel,Kochi,Kerala,Airtel,Mobile,0
+916227985801,Roshan Pillai,Mangalore,Karnataka,Airtel,Mobile,0
+917745638827,Sneha Pandey,Udaipur,Rajasthan,Vodafone Idea,Mobile,0
+917271555654,Aanya Bhatia,Lucknow,Uttar Pradesh,Jio,Mobile,0
+918862740328,Rudra Kurup,Faridabad,Haryana,BSNL,Mobile,0
+919429903283,Kuldeep Dar,Navi Mumbai,Maharashtra,Airtel,Mobile,0
+919122721002,Lokesh Mir,Amritsar,Punjab,Vodafone Idea,Mobile,0
+918787593363,Divya Pawar,Kochi,Kerala,Vodafone Idea,Mobile,0
+919289882184,Pooja Kaul,Bangalore,Karnataka,Jio,Mobile,0
+919722151296,Mahesh Paul,Aurangabad,Maharashtra,Vodafone Idea,Mobile,0
+918276542683,Sunanda Khare,Srinagar,Jammu & Kashmir,Vodafone Idea,Mobile,0
+916399693461,Vandana Bisht,Nagpur,Maharashtra,Jio,Mobile,0
+919472533050,Seema Mitra,Allahabad,Uttar Pradesh,Airtel,Mobile,0
+918145593450,Vandana Mitra,Patna,Bihar,Vodafone Idea,Mobile,0
+918696761721,Satish Vaghela,Vijayawada,Andhra Pradesh,Jio,Mobile,0
+917584440644,Mukul Khare,Bhubaneswar,Odisha,Vodafone Idea,Mobile,0
+918357908104,Atharv Tomar,Nagpur,Maharashtra,Jio,Mobile,0
+917412898094,Nisha Gogoi,Dehradun,Uttarakhand,BSNL,Mobile,0
+917075007497,Kiran Garg,Delhi,Delhi,BSNL,Mobile,0
+919032037205,Namita Garg,Hyderabad,Telangana,Vodafone Idea,Mobile,0
+918412610461,Sara Rao,Gwalior,Madhya Pradesh,Vodafone Idea,Mobile,0
+917073475806,Mukul Rathore,Raipur,Chhattisgarh,Airtel,Mobile,0
+918430357845,Arjun Tandon,Chandigarh,Punjab,Airtel,Mobile,0
+919733022711,Dhruv Barua,Srinagar,Jammu & Kashmir,Airtel,Mobile,0
+918336410181,Krishna Agarwal,Navi Mumbai,Maharashtra,Jio,Mobile,0
+918936009094,Vishal Garg,Noida,Uttar Pradesh,Airtel,Mobile,0
+918239696522,Lokesh Solanki,Ranchi,Jharkhand,BSNL,Mobile,0
+917654846566,Meera Pai,Ludhiana,Punjab,Jio,Mobile,0
+919918674858,Suresh Suri,Coimbatore,Tamil Nadu,Airtel,Mobile,0
+918949661103,Tushar Patil,Raipur,Chhattisgarh,BSNL,Mobile,0
+916334608898,Krishna Bora,Gwalior,Madhya Pradesh,Jio,Mobile,0
+917514853685,Padma Choudhary,Chennai,Tamil Nadu,BSNL,Mobile,0
+917682924095,Poonam Patil,Coimbatore,Tamil Nadu,BSNL,Mobile,0
+919521751309,Girish Wani,Navi Mumbai,Maharashtra,Vodafone Idea,Mobile,0
+919410897254,Pooja Parmar,Srinagar,Jammu & Kashmir,Vodafone Idea,Mobile,0
+919012268180,Geeta Pai,Ranchi,Jharkhand,BSNL,Mobile,0
+918486626913,Jitesh Tripathi,Kochi,Kerala,Vodafone Idea,Mobile,0
+917564426180,Shikha Dhawan,Indore,Madhya Pradesh,Jio,Mobile,0
+918972727213,Naman Arora,Ludhiana,Punjab,Jio,Mobile,0
+918650023128,Vishal Nair,Bangalore,Karnataka,Vodafone Idea,Mobile,0
+917889439544,Ishaan Nair,Ranchi,Jharkhand,Airtel,Mobile,0
+919682377448,Kapil Vaghela,Gwalior,Madhya Pradesh,Vodafone Idea,Mobile,0
+917680736350,Lalita Negi,Surat,Gujarat,Vodafone Idea,Mobile,0
+918477181424,Ananya Raina,Dehradun,Uttarakhand,Airtel,Mobile,0
+919399050667,Vandana Naidu,Jodhpur,Rajasthan,Airtel,Mobile,0
+919324516397,Vandana Rawat,Visakhapatnam,Andhra Pradesh,Airtel,Mobile,0
+917646529997,Nisha Mir,Noida,Uttar Pradesh,Jio,Mobile,0
+916235279520,Nitesh Pawar,Kanpur,Uttar Pradesh,Airtel,Mobile,0
+917290534953,Suresh Suri,Hubli,Karnataka,Vodafone Idea,Mobile,0
+918724200584,Gurpreet Suri,Kolkata,West Bengal,BSNL,Mobile,0
+917189251485,Sanjiv Rawat,Hubli,Karnataka,Airtel,Mobile,0
+918728611771,Vijay Dey,Hubli,Karnataka,BSNL,Mobile,0
+919151573448,Diya Chauhan,Aurangabad,Maharashtra,Jio,Mobile,0
+916276925087,Ganesh Mandal,Navi Mumbai,Maharashtra,Vodafone Idea,Mobile,0
+917038032677,Anika Deshmukh,Surat,Gujarat,Vodafone Idea,Mobile,0
+919116513937,Preeti Goyal,Nashik,Maharashtra,BSNL,Mobile,0
+917558345838,Diya Naidu,Shimla,Himachal Pradesh,Vodafone Idea,Mobile,0
+916386823440,Harish Kumar,Allahabad,Uttar Pradesh,Vodafone Idea,Mobile,0
+919223342544,Rahul Ghosh,Jodhpur,Rajasthan,Vodafone Idea,Mobile,0
+917885654356,Gurpreet Goyal,Chandigarh,Punjab,Airtel,Mobile,0
+916025485721,Vikram Shekhawat,Ludhiana,Punjab,Airtel,Mobile,0
+919416694766,Yogesh Kumar,Srinagar,Jammu & Kashmir,BSNL,Mobile,0
+917762508705,Shravan Talwar,Nashik,Maharashtra,Airtel,Mobile,0
+919545705965,Ayaan Garg,Ahmedabad,Gujarat,Vodafone Idea,Mobile,0
+919930282945,Ritu Goyal,Pune,Maharashtra,BSNL,Mobile,0
+916179183001,Nisha Iyer,Amritsar,Punjab,Airtel,Mobile,0
+919683633722,Rekha Dar,Salem,Tamil Nadu,BSNL,Mobile,0
+919016348368,Bhavna Kumar,Patna,Bihar,Vodafone Idea,Mobile,0
+919330393420,Mukul Jadeja,Nashik,Maharashtra,Vodafone Idea,Mobile,0
+917441346708,Vijay Dubey,Jabalpur,Madhya Pradesh,BSNL,Mobile,0
+917035323388,Reshma Desai,Madurai,Tamil Nadu,Jio,Mobile,0
+916128164453,Sachin Banerjee,Chandigarh,Punjab,BSNL,Mobile,0
+919538784257,Vikram Deshmukh,Mangalore,Karnataka,Jio,Mobile,0
+919380401549,Sunanda Jain,Allahabad,Uttar Pradesh,BSNL,Mobile,0
+919532698103,Asha Sethi,Kanpur,Uttar Pradesh,Airtel,Mobile,0
+916029310175,Rahul Ghosh,Ranchi,Jharkhand,BSNL,Mobile,0
+916217444283,Lalit Mukherjee,Kanpur,Uttar Pradesh,Airtel,Mobile,0
+918174806846,Priya Chatterjee,Amritsar,Punjab,Jio,Mobile,0
+919579306393,Sai Solanki,Guwahati,Assam,Jio,Mobile,0
+917911160576,Lakhan Desai,Kochi,Kerala,BSNL,Mobile,0
+917199524208,Pavan Sethi,Bangalore,Karnataka,Jio,Mobile,0
+918637837883,Anita Sharma,Ranchi,Jharkhand,Vodafone Idea,Mobile,0
+919788070693,Meera Singh,Gwalior,Madhya Pradesh,Vodafone Idea,Mobile,0
+917264417561,Nisha Gowda,Mysore,Karnataka,Jio,Mobile,0
+917060893944,Varun Bhat,Chennai,Tamil Nadu,Airtel,Mobile,0
+916084418279,Priya Kapoor,Hubli,Karnataka,BSNL,Mobile,0
+917496546444,Pooja Bajaj,Navi Mumbai,Maharashtra,Vodafone Idea,Mobile,0
+918846650006,Anvi Rajput,Mumbai,Maharashtra,Vodafone Idea,Mobile,0
+917095593890,Alpesh Paul,Jaipur,Rajasthan,Airtel,Mobile,0
+917946739626,Deepa Bose,Rajkot,Gujarat,Jio,Mobile,0
+918623583748,Navpreet Vaghela,Aurangabad,Maharashtra,Jio,Mobile,0
+919593247801,Kishan Gupta,Guwahati,Assam,BSNL,Mobile,0
+917049275711,Naresh Kamath,Ahmedabad,Gujarat,Airtel,Mobile,0
+918573799356,Swapna Tiwari,Ahmedabad,Gujarat,Vodafone Idea,Mobile,0
+918449943202,Ritu Shekhawat,Thiruvananthapuram,Kerala,Vodafone Idea,Mobile,0
+916246236907,Seema Bhatia,Salem,Tamil Nadu,Jio,Mobile,0
+919343378007,Navpreet Tandon,Jammu,Jammu & Kashmir,Airtel,Mobile,0
+919933739212,Dinesh Bose,Surat,Gujarat,Jio,Mobile,0
+918595191510,Tejinder Modi,Faridabad,Haryana,Airtel,Mobile,0
+917641365536,Nikhil Parmar,Ludhiana,Punjab,Jio,Mobile,0
+918134198512,Alpesh Mehra,Rajkot,Gujarat,BSNL,Mobile,0
+916213748808,Pavan Gowda,Agra,Uttar Pradesh,BSNL,Mobile,0
+918958961560,Ganesh Banerjee,Vijayawada,Andhra Pradesh,Vodafone Idea,Mobile,0
+916174073578,Kavita Khanna,Chandigarh,Punjab,Jio,Mobile,0
+917884942570,Ajay Tandon,Coimbatore,Tamil Nadu,Airtel,Mobile,0
+917979432199,Dinesh Thakur,Shimla,Himachal Pradesh,Airtel,Mobile,0
+916062110271,Aarohi Mir,Chennai,Tamil Nadu,Jio,Mobile,0
+919395344825,Amanpreet Hegde,Gurugram,Haryana,Airtel,Mobile,0
+917612261020,Mohan Bora,Udaipur,Rajasthan,BSNL,Mobile,0
+917329813424,Sachin Sen,Chandigarh,Punjab,BSNL,Mobile,0
+917054595576,Harpreet Bora,Indore,Madhya Pradesh,Jio,Mobile,0
+917481022729,Reema Hegde,Varanasi,Uttar Pradesh,Airtel,Mobile,0
+917169136766,Anita Pant,Rajkot,Gujarat,Vodafone Idea,Mobile,0
+918024459784,Vineet Desai,Amritsar,Punjab,Vodafone Idea,Mobile,0
+918598211111,Sanjiv Verma,Nashik,Maharashtra,BSNL,Mobile,0
+918476878637,Rohan Shukla,Thane,Maharashtra,Vodafone Idea,Mobile,0
+919563379305,Manish Kulkarni,Guwahati,Assam,Jio,Mobile,0
+918437677910,Garima Malhotra,Vadodara,Gujarat,BSNL,Mobile,0
+919686443472,Uma Mehra,Thiruvananthapuram,Kerala,BSNL,Mobile,0
+919580442554,Advik Kumar,Lucknow,Uttar Pradesh,Vodafone Idea,Mobile,0
+917884647713,Anita Rajput,Bhubaneswar,Odisha,Jio,Mobile,0
+919943558301,Mukesh Thakur,Bhopal,Madhya Pradesh,BSNL,Mobile,0
+918167166295,Sushma Nair,Navi Mumbai,Maharashtra,Airtel,Mobile,0
+918438672873,Arjun Mukherjee,Kanpur,Uttar Pradesh,Jio,Mobile,0
+917211892111,Atharv Shinde,Noida,Uttar Pradesh,Airtel,Mobile,0
+918577434266,Umesh Mehra,Agra,Uttar Pradesh,Airtel,Mobile,0
+917871662271,Simran Talwar,Ghaziabad,Uttar Pradesh,Jio,Mobile,0
+918834914394,Amanpreet Khare,Rajkot,Gujarat,Vodafone Idea,Mobile,0
+919688730969,Simran Roy,Mangalore,Karnataka,Jio,Mobile,0
+918166956410,Navpreet Vaghela,Jodhpur,Rajasthan,Airtel,Mobile,0
+917496821054,Mukesh Shukla,Salem,Tamil Nadu,Vodafone Idea,Mobile,0
+918495968710,Vandana Bose,Bhubaneswar,Odisha,Vodafone Idea,Mobile,0
+919492200406,Karun Mishra,Mumbai,Maharashtra,BSNL,Mobile,0
+919441043487,Sunil Arora,Udaipur,Rajasthan,BSNL,Mobile,0
+919351835009,Harpreet Verma,Tiruchirappalli,Tamil Nadu,Jio,Mobile,0
+918146876981,Rupesh Mehta,Kanpur,Uttar Pradesh,BSNL,Mobile,0
+919213907797,Pari Kapoor,Jaipur,Rajasthan,Jio,Mobile,0
+917290987523,Sohan Yadav,Ludhiana,Punjab,Jio,Mobile,0
+919838012927,Vishal Goyal,Vadodara,Gujarat,Vodafone Idea,Mobile,0
+918356280023,Jyoti Talwar,Bhopal,Madhya Pradesh,Jio,Mobile,0
+919586114395,Kavita Pai,Guwahati,Assam,Vodafone Idea,Mobile,0
+918633052042,Kishan Kurup,Ranchi,Jharkhand,Jio,Mobile,0
+919738547356,Dinesh Desai,Delhi,Delhi,BSNL,Mobile,0
+917039442248,Harish Arora,Mysore,Karnataka,Airtel,Mobile,0
+918550796772,Tejinder Jadeja,Ludhiana,Punjab,Vodafone Idea,Mobile,0
+917333486063,Uma Bajaj,Ranchi,Jharkhand,Airtel,Mobile,0
+918520631504,Nikhil Gowda,Ghaziabad,Uttar Pradesh,Jio,Mobile,0
+919788052272,Geeta Chauhan,Madurai,Tamil Nadu,Vodafone Idea,Mobile,0
+917713784168,Krishna Pillai,Surat,Gujarat,Airtel,Mobile,0
+919799399077,Divya Kurup,Hyderabad,Telangana,Airtel,Mobile,0
+919959230208,Sarita Sethi,Srinagar,Jammu & Kashmir,Vodafone Idea,Mobile,0
+918994438035,Lakshmi Pandey,Srinagar,Jammu & Kashmir,Vodafone Idea,Mobile,0
+919764323529,Jayesh Kurup,Noida,Uttar Pradesh,Vodafone Idea,Mobile,0
+916274386938,Sandeep Garg,Bangalore,Karnataka,Vodafone Idea,Mobile,0
+918767165296,Kavita Barua,Gurugram,Haryana,Jio,Mobile,0
+917572553031,Ayaan Tandon,Aurangabad,Maharashtra,Vodafone Idea,Mobile,0
+918393682308,Atharv Shekhawat,Chennai,Tamil Nadu,BSNL,Mobile,0
+918619005276,Sunanda Rajput,Navi Mumbai,Maharashtra,BSNL,Mobile,0
+918341720473,Kuldeep Chakraborty,Patna,Bihar,Jio,Mobile,0
+917711116381,Sohan Solanki,Noida,Uttar Pradesh,BSNL,Mobile,0
+919057957153,Sanjiv Pawar,Guwahati,Assam,BSNL,Mobile,0
+917594699740,Sanjiv Warrier,Delhi,Delhi,Airtel,Mobile,0
+917666905809,Lakshmi Paul,Kanpur,Uttar Pradesh,BSNL,Mobile,0
+919917218285,Diya Chatterjee,Belgaum,Karnataka,Vodafone Idea,Mobile,0
+917551880251,Aadhya Pant,Agra,Uttar Pradesh,BSNL,Mobile,0
+918737701733,Naresh Parmar,Jodhpur,Rajasthan,BSNL,Mobile,0
+917973701599,Naman Gogoi,Tiruchirappalli,Tamil Nadu,Vodafone Idea,Mobile,0
+919372211194,Krishna Menon,Nashik,Maharashtra,Jio,Mobile,0
+917850204350,Sunil Shukla,Bhubaneswar,Odisha,Vodafone Idea,Mobile,0
+919079491821,Ashish Talwar,Mumbai,Maharashtra,BSNL,Mobile,0
+918162769304,Chetan Tomar,Navi Mumbai,Maharashtra,Airtel,Mobile,0
+917972117950,Vivaan Thakur,Vijayawada,Andhra Pradesh,Vodafone Idea,Mobile,0
+917162213163,Aman Chopra,Jabalpur,Madhya Pradesh,Jio,Mobile,0
+917435591033,Kiran Suri,Allahabad,Uttar Pradesh,Vodafone Idea,Mobile,0
+918157409704,Ananya Shekhawat,Ahmedabad,Gujarat,Airtel,Mobile,0
+918889596657,Ishaan Sethi,Jodhpur,Rajasthan,Jio,Mobile,0
+918933173629,Shaurya Barua,Jabalpur,Madhya Pradesh,Vodafone Idea,Mobile,0
+918222261644,Ayaan Shetty,Bhubaneswar,Odisha,Vodafone Idea,Mobile,0
+919583516683,Jyoti Agarwal,Kolkata,West Bengal,Airtel,Mobile,0
+916114274400,Lokesh Pant,Belgaum,Karnataka,BSNL,Mobile,0
+917997943466,Rajeev Mandal,Dehradun,Uttarakhand,Vodafone Idea,Mobile,0
+917924458768,Vikram Warrier,Faridabad,Haryana,Vodafone Idea,Mobile,0
+919535504147,Vijay Mukherjee,Dehradun,Uttarakhand,BSNL,Mobile,0
+919090463811,Alpesh Garg,Nagpur,Maharashtra,Jio,Mobile,0
+917392928821,Anvi Dutta,Ludhiana,Punjab,Vodafone Idea,Mobile,0
+917535104498,Dhruv Kurup,Jodhpur,Rajasthan,Vodafone Idea,Mobile,0
+918537608798,Ishaan Pandey,Delhi,Delhi,Jio,Mobile,0
+917938203469,Sunita Sharma,Chennai,Tamil Nadu,Vodafone Idea,Mobile,0
+919935087191,Myra Gupta,Chennai,Tamil Nadu,Airtel,Mobile,0
+917488612556,Aarohi Sharma,Kochi,Kerala,Jio,Mobile,0
+918857128685,Pooja Bora,Vadodara,Gujarat,Jio,Mobile,0
+918167720760,Raman Jadhav,Surat,Gujarat,BSNL,Mobile,0
+918044442274,Myra Dubey,Pune,Maharashtra,Jio,Mobile,0
+916333967565,Vivaan Sethi,Navi Mumbai,Maharashtra,Jio,Mobile,0
+917222063196,Sukhpreet Dar,Tiruchirappalli,Tamil Nadu,Airtel,Mobile,0
+919191920251,Harpreet Pandey,Shimla,Himachal Pradesh,Vodafone Idea,Mobile,0
+919989155455,Rudra Saikia,Jabalpur,Madhya Pradesh,BSNL,Mobile,0
+918289360988,Rajeev Agarwal,Allahabad,Uttar Pradesh,BSNL,Mobile,0
+916146522899,Harpreet Sen,Vadodara,Gujarat,Airtel,Mobile,0
+918551861752,Rupesh Sharma,Coimbatore,Tamil Nadu,Airtel,Mobile,0
+916048921669,Vinod Khare,Pune,Maharashtra,Jio,Mobile,0
+917281351676,Pradeep Hegde,Bhubaneswar,Odisha,BSNL,Mobile,0
+919459689978,Puneet Mitra,Guwahati,Assam,Jio,Mobile,0
+918254968691,Manpreet Patel,Bangalore,Karnataka,Vodafone Idea,Mobile,0
+919139789363,Diya Khanna,Salem,Tamil Nadu,Jio,Mobile,0
+919858730817,Anvi Dey,Salem,Tamil Nadu,Jio,Mobile,0
+916013317199,Deepa Sarkar,Jaipur,Rajasthan,Vodafone Idea,Mobile,0
+917425155547,Mahesh Choudhary,Hyderabad,Telangana,Jio,Mobile,0
+919355584782,Krishna Mukherjee,Rajkot,Gujarat,Vodafone Idea,Mobile,0
+918123821440,Manish Tandon,Bhopal,Madhya Pradesh,BSNL,Mobile,0
+917664791645,Asha Khanna,Rajkot,Gujarat,Jio,Mobile,0
+919880886752,Uma Pai,Hubli,Karnataka,Jio,Mobile,0
+916256884047,Mahesh Chauhan,Shimla,Himachal Pradesh,Airtel,Mobile,0
+917597449057,Pari Ahuja,Gurugram,Haryana,BSNL,Mobile,0
+916356467396,Meera Banerjee,Jammu,Jammu & Kashmir,BSNL,Mobile,0
+919969783450,Manpreet Mishra,Udaipur,Rajasthan,Vodafone Idea,Mobile,0
+918380746441,Shikha Rawat,Gurugram,Haryana,Airtel,Mobile,0
+916169730126,Rudra Ahuja,Jammu,Jammu & Kashmir,Jio,Mobile,0
+916016152268,Sushma Sethi,Bangalore,Karnataka,Airtel,Mobile,0
+917218751976,Preeti Pawar,Noida,Uttar Pradesh,Airtel,Mobile,0
+919785750588,Mohit Barua,Mumbai,Maharashtra,Jio,Mobile,0
+919524238141,Manju Patel,Kanpur,Uttar Pradesh,BSNL,Mobile,0
+918818606620,Jayesh Desai,Varanasi,Uttar Pradesh,Airtel,Mobile,0
+918761037999,Neha Chopra,Hyderabad,Telangana,Vodafone Idea,Mobile,0
+918216456520,Anjali Saikia,Delhi,Delhi,Jio,Mobile,0
+917272956013,Aarohi Khare,Coimbatore,Tamil Nadu,Vodafone Idea,Mobile,0
+917431508055,Ritesh Shah,Varanasi,Uttar Pradesh,BSNL,Mobile,0
+917564020122,Rupesh Malhotra,Ahmedabad,Gujarat,Jio,Mobile,0
+918695861820,Vihaan Chakraborty,Varanasi,Uttar Pradesh,Jio,Mobile,0
+919095284439,Lakshmi Bajaj,Surat,Gujarat,Airtel,Mobile,0
+918772450803,Rachna Negi,Mangalore,Karnataka,Vodafone Idea,Mobile,0
+918594546201,Rahul Suri,Mysore,Karnataka,Vodafone Idea,Mobile,0
+919850051505,Aarohi Chatterjee,Udaipur,Rajasthan,BSNL,Mobile,0
+916215802953,Savita Banerjee,Noida,Uttar Pradesh,Airtel,Mobile,0
+917027201298,Ashish Dey,Nashik,Maharashtra,Jio,Mobile,0
+918061251922,Vipul Verma,Mangalore,Karnataka,Airtel,Mobile,0
+918824369776,Vinita Mir,Jodhpur,Rajasthan,Jio,Mobile,0
+918636091142,Namita Mehra,Agra,Uttar Pradesh,BSNL,Mobile,0
+919198764098,Namita Chauhan,Gurugram,Haryana,Vodafone Idea,Mobile,0
+917449562726,Poonam Barua,Coimbatore,Tamil Nadu,BSNL,Mobile,0
+917265993880,Atharv Mishra,Noida,Uttar Pradesh,Jio,Mobile,0
+919185405453,Vinita Chakraborty,Hyderabad,Telangana,Vodafone Idea,Mobile,0
+918887065463,Sunanda Gogoi,Thiruvananthapuram,Kerala,Airtel,Mobile,0
+916392013484,Nandini Gogoi,Salem,Tamil Nadu,BSNL,Mobile,0
+918134359583,Umesh Pandey,Kanpur,Uttar Pradesh,Jio,Mobile,0
+918926987834,Puneet Pant,Indore,Madhya Pradesh,Vodafone Idea,Mobile,0
+917418414784,Nitin Bajaj,Coimbatore,Tamil Nadu,BSNL,Mobile,0
+916122754794,Roshan Bajaj,Patna,Bihar,Airtel,Mobile,0
+918466636958,Vihaan Pandey,Ranchi,Jharkhand,Airtel,Mobile,0
+918123742466,Naveen Sen,Kanpur,Uttar Pradesh,Jio,Mobile,0
+919253265277,Padma Talwar,Delhi,Delhi,Vodafone Idea,Mobile,0
+919476944769,Anita Tandon,Jabalpur,Madhya Pradesh,Jio,Mobile,0
+917826306366,Tushar Paul,Mysore,Karnataka,Jio,Mobile,0
+918075363148,Naman Yadav,Noida,Uttar Pradesh,Vodafone Idea,Mobile,0
+916232632958,Tarun Bora,Patna,Bihar,Vodafone Idea,Mobile,0
+919481760421,Vinita Jadeja,Nashik,Maharashtra,Vodafone Idea,Mobile,0
+917528020770,Smita Banerjee,Bhubaneswar,Odisha,Jio,Mobile,0
+918889042409,Jyoti Tripathi,Raipur,Chhattisgarh,Jio,Mobile,0
+918238016943,Sneha Bhatia,Rajkot,Gujarat,Vodafone Idea,Mobile,0
+917768833608,Reshma Saxena,Bhopal,Madhya Pradesh,BSNL,Mobile,0
+919972060894,Arun Mukherjee,Faridabad,Haryana,Vodafone Idea,Mobile,0
+919960893733,Sandeep Gogoi,Raipur,Chhattisgarh,Airtel,Mobile,0
+917517597957,Aanya Jadhav,Hyderabad,Telangana,BSNL,Mobile,0
+918911536597,Sunita Chopra,Bangalore,Karnataka,BSNL,Mobile,0
+917120549711,Yash Deshmukh,Coimbatore,Tamil Nadu,Jio,Mobile,0
+917163659030,Paresh Bajaj,Bangalore,Karnataka,Jio,Mobile,0
+919636627769,Archana Rathore,Bhubaneswar,Odisha,Airtel,Mobile,0
+916161424974,Seema Tandon,Delhi,Delhi,BSNL,Mobile,0
+917875454348,Manju Iyer,Varanasi,Uttar Pradesh,Airtel,Mobile,0
+917029229660,Anika Shukla,Ludhiana,Punjab,Airtel,Mobile,0
+918272002161,Kishan Banerjee,Mumbai,Maharashtra,BSNL,Mobile,0
+917554968178,Amanpreet Arora,Srinagar,Jammu & Kashmir,BSNL,Mobile,0
+918630442384,Deepak Tomar,Coimbatore,Tamil Nadu,Airtel,Mobile,0
+919638856152,Suresh Tiwari,Ghaziabad,Uttar Pradesh,Vodafone Idea,Mobile,0
+917699259942,Rajesh Dar,Kanpur,Uttar Pradesh,BSNL,Mobile,0
+916166893535,Raman Mitra,Pune,Maharashtra,Airtel,Mobile,0
+916144405415,Aadhya Shukla,Allahabad,Uttar Pradesh,Vodafone Idea,Mobile,0
+918932626655,Shalini Malhotra,Thiruvananthapuram,Kerala,Airtel,Mobile,0
+918547928064,Lokesh Dar,Tiruchirappalli,Tamil Nadu,Vodafone Idea,Mobile,0
+919731646496,Vijay Saxena,Visakhapatnam,Andhra Pradesh,Airtel,Mobile,0
+917374871688,Pooja Bhatia,Bangalore,Karnataka,Jio,Mobile,0
+919271008535,Seema Malhotra,Faridabad,Haryana,Jio,Mobile,0
+918815214294,Sarita Mehra,Indore,Madhya Pradesh,BSNL,Mobile,0
+919115266625,Rakesh Desai,Vadodara,Gujarat,Jio,Mobile,0
+919028567120,Nandini Shetty,Shimla,Himachal Pradesh,BSNL,Mobile,0
+917256817031,Kunal Rathore,Jammu,Jammu & Kashmir,Airtel,Mobile,0
+919683443071,Chetan Ahuja,Tiruchirappalli,Tamil Nadu,Jio,Mobile,0
+917871057165,Pradeep Mehta,Salem,Tamil Nadu,BSNL,Mobile,0
+916051922599,Kuldeep Suri,Jabalpur,Madhya Pradesh,BSNL,Mobile,0
+918934633633,Aarush Reddy,Guwahati,Assam,Jio,Mobile,0
+917488697658,Vijay Bajaj,Nashik,Maharashtra,Jio,Mobile,0
+917915926878,Shaurya Parmar,Jaipur,Rajasthan,Airtel,Mobile,0
+916168961821,Lakhan Kaul,Mysore,Karnataka,BSNL,Mobile,0
+916089972111,Arun Negi,Coimbatore,Tamil Nadu,BSNL,Mobile,0
+917658177264,Alpesh Raina,Dehradun,Uttarakhand,BSNL,Mobile,0
+917050730493,Ritu Verma,Mysore,Karnataka,Vodafone Idea,Mobile,0
+916050020402,Seema Mukherjee,Jaipur,Rajasthan,Airtel,Mobile,0
+916374553722,Aditya Hegde,Rajkot,Gujarat,Vodafone Idea,Mobile,0
+919566745636,Rachna Chatterjee,Varanasi,Uttar Pradesh,BSNL,Mobile,0
+919781515124,Padma Chauhan,Ranchi,Jharkhand,BSNL,Mobile,0
+917222274198,Lakhan Dar,Madurai,Tamil Nadu,Airtel,Mobile,0
+916124942547,Deepak More,Coimbatore,Tamil Nadu,Vodafone Idea,Mobile,0
+919190693554,Deepak Pandey,Lucknow,Uttar Pradesh,Jio,Mobile,0
+917813649591,Sohan Vaghela,Ludhiana,Punjab,BSNL,Mobile,0
+916250592916,Tarun Kumar,Kanpur,Uttar Pradesh,BSNL,Mobile,0
+919335695484,Tejinder Shetty,Jabalpur,Madhya Pradesh,Jio,Mobile,0
+918258649891,Divya Kapoor,Delhi,Delhi,Jio,Mobile,0
+917416915222,Sunil Verma,Mangalore,Karnataka,Airtel,Mobile,0
+917834733645,Sara Negi,Ranchi,Jharkhand,BSNL,Mobile,0
+918847113605,Sohan Barua,Amritsar,Punjab,Vodafone Idea,Mobile,0
+919197944320,Mukesh Kaul,Kolkata,West Bengal,Vodafone Idea,Mobile,0
+919282763983,Kavita Pillai,Delhi,Delhi,Vodafone Idea,Mobile,0
+918979321567,Sneha Tiwari,Hyderabad,Telangana,Airtel,Mobile,0
+919527369322,Vikram Mir,Jabalpur,Madhya Pradesh,BSNL,Mobile,0
+919580958033,Pradeep Kaul,Raipur,Chhattisgarh,Airtel,Mobile,0
+918885579160,Sai Shekhawat,Kochi,Kerala,Vodafone Idea,Mobile,0
+918950766752,Ayaan Jain,Kochi,Kerala,Jio,Mobile,0
+918027211554,Rudra Rawat,Indore,Madhya Pradesh,Vodafone Idea,Mobile,0
+917032812730,Reyansh Shetty,Hubli,Karnataka,Jio,Mobile,0
+918087779539,Navpreet Tandon,Navi Mumbai,Maharashtra,Jio,Mobile,0
+919978902675,Sachin Modi,Madurai,Tamil Nadu,Vodafone Idea,Mobile,0
+917524364608,Sneha Pawar,Kanpur,Uttar Pradesh,Jio,Mobile,0
+919311999396,Sai Tomar,Mumbai,Maharashtra,Airtel,Mobile,0
+919087532252,Manpreet Menon,Delhi,Delhi,Airtel,Mobile,0
+917611178467,Raman Raina,Tiruchirappalli,Tamil Nadu,Airtel,Mobile,0
+919968098973,Dhruv Jadeja,Mangalore,Karnataka,Vodafone Idea,Mobile,0
+918095740105,Shikha Bisht,Udaipur,Rajasthan,Vodafone Idea,Mobile,0
+917064613492,Sai Ghosh,Vadodara,Gujarat,BSNL,Mobile,0
+917080482411,Sunita Rajput,Indore,Madhya Pradesh,BSNL,Mobile,0
+919581792040,Jyoti Jadhav,Jodhpur,Rajasthan,Vodafone Idea,Mobile,0
+919133633035,Gurpreet Shekhawat,Kolkata,West Bengal,Airtel,Mobile,0
+916161499839,Sunita Barua,Tiruchirappalli,Tamil Nadu,Jio,Mobile,0
+917773546350,Manpreet Mitra,Surat,Gujarat,Jio,Mobile,0
+916044621543,Sarita Shekhawat,Srinagar,Jammu & Kashmir,Jio,Mobile,0
+918426323624,Sunanda Kaul,Shimla,Himachal Pradesh,BSNL,Mobile,0
+918579994140,Aadhya Dubey,Jabalpur,Madhya Pradesh,Airtel,Mobile,0
+919458168074,Sunanda Bajaj,Amritsar,Punjab,BSNL,Mobile,0
+916182856386,Anita Gowda,Delhi,Delhi,Jio,Mobile,0
+919584943622,Diya Goyal,Delhi,Delhi,BSNL,Mobile,0
+916378369248,Vinita Mishra,Ranchi,Jharkhand,BSNL,Mobile,0
+918463934547,Rahul Joshi,Rajkot,Gujarat,Airtel,Mobile,0
+916364854464,Sachin Jadhav,Amritsar,Punjab,Airtel,Mobile,0
+918970641928,Arun Das,Allahabad,Uttar Pradesh,Jio,Mobile,0
+919046458418,Ansh Sharma,Faridabad,Haryana,Jio,Mobile,0
+916360870598,Rashmi Singh,Coimbatore,Tamil Nadu,Jio,Mobile,0
+917577287129,Lokesh Chauhan,Srinagar,Jammu & Kashmir,Airtel,Mobile,0
+918524264752,Ravi Sen,Allahabad,Uttar Pradesh,BSNL,Mobile,0
+919915480011,Rupesh Dar,Faridabad,Haryana,Vodafone Idea,Mobile,0
+917137116538,Lokesh Arora,Chennai,Tamil Nadu,BSNL,Mobile,0
+917927692849,Vivaan Mehta,Lucknow,Uttar Pradesh,BSNL,Mobile,0
+917290446531,Usha Shetty,Mangalore,Karnataka,Vodafone Idea,Mobile,0
+918518037182,Neha Mandal,Indore,Madhya Pradesh,BSNL,Mobile,0
+918342507485,Priya Mitra,Guwahati,Assam,Jio,Mobile,0
+918258985030,Navpreet Vaghela,Jabalpur,Madhya Pradesh,Vodafone Idea,Mobile,0
+918139854463,Shikha Solanki,Jaipur,Rajasthan,BSNL,Mobile,0
+917970634276,Rohan Saikia,Amritsar,Punjab,Jio,Mobile,0
+918135171750,Arun Das,Udaipur,Rajasthan,Vodafone Idea,Mobile,0
+918022512606,Bhavna Biswas,Bhubaneswar,Odisha,Jio,Mobile,0
+918167280226,Vinita Garg,Jaipur,Rajasthan,Airtel,Mobile,0
+918423645466,Mahesh Jadhav,Kanpur,Uttar Pradesh,Vodafone Idea,Mobile,0
+919716406960,Smita Chauhan,Agra,Uttar Pradesh,Vodafone Idea,Mobile,0
+917010314144,Seema Reddy,Ahmedabad,Gujarat,BSNL,Mobile,0
+917819976126,Divya Ahuja,Rajkot,Gujarat,BSNL,Mobile,0
+916099396878,Kishan Barua,Rajkot,Gujarat,Airtel,Mobile,0
+919148060213,Rohit Rao,Hyderabad,Telangana,Vodafone Idea,Mobile,0
+917083998649,Lalita Patil,Varanasi,Uttar Pradesh,Airtel,Mobile,0
+916087900868,Shikha Chatterjee,Chandigarh,Punjab,Vodafone Idea,Mobile,0
+919664699974,Ajay Sharma,Rajkot,Gujarat,Airtel,Mobile,0
+918340769485,Anjali Mathur,Varanasi,Uttar Pradesh,BSNL,Mobile,0
+917286356408,Sapna Talwar,Kochi,Kerala,Jio,Mobile,0
+917120916742,Rekha Talwar,Jaipur,Rajasthan,Jio,Mobile,0
+917152511702,Vineet Sharma,Chennai,Tamil Nadu,Vodafone Idea,Mobile,0
+918567424280,Shikha Naidu,Agra,Uttar Pradesh,Vodafone Idea,Mobile,0
+918096551046,Lakshmi Dhawan,Srinagar,Jammu & Kashmir,Airtel,Mobile,0
+918130431107,Sumit Rathore,Vadodara,Gujarat,Vodafone Idea,Mobile,0
+919084190389,Tejinder Desai,Surat,Gujarat,Jio,Mobile,0
+917657385444,Vinod Das,Ahmedabad,Gujarat,BSNL,Mobile,0
+919657186487,Jitesh Gupta,Thiruvananthapuram,Kerala,Vodafone Idea,Mobile,0
+917784909801,Manju Hegde,Amritsar,Punjab,Jio,Mobile,0
+919079493655,Sanjiv Patil,Varanasi,Uttar Pradesh,Vodafone Idea,Mobile,0
+918333343650,Naresh Bose,Visakhapatnam,Andhra Pradesh,Airtel,Mobile,0
+917515978056,Kishan Tomar,Visakhapatnam,Andhra Pradesh,Jio,Mobile,0
+918223173082,Usha Warrier,Bangalore,Karnataka,Airtel,Mobile,0
+917094161980,Harpreet Dar,Guwahati,Assam,Vodafone Idea,Mobile,0
+919337628486,Karthik Mir,Allahabad,Uttar Pradesh,Jio,Mobile,0
+917237601805,Poonam Pandey,Kanpur,Uttar Pradesh,Vodafone Idea,Mobile,0
+917776331104,Sunita Ahuja,Patna,Bihar,Vodafone Idea,Mobile,0
+916151202420,Hitesh Malhotra,Chennai,Tamil Nadu,Vodafone Idea,Mobile,0
+917979776380,Atharv Dhawan,Bangalore,Karnataka,Airtel,Mobile,0
+918518287895,Gurpreet Hegde,Vijayawada,Andhra Pradesh,Vodafone Idea,Mobile,0
+917366314431,Jaspreet Tandon,Indore,Madhya Pradesh,Jio,Mobile,0
+917789345668,Nisha Shukla,Chandigarh,Punjab,Jio,Mobile,0
+919543615030,Ishaan Iyer,Jaipur,Rajasthan,BSNL,Mobile,0
+917158247215,Vikram Singh,Amritsar,Punjab,Jio,Mobile,0
+919057490681,Rekha Hegde,Chandigarh,Punjab,Vodafone Idea,Mobile,0
+919622591690,Lalit Naidu,Varanasi,Uttar Pradesh,Airtel,Mobile,0
+919450440058,Pari Nair,Indore,Madhya Pradesh,BSNL,Mobile,0
+917342906420,Preeti Jadeja,Gwalior,Madhya Pradesh,Airtel,Mobile,0
+917058847484,Sushma Kumar,Hyderabad,Telangana,Airtel,Mobile,0
+919837314441,Usha Malhotra,Dehradun,Uttarakhand,Airtel,Mobile,0
+919348939490,Naresh Wani,Faridabad,Haryana,Vodafone Idea,Mobile,0
+919723801118,Amita Dar,Mangalore,Karnataka,BSNL,Mobile,0
+918372319752,Myra Paul,Rajkot,Gujarat,Airtel,Mobile,0
+918582021684,Jaspreet Arora,Allahabad,Uttar Pradesh,Airtel,Mobile,0
+919738887035,Naveen Dey,Raipur,Chhattisgarh,Vodafone Idea,Mobile,0
+919318455218,Preeti Tripathi,Jammu,Jammu & Kashmir,Airtel,Mobile,0
+918762843400,Sumit Banerjee,Ahmedabad,Gujarat,Vodafone Idea,Mobile,0
+917021253577,Mohan Tiwari,Rajkot,Gujarat,Jio,Mobile,0
+916188372057,Sara Kaul,Jodhpur,Rajasthan,BSNL,Mobile,0
+919796479842,Pradeep Goyal,Amritsar,Punjab,BSNL,Mobile,0
+918938043844,Tarun Joshi,Guwahati,Assam,Jio,Mobile,0
+917791879913,Reyansh Sharma,Kanpur,Uttar Pradesh,Vodafone Idea,Mobile,0
+919892574200,Vivaan Warrier,Bangalore,Karnataka,BSNL,Mobile,0
+918865050420,Rajeev Ahuja,Thiruvananthapuram,Kerala,BSNL,Mobile,0
+918890388060,Radha Banerjee,Mysore,Karnataka,Vodafone Idea,Mobile,0
+916352781993,Bhavna Kamath,Madurai,Tamil Nadu,Airtel,Mobile,0
+918248730419,Shalini Menon,Varanasi,Uttar Pradesh,Airtel,Mobile,0
+917487874193,Pankaj Jadhav,Srinagar,Jammu & Kashmir,Airtel,Mobile,0
+919152285655,Namita Desai,Thane,Maharashtra,Airtel,Mobile,0
+917211852284,Pari Saxena,Vijayawada,Andhra Pradesh,Airtel,Mobile,0
+916350557639,Amanpreet Bhatia,Patna,Bihar,Airtel,Mobile,0
+917247488414,Vinod Agarwal,Chennai,Tamil Nadu,Airtel,Mobile,0
+918926494909,Rohan Gupta,Salem,Tamil Nadu,Jio,Mobile,0
+918129933561,Manpreet Mandal,Noida,Uttar Pradesh,BSNL,Mobile,0
+916399841418,Savita Shukla,Srinagar,Jammu & Kashmir,Jio,Mobile,0
+919986808603,Mukul Ghosh,Vadodara,Gujarat,Jio,Mobile,0
+919835484428,Sarita Dar,Chandigarh,Punjab,BSNL,Mobile,0
+919789445000,Aadhya Kamath,Rajkot,Gujarat,Airtel,Mobile,0
+917087889192,Aanya Parmar,Kanpur,Uttar Pradesh,Airtel,Mobile,0
+916248993051,Asha Saxena,Belgaum,Karnataka,Jio,Mobile,0
+916392402146,Swapna Menon,Gurugram,Haryana,Vodafone Idea,Mobile,0
+917751936245,Arun Sethi,Mysore,Karnataka,Jio,Mobile,0
+918429442274,Suresh Tandon,Jammu,Jammu & Kashmir,Airtel,Mobile,0
+916029255833,Deepak Mathur,Vadodara,Gujarat,Vodafone Idea,Mobile,0
+917572051401,Shaurya Kapoor,Jaipur,Rajasthan,Jio,Mobile,0
+919021977813,Sunanda Mukherjee,Hyderabad,Telangana,Airtel,Mobile,0
+917220659563,Vishal Dhawan,Jammu,Jammu & Kashmir,Vodafone Idea,Mobile,0
+919756700693,Priya Singhal,Nashik,Maharashtra,BSNL,Mobile,0
+919412579653,Manish Bajaj,Madurai,Tamil Nadu,BSNL,Mobile,0
+918684392500,Gurpreet Kurup,Faridabad,Haryana,Vodafone Idea,Mobile,0
+919132586849,Poonam Raina,Madurai,Tamil Nadu,Jio,Mobile,0
+916053886335,Diya Bajaj,Guwahati,Assam,Airtel,Mobile,0
+919213684874,Harpreet Shekhawat,Kochi,Kerala,Airtel,Mobile,0
+918086012601,Karthik Mehta,Rajkot,Gujarat,BSNL,Mobile,0
+917396235999,Jaspreet Gogoi,Ranchi,Jharkhand,Airtel,Mobile,0
+917353781597,Mukul Chauhan,Tiruchirappalli,Tamil Nadu,Airtel,Mobile,0
+918119334123,Anika Wani,Pune,Maharashtra,Vodafone Idea,Mobile,0
+918238870486,Vijay Chauhan,Gwalior,Madhya Pradesh,Vodafone Idea,Mobile,0
+919510948611,Sukhpreet Deshmukh,Ludhiana,Punjab,Vodafone Idea,Mobile,0
+917861465666,Sarita Mandal,Belgaum,Karnataka,Airtel,Mobile,0
+917912520007,Ashish Sen,Navi Mumbai,Maharashtra,Airtel,Mobile,0
+917799771252,Vineet Shetty,Guwahati,Assam,Vodafone Idea,Mobile,0
+918959214496,Rudra Biswas,Guwahati,Assam,Jio,Mobile,0
+918330130192,Vinita Gupta,Varanasi,Uttar Pradesh,Jio,Mobile,0
+918773673796,Sushma Tandon,Ahmedabad,Gujarat,Vodafone Idea,Mobile,0
+918883254136,Navpreet Singhal,Surat,Gujarat,Vodafone Idea,Mobile,0
+917737513639,Reema Mandal,Hubli,Karnataka,Airtel,Mobile,0
+917439351159,Priya Khanna,Bhopal,Madhya Pradesh,Jio,Mobile,0
+916371634312,Radha Chauhan,Ranchi,Jharkhand,BSNL,Mobile,0
+918349050588,Tejinder Mukherjee,Shimla,Himachal Pradesh,Airtel,Mobile,0
+919740960551,Sachin Malhotra,Salem,Tamil Nadu,Airtel,Mobile,0
+916187559598,Rajeev Shetty,Belgaum,Karnataka,Vodafone Idea,Mobile,0
+917399505822,Jaspreet Chakraborty,Mysore,Karnataka,Vodafone Idea,Mobile,0
+919910419094,Nitin Tandon,Vijayawada,Andhra Pradesh,BSNL,Mobile,0
+918924315149,Shalini Goyal,Navi Mumbai,Maharashtra,Vodafone Idea,Mobile,0
+916088476865,Shikha Ahuja,Guwahati,Assam,Airtel,Mobile,0
+916075828655,Diya Shekhawat,Chandigarh,Punjab,BSNL,Mobile,0
+917076220891,Rajesh Chopra,Varanasi,Uttar Pradesh,Jio,Mobile,0
+918374176583,Priya Mandal,Navi Mumbai,Maharashtra,BSNL,Mobile,0
+918865905486,Kiran Hegde,Gurugram,Haryana,Jio,Mobile,0
+918124277465,Lakshmi Dubey,Nagpur,Maharashtra,Jio,Mobile,0
+919882191408,Myra Bhatia,Lucknow,Uttar Pradesh,Vodafone Idea,Mobile,0
+919034799896,Ananya Bose,Tiruchirappalli,Tamil Nadu,Vodafone Idea,Mobile,0
+918013684663,Amita Menon,Ahmedabad,Gujarat,BSNL,Mobile,0
+919219542300,Vihaan Joshi,Dehradun,Uttarakhand,Jio,Mobile,0
+918214745908,Umesh Kurup,Srinagar,Jammu & Kashmir,Vodafone Idea,Mobile,0
+918946997791,Rohit Shetty,Thane,Maharashtra,BSNL,Mobile,0
+919166015177,Rupesh Chakraborty,Navi Mumbai,Maharashtra,BSNL,Mobile,0
+916198466555,Jyoti Bhatia,Navi Mumbai,Maharashtra,BSNL,Mobile,0
+917622121723,Dinesh Bose,Ahmedabad,Gujarat,BSNL,Mobile,0
+916178709603,Sunita Rajput,Madurai,Tamil Nadu,Vodafone Idea,Mobile,0
+918856836840,Nisha Mishra,Nashik,Maharashtra,Jio,Mobile,0
+917252441606,Bhavna Barua,Kanpur,Uttar Pradesh,BSNL,Mobile,0
+917513582974,Savita Shetty,Ludhiana,Punjab,Airtel,Mobile,0
+917894740532,Ritesh Menon,Allahabad,Uttar Pradesh,Jio,Mobile,0
+919381549154,Archana Bhatia,Aurangabad,Maharashtra,BSNL,Mobile,0
+918469970797,Ritu Suri,Jabalpur,Madhya Pradesh,Vodafone Idea,Mobile,0
+918459221608,Aadhya Pai,Dehradun,Uttarakhand,BSNL,Mobile,0
+919932547687,Sarita Bisht,Navi Mumbai,Maharashtra,BSNL,Mobile,0
+918667117601,Ayaan Goyal,Udaipur,Rajasthan,BSNL,Mobile,0
+918945509263,Ritesh Desai,Thiruvananthapuram,Kerala,Airtel,Mobile,0
+918979793496,Pooja Negi,Kanpur,Uttar Pradesh,Vodafone Idea,Mobile,0
+919754861301,Divya Ahuja,Noida,Uttar Pradesh,BSNL,Mobile,0
+917275444224,Suresh Menon,Ranchi,Jharkhand,Airtel,Mobile,0
+918046220123,Vineet Shetty,Gurugram,Haryana,BSNL,Mobile,0
+918050691811,Harpreet Mehta,Thiruvananthapuram,Kerala,BSNL,Mobile,0
+917582269129,Lakshmi Pant,Thiruvananthapuram,Kerala,Airtel,Mobile,0
+919798719715,Pradeep Dey,Rajkot,Gujarat,BSNL,Mobile,0
+919237743982,Geeta Pawar,Kanpur,Uttar Pradesh,Jio,Mobile,0
+919542024486,Aanya Rawat,Vadodara,Gujarat,BSNL,Mobile,0
+917038378505,Shikha Kumar,Chennai,Tamil Nadu,BSNL,Mobile,0
+918855937268,Seema Dubey,Shimla,Himachal Pradesh,Airtel,Mobile,0
+918090530040,Rekha Sethi,Navi Mumbai,Maharashtra,Airtel,Mobile,0
+917472181406,Archana Wani,Coimbatore,Tamil Nadu,BSNL,Mobile,0
+918293738220,Kavita Goyal,Gurugram,Haryana,Jio,Mobile,0
+917557719017,Vikram Pandey,Ghaziabad,Uttar Pradesh,BSNL,Mobile,0
+919864488155,Seema Raina,Mysore,Karnataka,Vodafone Idea,Mobile,0
+919645986185,Aarav Roy,Raipur,Chhattisgarh,Airtel,Mobile,0
+917756707432,Mahesh Naidu,Hyderabad,Telangana,Vodafone Idea,Mobile,0
+918124738067,Navpreet Roy,Srinagar,Jammu & Kashmir,Airtel,Mobile,0
+918373583627,Kishan Kapoor,Nagpur,Maharashtra,Vodafone Idea,Mobile,0
+919888311985,Ritu Tandon,Bangalore,Karnataka,Vodafone Idea,Mobile,0
+916056280228,Varun Singh,Raipur,Chhattisgarh,Jio,Mobile,0
+919654076561,Dinesh Pawar,Ranchi,Jharkhand,Jio,Mobile,0
+917692828187,Uma Kapoor,Vijayawada,Andhra Pradesh,Jio,Mobile,0
+918113877013,Rekha Dutta,Udaipur,Rajasthan,BSNL,Mobile,0
+919751999207,Gaurav Das,Amritsar,Punjab,Vodafone Idea,Mobile,0
+918415349499,Kiran Menon,Udaipur,Rajasthan,BSNL,Mobile,0
+916280703783,Amita Shukla,Nagpur,Maharashtra,Airtel,Mobile,0
+919437588383,Mukul Talwar,Allahabad,Uttar Pradesh,Vodafone Idea,Mobile,0
+916224063760,Savita Joshi,Jammu,Jammu & Kashmir,BSNL,Mobile,0
+918886999122,Sapna Chauhan,Salem,Tamil Nadu,BSNL,Mobile,0
+919991249412,Myra Sen,Salem,Tamil Nadu,BSNL,Mobile,0
+919650384424,Manpreet Mehta,Indore,Madhya Pradesh,Vodafone Idea,Mobile,0
+918674446001,Ritu Khare,Varanasi,Uttar Pradesh,Jio,Mobile,0
+919043395902,Vikram Dar,Udaipur,Rajasthan,Airtel,Mobile,0
+918993047279,Sneha Kurup,Kolkata,West Bengal,Airtel,Mobile,0
+916144507705,Sai Chopra,Aurangabad,Maharashtra,Jio,Mobile,0
+916132040185,Priya Sarkar,Lucknow,Uttar Pradesh,Airtel,Mobile,0
+917183978862,Kishan Arora,Indore,Madhya Pradesh,Vodafone Idea,Mobile,0
+918087868369,Anika Shetty,Jabalpur,Madhya Pradesh,Airtel,Mobile,0
+917064052666,Sandeep Chopra,Kochi,Kerala,Jio,Mobile,0
+919318036216,Sandeep Bisht,Lucknow,Uttar Pradesh,Jio,Mobile,0
+917170038558,Lakshmi Patel,Thane,Maharashtra,Jio,Mobile,0
+916032438510,Varun Naidu,Gwalior,Madhya Pradesh,Vodafone Idea,Mobile,0
+919285396716,Asha Ahuja,Hyderabad,Telangana,Vodafone Idea,Mobile,0
+917757494293,Shalini Bisht,Mysore,Karnataka,Jio,Mobile,0
+918220902899,Nikhil Goyal,Vijayawada,Andhra Pradesh,Airtel,Mobile,0
+919988125591,Dinesh Vaghela,Raipur,Chhattisgarh,Vodafone Idea,Mobile,0
+918559632682,Kiran Pai,Vijayawada,Andhra Pradesh,Jio,Mobile,0
+917026277153,Lakshmi Biswas,Aurangabad,Maharashtra,Vodafone Idea,Mobile,0
+918031252683,Sai Mehta,Kanpur,Uttar Pradesh,Jio,Mobile,0
+917334653477,Arun Rathore,Chennai,Tamil Nadu,Jio,Mobile,0
+919690341330,Advik Suri,Delhi,Delhi,Jio,Mobile,0
+919784945546,Meera Shekhawat,Shimla,Himachal Pradesh,BSNL,Mobile,0
+917097793343,Rupesh Banerjee,Salem,Tamil Nadu,Vodafone Idea,Mobile,0
+917478943300,Tushar Pillai,Indore,Madhya Pradesh,Airtel,Mobile,0
+919666510520,Anjali Hegde,Udaipur,Rajasthan,BSNL,Mobile,0
+918197392939,Sushma Chatterjee,Salem,Tamil Nadu,Vodafone Idea,Mobile,0
+918754404221,Lalita Kaul,Nagpur,Maharashtra,Vodafone Idea,Mobile,0
+919695825102,Vandana Suri,Jodhpur,Rajasthan,Airtel,Mobile,0
+917678529144,Namita Khanna,Jaipur,Rajasthan,Airtel,Mobile,0
+918122643474,Anita Kaul,Mysore,Karnataka,BSNL,Mobile,0
+917799383718,Nitin Singh,Bangalore,Karnataka,Vodafone Idea,Mobile,0
+919482947528,Rashmi Kulkarni,Guwahati,Assam,BSNL,Mobile,0
+917738686543,Ritu Bhatia,Hyderabad,Telangana,Airtel,Mobile,0
+919532592966,Ritesh Patel,Shimla,Himachal Pradesh,Airtel,Mobile,0
+918349336586,Seema Patil,Dehradun,Uttarakhand,Airtel,Mobile,0
+918883194218,Lalita Menon,Shimla,Himachal Pradesh,Vodafone Idea,Mobile,0
+918365987612,Bhavna Ghosh,Visakhapatnam,Andhra Pradesh,Jio,Mobile,0
+916212863901,Sapna Suri,Mangalore,Karnataka,Jio,Mobile,0
+919749148440,Sanjiv Saikia,Vijayawada,Andhra Pradesh,Airtel,Mobile,0
+918173334699,Karun Bajaj,Coimbatore,Tamil Nadu,Jio,Mobile,0
+917048714094,Navpreet Mir,Pune,Maharashtra,Vodafone Idea,Mobile,0
+916013630996,Myra Bajaj,Vijayawada,Andhra Pradesh,Airtel,Mobile,0
+918870076569,Sarita Iyer,Ghaziabad,Uttar Pradesh,Vodafone Idea,Mobile,0
+918511712079,Anita Tripathi,Thiruvananthapuram,Kerala,Vodafone Idea,Mobile,0
+916295088418,Sohan Kamath,Delhi,Delhi,BSNL,Mobile,0
+919467489102,Aarohi Tripathi,Madurai,Tamil Nadu,Jio,Mobile,0
+918517889125,Tejinder Mathur,Rajkot,Gujarat,Vodafone Idea,Mobile,0
+918750088885,Amit Ghosh,Mumbai,Maharashtra,Airtel,Mobile,0
+918448748606,Vishal Patel,Mangalore,Karnataka,Jio,Mobile,0
+919854743080,Radha Chauhan,Jaipur,Rajasthan,Airtel,Mobile,0
+917275419999,Nisha Kapoor,Agra,Uttar Pradesh,Jio,Mobile,0
+917172470176,Arun Verma,Lucknow,Uttar Pradesh,Jio,Mobile,0
+916376228127,Chetan Mishra,Lucknow,Uttar Pradesh,Vodafone Idea,Mobile,0
+916052407615,Tejinder Sethi,Thiruvananthapuram,Kerala,BSNL,Mobile,0
+919465983871,Usha Rawat,Bhubaneswar,Odisha,Vodafone Idea,Mobile,0
+917194322916,Kabir Rathore,Guwahati,Assam,Vodafone Idea,Mobile,0
+918655316838,Sunanda Kumar,Gurugram,Haryana,Airtel,Mobile,0
+919812680149,Naresh Mukherjee,Lucknow,Uttar Pradesh,Airtel,Mobile,0
+918077313199,Harpreet Shetty,Agra,Uttar Pradesh,Jio,Mobile,0
+918762613907,Ganesh Mitra,Patna,Bihar,Jio,Mobile,0
+917884868139,Radha Shekhawat,Allahabad,Uttar Pradesh,Jio,Mobile,0
+916183235444,Myra Bhat,Bangalore,Karnataka,Vodafone Idea,Mobile,0
+918713314840,Tarun Arora,Ghaziabad,Uttar Pradesh,Vodafone Idea,Mobile,0
+916211593724,Shravan Pandey,Delhi,Delhi,Jio,Mobile,0
+917969985503,Aman Bajaj,Allahabad,Uttar Pradesh,BSNL,Mobile,0
+917979645660,Aditya Pawar,Surat,Gujarat,Airtel,Mobile,0
+918483162010,Harish Kamath,Varanasi,Uttar Pradesh,Vodafone Idea,Mobile,0
+919169091646,Advik Vaghela,Vijayawada,Andhra Pradesh,BSNL,Mobile,0
+919189795512,Meera Rathore,Bhubaneswar,Odisha,Airtel,Mobile,0
+916062496353,Lakshmi Thakur,Amritsar,Punjab,Airtel,Mobile,0
+917036463928,Lalit Tandon,Aurangabad,Maharashtra,BSNL,Mobile,0
+916028815035,Ishaan Dhawan,Faridabad,Haryana,Vodafone Idea,Mobile,0
+917022820339,Vishal Mehta,Delhi,Delhi,Jio,Mobile,0
+917822603923,Seema Wani,Patna,Bihar,Vodafone Idea,Mobile,0
+916276098931,Meera Mir,Chandigarh,Punjab,Vodafone Idea,Mobile,0
+917055509745,Sneha Iyer,Kanpur,Uttar Pradesh,Jio,Mobile,0
+917263677871,Geeta Gogoi,Dehradun,Uttarakhand,Vodafone Idea,Mobile,0
+916283349181,Sapna Menon,Kanpur,Uttar Pradesh,Jio,Mobile,0
+918656022113,Mohan Iyer,Navi Mumbai,Maharashtra,Vodafone Idea,Mobile,0
+917745252542,Vinod Agarwal,Noida,Uttar Pradesh,Airtel,Mobile,0
+918411010687,Padma Paul,Chennai,Tamil Nadu,Jio,Mobile,0
+918984640215,Naveen Dutta,Visakhapatnam,Andhra Pradesh,BSNL,Mobile,0
+918714674397,Harish Tiwari,Ghaziabad,Uttar Pradesh,Vodafone Idea,Mobile,0
+918361094598,Seema Hegde,Patna,Bihar,Jio,Mobile,0
+917765101420,Pooja Sarkar,Jabalpur,Madhya Pradesh,Vodafone Idea,Mobile,0
+918470487351,Sandeep Paul,Guwahati,Assam,BSNL,Mobile,0
+919971158561,Brijesh Chopra,Nashik,Maharashtra,Jio,Mobile,0
+919729492985,Divya Patel,Coimbatore,Tamil Nadu,Jio,Mobile,0
+918539158594,Vinita Singhal,Gurugram,Haryana,BSNL,Mobile,0
+916339970872,Rekha Reddy,Shimla,Himachal Pradesh,Vodafone Idea,Mobile,0
+919170750181,Myra Sethi,Mangalore,Karnataka,Vodafone Idea,Mobile,0
+916051051570,Mahesh Desai,Gwalior,Madhya Pradesh,Vodafone Idea,Mobile,0
+917087887745,Aman Khare,Gurugram,Haryana,Vodafone Idea,Mobile,0
+918511067304,Rashmi Ahuja,Kanpur,Uttar Pradesh,BSNL,Mobile,0
+919368566569,Mukesh Dar,Ludhiana,Punjab,Airtel,Mobile,0
+919548309394,Ajay Khanna,Visakhapatnam,Andhra Pradesh,Airtel,Mobile,0
+918463263923,Anvi Chauhan,Udaipur,Rajasthan,Jio,Mobile,0
+918019214514,Nandini Rao,Ghaziabad,Uttar Pradesh,BSNL,Mobile,0
+917974560513,Kiran Desai,Lucknow,Uttar Pradesh,BSNL,Mobile,0
+918129484270,Roshan Sharma,Amritsar,Punjab,Airtel,Mobile,0
+918890064739,Deepa Choudhary,Allahabad,Uttar Pradesh,Vodafone Idea,Mobile,0
+918588967043,Aman Jadhav,Vijayawada,Andhra Pradesh,Airtel,Mobile,0
+918797526866,Lalita Barua,Udaipur,Rajasthan,Jio,Mobile,0
+917065119252,Radha Mehta,Navi Mumbai,Maharashtra,BSNL,Mobile,0
+918627984345,Padma Sarkar,Madurai,Tamil Nadu,Airtel,Mobile,0
+918945329902,Sandeep Tandon,Bhopal,Madhya Pradesh,BSNL,Mobile,0
+916123415378,Sachin Raina,Surat,Gujarat,BSNL,Mobile,0
+917384978104,Pari Sharma,Raipur,Chhattisgarh,BSNL,Mobile,0
+918151086941,Aman Modi,Bangalore,Karnataka,Vodafone Idea,Mobile,0
+917952258479,Nandini Kaul,Surat,Gujarat,Vodafone Idea,Mobile,0
+918384404525,Pradeep Mehra,Srinagar,Jammu & Kashmir,Jio,Mobile,0
+919439359179,Kiran Ahuja,Amritsar,Punjab,BSNL,Mobile,0
+918671398149,Rashmi Mehta,Raipur,Chhattisgarh,Airtel,Mobile,0
+918644162883,Aadhya Singh,Bhubaneswar,Odisha,BSNL,Mobile,0
+917015117602,Ayaan Jadeja,Madurai,Tamil Nadu,BSNL,Mobile,0
+919634319006,Sara Mukherjee,Coimbatore,Tamil Nadu,Vodafone Idea,Mobile,0
+917680452076,Geeta Mitra,Bhubaneswar,Odisha,Vodafone Idea,Mobile,0
+917287049237,Sukhpreet Gupta,Amritsar,Punjab,Vodafone Idea,Mobile,0
+919252716610,Meera Bose,Vadodara,Gujarat,BSNL,Mobile,0
+917288068559,Vishal Sen,Coimbatore,Tamil Nadu,BSNL,Mobile,0
+916014941869,Archana Gogoi,Pune,Maharashtra,Jio,Mobile,0
+917231339201,Vijay Shetty,Lucknow,Uttar Pradesh,BSNL,Mobile,0
+917822705810,Sushma Sarkar,Nagpur,Maharashtra,Jio,Mobile,0
+919079424197,Manish Paul,Varanasi,Uttar Pradesh,Airtel,Mobile,0
+918439448924,Nitin Kamath,Ahmedabad,Gujarat,Jio,Mobile,0
+917283321195,Shalini Jadhav,Ranchi,Jharkhand,Vodafone Idea,Mobile,0
+918369105372,Bhavna Pawar,Vijayawada,Andhra Pradesh,Jio,Mobile,0
+917143407791,Swapna Garg,Varanasi,Uttar Pradesh,Vodafone Idea,Mobile,0
+918998877828,Manoj Goyal,Jodhpur,Rajasthan,Airtel,Mobile,0
+918063796690,Rupesh Tripathi,Surat,Gujarat,Vodafone Idea,Mobile,0
+917730860975,Sunil Rawat,Mangalore,Karnataka,Vodafone Idea,Mobile,0
+919329527277,Vineet Khanna,Pune,Maharashtra,Jio,Mobile,0
+919952802910,Reshma Vaghela,Nagpur,Maharashtra,Vodafone Idea,Mobile,0
+917883406104,Anjali Arora,Mysore,Karnataka,Jio,Mobile,0
+917166347387,Nandini Mandal,Bangalore,Karnataka,Vodafone Idea,Mobile,0
+918388909164,Naman Shinde,Jodhpur,Rajasthan,BSNL,Mobile,0
+918239470328,Anita Kumar,Indore,Madhya Pradesh,Vodafone Idea,Mobile,0
+919597531806,Diya Tomar,Ghaziabad,Uttar Pradesh,Airtel,Mobile,0
+917047520263,Ramesh Kapoor,Faridabad,Haryana,Airtel,Mobile,0
+918082045313,Ananya Desai,Jabalpur,Madhya Pradesh,BSNL,Mobile,0
+916010423660,Paresh Chakraborty,Srinagar,Jammu & Kashmir,Vodafone Idea,Mobile,0
+918113037802,Satish Negi,Chandigarh,Punjab,Airtel,Mobile,0
+917226508658,Vivaan Rawat,Surat,Gujarat,Vodafone Idea,Mobile,0
+918116599766,Sarita Negi,Nashik,Maharashtra,Airtel,Mobile,0
+919254840679,Nitin Mehra,Ghaziabad,Uttar Pradesh,BSNL,Mobile,0
+918343715655,Chetan Vaghela,Noida,Uttar Pradesh,BSNL,Mobile,0
+918730100704,Preeti Yadav,Gurugram,Haryana,Vodafone Idea,Mobile,0
+918136798821,Lakshmi Suri,Jaipur,Rajasthan,Vodafone Idea,Mobile,0
+917219538498,Gurpreet Biswas,Visakhapatnam,Andhra Pradesh,BSNL,Mobile,0
+919473956094,Aarush Gowda,Shimla,Himachal Pradesh,Jio,Mobile,0
+917534042917,Aanya Naidu,Kolkata,West Bengal,Jio,Mobile,0
+917889677030,Jyoti Goyal,Mumbai,Maharashtra,Vodafone Idea,Mobile,0
+916053235435,Neelam Rao,Vijayawada,Andhra Pradesh,Vodafone Idea,Mobile,0
+918176677589,Sushma Khare,Coimbatore,Tamil Nadu,BSNL,Mobile,0
+919062467589,Mukesh Parmar,Gurugram,Haryana,Vodafone Idea,Mobile,0
+916123812387,Alpesh Shetty,Dehradun,Uttarakhand,Jio,Mobile,0
+916141009063,Preeti Bhat,Chennai,Tamil Nadu,Jio,Mobile,0
+919191167741,Lakshmi Roy,Nashik,Maharashtra,Vodafone Idea,Mobile,0
+918859343111,Uma Hegde,Pune,Maharashtra,Vodafone Idea,Mobile,0
+918627710315,Rudra Wani,Mysore,Karnataka,Airtel,Mobile,0
+918529517743,Sunita Thakur,Mysore,Karnataka,BSNL,Mobile,0
+918873347495,Deepa Banerjee,Kolkata,West Bengal,Vodafone Idea,Mobile,0
+918547983466,Kapil Kurup,Mangalore,Karnataka,Jio,Mobile,0
+918726281642,Rohan Shekhawat,Hyderabad,Telangana,Vodafone Idea,Mobile,0
+919612859874,Ramesh Thakur,Vijayawada,Andhra Pradesh,Jio,Mobile,0
+918420389673,Myra Kulkarni,Allahabad,Uttar Pradesh,Vodafone Idea,Mobile,0
+918833527472,Kapil Mir,Navi Mumbai,Maharashtra,BSNL,Mobile,0
+919370791406,Navpreet Choudhary,Thiruvananthapuram,Kerala,Jio,Mobile,0
+918699467840,Aman Mehra,Jodhpur,Rajasthan,Jio,Mobile,0
+917548276455,Aditya Paul,Gwalior,Madhya Pradesh,Vodafone Idea,Mobile,0
+919783429034,Simran Mishra,Gwalior,Madhya Pradesh,Airtel,Mobile,0
+918856994268,Rajesh Rawat,Coimbatore,Tamil Nadu,Vodafone Idea,Mobile,0
+917250599952,Sanjiv Khare,Mangalore,Karnataka,Jio,Mobile,0
+918641496679,Padma Sharma,Ahmedabad,Gujarat,Jio,Mobile,0
+916155777082,Rashmi Arora,Guwahati,Assam,Jio,Mobile,0
+917020624304,Sneha Verma,Jammu,Jammu & Kashmir,Vodafone Idea,Mobile,0
+918183121601,Ananya Rao,Pune,Maharashtra,Jio,Mobile,0
+916053667934,Garima Saikia,Rajkot,Gujarat,Airtel,Mobile,0
+917386646404,Suresh Thakur,Kanpur,Uttar Pradesh,Airtel,Mobile,0
+919198413610,Kavita Kaul,Navi Mumbai,Maharashtra,BSNL,Mobile,0
+917758607743,Mohan Choudhary,Allahabad,Uttar Pradesh,Airtel,Mobile,0
+917458231204,Reyansh Kamath,Bhubaneswar,Odisha,Vodafone Idea,Mobile,0
+918131584901,Vinita Thakur,Madurai,Tamil Nadu,Jio,Mobile,0
+919941324373,Mohit Naidu,Ahmedabad,Gujarat,Airtel,Mobile,0
+917095333377,Lakshmi Roy,Mysore,Karnataka,Airtel,Mobile,0
+918262624253,Swati Pant,Surat,Gujarat,Jio,Mobile,0
+917381623921,Neelam Iyer,Dehradun,Uttarakhand,Jio,Mobile,0
+917356514135,Sarita Raina,Delhi,Delhi,Jio,Mobile,0
+917699798269,Lakshmi Wani,Belgaum,Karnataka,Airtel,Mobile,0
+919158018566,Shravan Dey,Vadodara,Gujarat,Vodafone Idea,Mobile,0
+919897626321,Diya Bose,Bhubaneswar,Odisha,Vodafone Idea,Mobile,0
+919793708326,Rashmi Kaul,Hubli,Karnataka,Vodafone Idea,Mobile,0
+919382644621,Archana Bhat,Kolkata,West Bengal,Airtel,Mobile,0
+919886760195,Jyoti Tripathi,Thane,Maharashtra,Airtel,Mobile,0
+919698277682,Shalini Saxena,Gurugram,Haryana,Jio,Mobile,0
+919165717432,Gaurav Ghosh,Belgaum,Karnataka,Vodafone Idea,Mobile,0
+917055346502,Meera Khanna,Agra,Uttar Pradesh,BSNL,Mobile,0
+916315342762,Pari Parmar,Raipur,Chhattisgarh,Vodafone Idea,Mobile,0
+917313230322,Pooja Pai,Kochi,Kerala,Airtel,Mobile,0
+916376106069,Rachna Dar,Belgaum,Karnataka,Jio,Mobile,0
+916250963930,Pankaj Bose,Kochi,Kerala,Airtel,Mobile,0
+917563925433,Brijesh Chauhan,Tiruchirappalli,Tamil Nadu,BSNL,Mobile,0
+919021466562,Dinesh Iyer,Tiruchirappalli,Tamil Nadu,Airtel,Mobile,0
+916333940362,Satish Tiwari,Mysore,Karnataka,Jio,Mobile,0
+917965724476,Geeta Rajput,Vadodara,Gujarat,Jio,Mobile,0
+919264898255,Aarav Tripathi,Chandigarh,Punjab,Vodafone Idea,Mobile,0
+918280942611,Reema Patel,Bangalore,Karnataka,Vodafone Idea,Mobile,0
+918652294135,Harpreet Wani,Thiruvananthapuram,Kerala,BSNL,Mobile,0
+918784970757,Swapna Reddy,Ranchi,Jharkhand,BSNL,Mobile,0
+918831179007,Kishan Gogoi,Kochi,Kerala,Airtel,Mobile,0
+919823964182,Krishna Chauhan,Coimbatore,Tamil Nadu,Vodafone Idea,Mobile,0
+918416244385,Sandeep Chatterjee,Salem,Tamil Nadu,Vodafone Idea,Mobile,0
+918343963119,Geeta Tandon,Jabalpur,Madhya Pradesh,Airtel,Mobile,0
+918485051166,Kavita Mehra,Tiruchirappalli,Tamil Nadu,Vodafone Idea,Mobile,0
+919966529314,Sandeep Sethi,Coimbatore,Tamil Nadu,BSNL,Mobile,0
+917145168822,Vinod Mehra,Jodhpur,Rajasthan,Jio,Mobile,0
+918862925921,Krishna Mir,Bhopal,Madhya Pradesh,BSNL,Mobile,0
+919251869150,Radha Singh,Jabalpur,Madhya Pradesh,BSNL,Mobile,0
+919911027996,Sukhpreet Saxena,Indore,Madhya Pradesh,Airtel,Mobile,0
+916381848951,Vandana Pant,Guwahati,Assam,Airtel,Mobile,0
+918580557820,Lalit Arora,Kanpur,Uttar Pradesh,Airtel,Mobile,0
+919284347907,Tushar Kamath,Kolkata,West Bengal,BSNL,Mobile,0
+919779415219,Sunanda Pant,Jabalpur,Madhya Pradesh,BSNL,Mobile,0
+917235197180,Sandeep Raina,Udaipur,Rajasthan,BSNL,Mobile,0
+919810154645,Nikhil Rao,Ranchi,Jharkhand,Jio,Mobile,0
+917642794742,Kuldeep Chakraborty,Ranchi,Jharkhand,Airtel,Mobile,0
+918088427230,Shikha Pillai,Lucknow,Uttar Pradesh,Vodafone Idea,Mobile,0
+917377886183,Karun Talwar,Chandigarh,Punjab,Jio,Mobile,0
+916180366324,Pradeep Saikia,Pune,Maharashtra,Jio,Mobile,0
+917855747818,Satish Biswas,Nashik,Maharashtra,BSNL,Mobile,0
+918424021254,Jyoti Tandon,Dehradun,Uttarakhand,Jio,Mobile,0
+919460082761,Savita Mehra,Salem,Tamil Nadu,Airtel,Mobile,0
+918335398254,Karun Dubey,Faridabad,Haryana,Jio,Mobile,0
+916318728446,Kabir Bisht,Bhubaneswar,Odisha,BSNL,Mobile,0
+917236432830,Umesh Banerjee,Faridabad,Haryana,Jio,Mobile,0
+918936105625,Lokesh Gupta,Guwahati,Assam,Vodafone Idea,Mobile,0
+919545959095,Karthik Negi,Salem,Tamil Nadu,Airtel,Mobile,0
+919686751946,Aditya Malhotra,Vadodara,Gujarat,Vodafone Idea,Mobile,0
+917628512127,Sachin Mehra,Madurai,Tamil Nadu,Jio,Mobile,0
+917414782558,Aadhya Wani,Allahabad,Uttar Pradesh,Jio,Mobile,0
+918668212742,Ramesh Pillai,Kolkata,West Bengal,Jio,Mobile,0
+919436557283,Naman Kumar,Bangalore,Karnataka,Vodafone Idea,Mobile,0
+918890178917,Tejinder Thakur,Bangalore,Karnataka,BSNL,Mobile,0
+918245336676,Kiran Jadeja,Thiruvananthapuram,Kerala,Jio,Mobile,0
+919276459782,Swapna Khare,Noida,Uttar Pradesh,Airtel,Mobile,0
+917060461712,Yash Sarkar,Thiruvananthapuram,Kerala,Jio,Mobile,0
+918099949515,Raman Warrier,Lucknow,Uttar Pradesh,Vodafone Idea,Mobile,0
+918014957422,Manish Mandal,Delhi,Delhi,Vodafone Idea,Mobile,0
+919672557140,Dinesh Iyer,Madurai,Tamil Nadu,Vodafone Idea,Mobile,0
+919295801055,Uma Raina,Mangalore,Karnataka,Jio,Mobile,0
+918319327856,Vinita Negi,Kochi,Kerala,Vodafone Idea,Mobile,0
+919137061034,Karthik Nair,Delhi,Delhi,BSNL,Mobile,0
+916260935557,Diya Pawar,Jaipur,Rajasthan,Airtel,Mobile,0
+919654979152,Ashish Pawar,Guwahati,Assam,Jio,Mobile,0
+917641389158,Mahesh Verma,Mangalore,Karnataka,BSNL,Mobile,0
+918463293200,Naman Kumar,Hyderabad,Telangana,Jio,Mobile,0
+919880581561,Hitesh Patel,Bhubaneswar,Odisha,BSNL,Mobile,0
+919029965092,Sneha Iyer,Ranchi,Jharkhand,Airtel,Mobile,0
+918253877076,Pankaj Deshmukh,Delhi,Delhi,Airtel,Mobile,0
+917051856017,Lakshmi Thakur,Bhubaneswar,Odisha,Jio,Mobile,0
+919426179816,Anvi Shah,Thiruvananthapuram,Kerala,Vodafone Idea,Mobile,0
+917037833559,Smita Chauhan,Jammu,Jammu & Kashmir,Jio,Mobile,0
+918464032592,Arun Tripathi,Ahmedabad,Gujarat,Jio,Mobile,0
+917241507637,Aanya Singhal,Gurugram,Haryana,BSNL,Mobile,0
+916197317331,Manju Kaul,Visakhapatnam,Andhra Pradesh,BSNL,Mobile,0
+918956589272,Vinod Saikia,Tiruchirappalli,Tamil Nadu,Vodafone Idea,Mobile,0
+917237855771,Sandeep Negi,Lucknow,Uttar Pradesh,Jio,Mobile,0
+918161953442,Aarohi Pant,Indore,Madhya Pradesh,Vodafone Idea,Mobile,0
+919250148916,Mukul Ahuja,Nashik,Maharashtra,Airtel,Mobile,0
+917231755344,Brijesh Talwar,Jodhpur,Rajasthan,Jio,Mobile,0
+919158326135,Ayaan Nair,Navi Mumbai,Maharashtra,Airtel,Mobile,0
+918615314319,Lokesh Thakur,Faridabad,Haryana,Airtel,Mobile,0
+918380574029,Harish Pandey,Ludhiana,Punjab,Airtel,Mobile,0
+917330376092,Umesh Sethi,Madurai,Tamil Nadu,Jio,Mobile,0
+917325060370,Sumit Modi,Ahmedabad,Gujarat,Jio,Mobile,0
+918746677319,Kishan Sen,Lucknow,Uttar Pradesh,Jio,Mobile,0
+919444007421,Anjali Mehta,Ghaziabad,Uttar Pradesh,BSNL,Mobile,0
+918280183126,Sanjay Yadav,Guwahati,Assam,Jio,Mobile,0
+916265950176,Sandeep Pawar,Lucknow,Uttar Pradesh,Vodafone Idea,Mobile,0
+919330534067,Sumit Desai,Gwalior,Madhya Pradesh,BSNL,Mobile,0
+917616519778,Sushma Negi,Ranchi,Jharkhand,Jio,Mobile,0
+918499106927,Vandana Malhotra,Salem,Tamil Nadu,BSNL,Mobile,0
+919941711691,Uma Tripathi,Hubli,Karnataka,Vodafone Idea,Mobile,0
+918122906759,Sanjiv Tiwari,Chennai,Tamil Nadu,BSNL,Mobile,0
+917015040644,Rahul Gogoi,Mangalore,Karnataka,Jio,Mobile,0
+918882856426,Ayaan Shekhawat,Gwalior,Madhya Pradesh,Jio,Mobile,0
+917953529554,Anjali Barua,Navi Mumbai,Maharashtra,Airtel,Mobile,0
+919083334339,Vineet Khare,Bangalore,Karnataka,BSNL,Mobile,0
+917751590001,Reema Biswas,Gurugram,Haryana,Vodafone Idea,Mobile,0
+916347032749,Bhavna Ahuja,Madurai,Tamil Nadu,Airtel,Mobile,0
+919164329856,Arun Ghosh,Gwalior,Madhya Pradesh,BSNL,Mobile,0
+916084554111,Sneha Das,Gurugram,Haryana,BSNL,Mobile,0
+919517335705,Harpreet Banerjee,Madurai,Tamil Nadu,Jio,Mobile,0
+919122795416,Sara Agarwal,Gwalior,Madhya Pradesh,Airtel,Mobile,0
+919358824697,Neha Wani,Nagpur,Maharashtra,BSNL,Mobile,0
+919142558403,Rohan Iyer,Agra,Uttar Pradesh,Jio,Mobile,0
+918739775010,Savita Khare,Bhubaneswar,Odisha,BSNL,Mobile,0
+917021545788,Rakesh Gogoi,Rajkot,Gujarat,Airtel,Mobile,0
+919826721897,Aarush Rao,Amritsar,Punjab,Airtel,Mobile,0
+918367514949,Ashish Gogoi,Hyderabad,Telangana,Jio,Mobile,0
+919085915995,Arjun Sethi,Srinagar,Jammu & Kashmir,Airtel,Mobile,0
+919131966697,Neelam Suri,Udaipur,Rajasthan,Jio,Mobile,0
+917488700733,Rohan Warrier,Hubli,Karnataka,Jio,Mobile,0
+916365988190,Ansh Naidu,Jodhpur,Rajasthan,Jio,Mobile,0
+919147565131,Reyansh Agarwal,Salem,Tamil Nadu,Jio,Mobile,0
+917813027542,Ansh Jain,Kochi,Kerala,Jio,Mobile,0
+917954908968,Nisha More,Faridabad,Haryana,Jio,Mobile,0
+917170243515,Raman Bose,Salem,Tamil Nadu,Vodafone Idea,Mobile,0
+919767111086,Krishna Kamath,Bhubaneswar,Odisha,BSNL,Mobile,0
+916237983671,Sai Chopra,Pune,Maharashtra,BSNL,Mobile,0
+919315015136,Aanya Wani,Allahabad,Uttar Pradesh,Vodafone Idea,Mobile,0
+918526717251,Ishaan Kurup,Thane,Maharashtra,Jio,Mobile,0
+917463548618,Arjun Pandey,Raipur,Chhattisgarh,Airtel,Mobile,0
+919153075825,Nitesh Solanki,Ahmedabad,Gujarat,Jio,Mobile,0
+916186652611,Sushma Wani,Gwalior,Madhya Pradesh,Jio,Mobile,0
+918566274751,Neha Sharma,Noida,Uttar Pradesh,Jio,Mobile,0
+918813361417,Neelam Wani,Shimla,Himachal Pradesh,Airtel,Mobile,0
+919627427269,Ayaan Iyer,Raipur,Chhattisgarh,Vodafone Idea,Mobile,0
+918654354214,Deepa Kumar,Navi Mumbai,Maharashtra,Jio,Mobile,0
+919090920278,Mohit Nair,Guwahati,Assam,Vodafone Idea,Mobile,0
+918946400708,Mukul Pant,Kolkata,West Bengal,Vodafone Idea,Mobile,0
+917582016708,Naresh Hegde,Mysore,Karnataka,Vodafone Idea,Mobile,0
+916367923287,Poonam Kaul,Hyderabad,Telangana,Vodafone Idea,Mobile,0
+919773686521,Advik Kumar,Thane,Maharashtra,Vodafone Idea,Mobile,0
+919146553132,Gurpreet Dhawan,Vadodara,Gujarat,Vodafone Idea,Mobile,0
+916073656110,Sachin Sharma,Nashik,Maharashtra,Vodafone Idea,Mobile,0
+918849472913,Kavita Chauhan,Coimbatore,Tamil Nadu,Vodafone Idea,Mobile,0
+918077783789,Alpesh Mishra,Allahabad,Uttar Pradesh,Airtel,Mobile,0
+916393209451,Sachin Dubey,Tiruchirappalli,Tamil Nadu,BSNL,Mobile,0
+919049499841,Sanjiv Dar,Gurugram,Haryana,Airtel,Mobile,0
+917433532987,Kavita Pawar,Belgaum,Karnataka,BSNL,Mobile,0
+917320461257,Anita Rajput,Tiruchirappalli,Tamil Nadu,Jio,Mobile,0
+918230635679,Sohan Jain,Ghaziabad,Uttar Pradesh,Airtel,Mobile,0
+918555439463,Archana Agarwal,Nashik,Maharashtra,Jio,Mobile,0
+917084224894,Sai More,Chennai,Tamil Nadu,Airtel,Mobile,0
+917252073249,Suresh Mehra,Tiruchirappalli,Tamil Nadu,Airtel,Mobile,0
+919023124433,Sapna Pandey,Patna,Bihar,Jio,Mobile,0
+919194566200,Suresh Ghosh,Kolkata,West Bengal,BSNL,Mobile,0
+916175894921,Aarush Pant,Vadodara,Gujarat,Airtel,Mobile,0
+919479776689,Smita Singh,Kanpur,Uttar Pradesh,Vodafone Idea,Mobile,0
+919288774403,Rudra Tripathi,Udaipur,Rajasthan,Jio,Mobile,0
+918610357303,Rekha Ahuja,Jaipur,Rajasthan,BSNL,Mobile,0
+917510119614,Seema Chauhan,Ahmedabad,Gujarat,Vodafone Idea,Mobile,0
+917015991113,Aarav Deshmukh,Jabalpur,Madhya Pradesh,Jio,Mobile,0
+919444005563,Sushma Nair,Raipur,Chhattisgarh,BSNL,Mobile,0
+917837338402,Archana Dar,Vijayawada,Andhra Pradesh,Vodafone Idea,Mobile,0
+918588388047,Meera Goyal,Indore,Madhya Pradesh,BSNL,Mobile,0
+919126871918,Advik Chauhan,Surat,Gujarat,BSNL,Mobile,0
+918765144835,Rohit Banerjee,Salem,Tamil Nadu,Jio,Mobile,0
+919623333773,Reshma Kumar,Kochi,Kerala,Vodafone Idea,Mobile,0
+919510975246,Neelam Iyer,Aurangabad,Maharashtra,Jio,Mobile,0
+917313073839,Pavan Mukherjee,Raipur,Chhattisgarh,BSNL,Mobile,0
+919813961011,Arun Khare,Aurangabad,Maharashtra,BSNL,Mobile,0
+918847264754,Rohit Jain,Surat,Gujarat,BSNL,Mobile,0
+916150844096,Savita Raina,Mysore,Karnataka,Jio,Mobile,0
+919451204679,Mukesh Jadeja,Rajkot,Gujarat,Airtel,Mobile,0
+916272393859,Shalini Kapoor,Bhubaneswar,Odisha,BSNL,Mobile,0
+917298548975,Chetan Nair,Ranchi,Jharkhand,Airtel,Mobile,0
+916198402488,Girish Sethi,Dehradun,Uttarakhand,Vodafone Idea,Mobile,0
+919034486671,Sapna Gupta,Nashik,Maharashtra,Vodafone Idea,Mobile,0
+917226568495,Amita Ghosh,Lucknow,Uttar Pradesh,Airtel,Mobile,0
+917458445043,Myra Patil,Noida,Uttar Pradesh,Airtel,Mobile,0
+919476050932,Tejinder Singh,Rajkot,Gujarat,BSNL,Mobile,0
+918548184264,Amita Choudhary,Jaipur,Rajasthan,Vodafone Idea,Mobile,0
+918278947271,Bhavna Garg,Agra,Uttar Pradesh,BSNL,Mobile,0
+919629987619,Mukesh Chauhan,Ahmedabad,Gujarat,Airtel,Mobile,0
+917470575652,Yogesh Pant,Kolkata,West Bengal,Jio,Mobile,0
+919960733376,Nitesh Saikia,Allahabad,Uttar Pradesh,BSNL,Mobile,0
+917495675189,Ajay Sharma,Surat,Gujarat,BSNL,Mobile,0
+917514753428,Rashmi Menon,Mangalore,Karnataka,Vodafone Idea,Mobile,0
+918156537012,Jaspreet Gupta,Kanpur,Uttar Pradesh,Airtel,Mobile,0
+917927170691,Anjali Chatterjee,Allahabad,Uttar Pradesh,BSNL,Mobile,0
+917986494174,Rajeev Bose,Dehradun,Uttarakhand,Vodafone Idea,Mobile,0
+916381780457,Advik Warrier,Delhi,Delhi,Vodafone Idea,Mobile,0
+918153306491,Kunal Mishra,Varanasi,Uttar Pradesh,BSNL,Mobile,0
+917480991318,Advik Mehra,Dehradun,Uttarakhand,BSNL,Mobile,0
+917766222439,Savita Pant,Aurangabad,Maharashtra,Airtel,Mobile,0
+917867126304,Ajay Pant,Agra,Uttar Pradesh,BSNL,Mobile,0
+919114335352,Aarohi Talwar,Amritsar,Punjab,Vodafone Idea,Mobile,0
+919629898096,Amita Agarwal,Amritsar,Punjab,Vodafone Idea,Mobile,0
+916053675416,Ravi Mehta,Tiruchirappalli,Tamil Nadu,BSNL,Mobile,0
+918735505644,Tushar Shekhawat,Vijayawada,Andhra Pradesh,Airtel,Mobile,0
+919016157483,Nitin Bajaj,Noida,Uttar Pradesh,Vodafone Idea,Mobile,0
+917583462122,Suresh Dubey,Patna,Bihar,Airtel,Mobile,0
+916039589939,Amanpreet Desai,Kochi,Kerala,Airtel,Mobile,0
+918734354496,Jyoti Saxena,Hubli,Karnataka,Airtel,Mobile,0
+919490070745,Deepak Chakraborty,Ranchi,Jharkhand,Jio,Mobile,0
+917597440208,Sunanda Pai,Jaipur,Rajasthan,BSNL,Mobile,0
+919438618929,Naresh Chauhan,Indore,Madhya Pradesh,Airtel,Mobile,0
+919585157907,Neelam Shetty,Kolkata,West Bengal,Vodafone Idea,Mobile,0
+918890881266,Sachin Agarwal,Kolkata,West Bengal,Jio,Mobile,0
+917984170812,Sunil Dey,Salem,Tamil Nadu,Jio,Mobile,0
+917231957994,Preeti Pawar,Nashik,Maharashtra,Vodafone Idea,Mobile,0
+918534610484,Anjali Mir,Srinagar,Jammu & Kashmir,Jio,Mobile,0
+918178973375,Rekha Dhawan,Ahmedabad,Gujarat,BSNL,Mobile,0
+918347772624,Shaurya Suri,Lucknow,Uttar Pradesh,BSNL,Mobile,0
+917128480758,Reshma Bhat,Bangalore,Karnataka,BSNL,Mobile,0
+917238346553,Seema Shekhawat,Amritsar,Punjab,BSNL,Mobile,0
+917689166348,Rajesh Mukherjee,Bangalore,Karnataka,Airtel,Mobile,0
+916371921364,Pradeep Menon,Mysore,Karnataka,Airtel,Mobile,0
+918529995811,Dinesh Mitra,Navi Mumbai,Maharashtra,Jio,Mobile,0
+917062569084,Chetan Thakur,Ranchi,Jharkhand,Airtel,Mobile,0
+918735590912,Aanya Barua,Navi Mumbai,Maharashtra,Jio,Mobile,0
+917927818063,Vinita Dey,Ahmedabad,Gujarat,Jio,Mobile,0
+918873285026,Aanya Saxena,Mysore,Karnataka,Airtel,Mobile,0
+919530097556,Sandeep Bisht,Mysore,Karnataka,Jio,Mobile,0
+917126775198,Usha Chakraborty,Guwahati,Assam,Airtel,Mobile,0
+917527083589,Mohan Ghosh,Srinagar,Jammu & Kashmir,Vodafone Idea,Mobile,0
+917236159905,Pradeep Gupta,Jodhpur,Rajasthan,Airtel,Mobile,0
+918028855971,Swati Negi,Nashik,Maharashtra,Jio,Mobile,0
+919296341900,Dinesh Paul,Vijayawada,Andhra Pradesh,Airtel,Mobile,0
+919322893583,Karthik Chakraborty,Bangalore,Karnataka,Airtel,Mobile,0
+916312506745,Anvi Warrier,Ahmedabad,Gujarat,Jio,Mobile,0
+919735987398,Bhavna Wani,Hyderabad,Telangana,Jio,Mobile,0
+918275420607,Smita Tomar,Mangalore,Karnataka,Vodafone Idea,Mobile,0
+917075937891,Lalit Desai,Noida,Uttar Pradesh,Airtel,Mobile,0
+916155155826,Rahul Mishra,Varanasi,Uttar Pradesh,Vodafone Idea,Mobile,0
+918373572838,Reyansh Goyal,Chandigarh,Punjab,Jio,Mobile,0
+918529559942,Reshma Singh,Kochi,Kerala,BSNL,Mobile,0
+919361249491,Swapna Sharma,Indore,Madhya Pradesh,Jio,Mobile,0
+919227415193,Vijay Thakur,Jodhpur,Rajasthan,Vodafone Idea,Mobile,0
+916032975958,Ritesh Dhawan,Jabalpur,Madhya Pradesh,Airtel,Mobile,0
+918692700163,Anita Hegde,Rajkot,Gujarat,Airtel,Mobile,0
+917010809367,Gurpreet Patel,Surat,Gujarat,Jio,Mobile,0
+917457117061,Yogesh Pant,Gurugram,Haryana,Vodafone Idea,Mobile,0
+919899656217,Sanjay Pandey,Delhi,Delhi,Vodafone Idea,Mobile,0
+918493019543,Sachin Chopra,Tiruchirappalli,Tamil Nadu,BSNL,Mobile,0
+918669582619,Lalita Iyer,Thane,Maharashtra,Jio,Mobile,0
+919557431220,Ayaan Shetty,Gwalior,Madhya Pradesh,Vodafone Idea,Mobile,0
+917875582031,Mukul Kapoor,Salem,Tamil Nadu,Vodafone Idea,Mobile,0
+918375079550,Shalini Pawar,Navi Mumbai,Maharashtra,Jio,Mobile,0
+919585600140,Usha Roy,Gwalior,Madhya Pradesh,Airtel,Mobile,0
+917267586750,Sukhpreet Bhatia,Mysore,Karnataka,Vodafone Idea,Mobile,0
+916035568880,Nikhil Mishra,Jabalpur,Madhya Pradesh,Jio,Mobile,0
+919437271641,Kuldeep Biswas,Surat,Gujarat,Vodafone Idea,Mobile,0
+918684980339,Jyoti Bajaj,Patna,Bihar,Vodafone Idea,Mobile,0
+919934210841,Sai Mitra,Madurai,Tamil Nadu,BSNL,Mobile,0
+917521404792,Gaurav Khare,Jaipur,Rajasthan,Vodafone Idea,Mobile,0
+918780043651,Sunanda Hegde,Kanpur,Uttar Pradesh,Airtel,Mobile,0
+919280914514,Girish Khanna,Gurugram,Haryana,BSNL,Mobile,0
+916296613076,Rekha Rawat,Jaipur,Rajasthan,Airtel,Mobile,0
+917884922492,Jayesh Solanki,Thane,Maharashtra,BSNL,Mobile,0
+919499587037,Sunanda Khare,Faridabad,Haryana,BSNL,Mobile,0
+916243298456,Anvi Arora,Rajkot,Gujarat,Vodafone Idea,Mobile,0
+917614127102,Vikram Dey,Ludhiana,Punjab,Vodafone Idea,Mobile,0
+918162909853,Myra Bora,Lucknow,Uttar Pradesh,BSNL,Mobile,0
+918021622304,Ayaan Dey,Vadodara,Gujarat,Jio,Mobile,0
+917811490841,Sukhpreet Dubey,Gurugram,Haryana,Jio,Mobile,0
+919729300288,Pradeep Tripathi,Mysore,Karnataka,Jio,Mobile,0
+919937885297,Rekha Sarkar,Surat,Gujarat,BSNL,Mobile,0
+919354700943,Shravan Suri,Mumbai,Maharashtra,Jio,Mobile,0
+918088362289,Lakshmi Tripathi,Vadodara,Gujarat,Jio,Mobile,0
+918581252274,Deepa Kulkarni,Ghaziabad,Uttar Pradesh,BSNL,Mobile,0
+919254691600,Neha Solanki,Jammu,Jammu & Kashmir,Jio,Mobile,0
+917165903261,Priya Mehra,Thane,Maharashtra,Jio,Mobile,0
+916071417818,Navpreet Chauhan,Faridabad,Haryana,Jio,Mobile,0
+919143159766,Vipul Warrier,Jaipur,Rajasthan,Vodafone Idea,Mobile,0
+919711505997,Asha Joshi,Vadodara,Gujarat,Jio,Mobile,0
+918469038888,Simran Biswas,Aurangabad,Maharashtra,Vodafone Idea,Mobile,0
+918514811445,Naveen Rajput,Nashik,Maharashtra,Airtel,Mobile,0
+917420930255,Sarita Naidu,Thane,Maharashtra,Vodafone Idea,Mobile,0
+917614529465,Ritu Vaghela,Delhi,Delhi,Airtel,Mobile,0
+917140714409,Sushma Sen,Ghaziabad,Uttar Pradesh,BSNL,Mobile,0
+919063689170,Kabir Dhawan,Rajkot,Gujarat,Vodafone Idea,Mobile,0
+917541397453,Shaurya Chauhan,Thane,Maharashtra,Vodafone Idea,Mobile,0
+918699971328,Smita Suri,Shimla,Himachal Pradesh,Airtel,Mobile,0
+919564735254,Jaspreet Kumar,Kolkata,West Bengal,BSNL,Mobile,0
+917953472971,Seema Arora,Lucknow,Uttar Pradesh,BSNL,Mobile,0
+919356895309,Swati Rathore,Ranchi,Jharkhand,Jio,Mobile,0
+916035404850,Lakhan Khanna,Ranchi,Jharkhand,Jio,Mobile,0
+919012335119,Pradeep Chauhan,Jammu,Jammu & Kashmir,Vodafone Idea,Mobile,0
+918314555122,Simran Patel,Jodhpur,Rajasthan,Jio,Mobile,0
+919536365544,Ramesh Gupta,Ranchi,Jharkhand,BSNL,Mobile,0
+916169567575,Lakshmi Jadhav,Jammu,Jammu & Kashmir,Vodafone Idea,Mobile,0
+917259143993,Ganesh Kumar,Delhi,Delhi,BSNL,Mobile,0
+918146111188,Gurpreet Jain,Jabalpur,Madhya Pradesh,BSNL,Mobile,0
+917758494187,Gurpreet Kulkarni,Kolkata,West Bengal,Vodafone Idea,Mobile,0
+918224551083,Ashish Arora,Nagpur,Maharashtra,BSNL,Mobile,0
+918910365576,Ritu Raina,Lucknow,Uttar Pradesh,Jio,Mobile,0
+917044344707,Sarita Dutta,Allahabad,Uttar Pradesh,Jio,Mobile,0
+919787359838,Harish Yadav,Shimla,Himachal Pradesh,Vodafone Idea,Mobile,0
+918157072869,Amit Biswas,Salem,Tamil Nadu,Jio,Mobile,0
+918472435532,Shalini Mir,Kanpur,Uttar Pradesh,Airtel,Mobile,0
+918688179053,Advik Jadhav,Raipur,Chhattisgarh,Airtel,Mobile,0
+917454180197,Lalita Rawat,Shimla,Himachal Pradesh,Vodafone Idea,Mobile,0
+919585650419,Diya Mishra,Bhopal,Madhya Pradesh,Vodafone Idea,Mobile,0
+919091709671,Vishal Vaghela,Srinagar,Jammu & Kashmir,Airtel,Mobile,0
+917710825808,Anjali Pandey,Nashik,Maharashtra,Airtel,Mobile,0
+918084506562,Deepa Bisht,Patna,Bihar,Jio,Mobile,0
+918152921387,Rudra Mitra,Nagpur,Maharashtra,Vodafone Idea,Mobile,0
+919938111854,Aadhya Singh,Thane,Maharashtra,Vodafone Idea,Mobile,0
+918329002323,Preeti Roy,Jodhpur,Rajasthan,Jio,Mobile,0
+918785064485,Vijay Khanna,Rajkot,Gujarat,BSNL,Mobile,0
+919751611625,Uma Roy,Hyderabad,Telangana,Vodafone Idea,Mobile,0
+919259928204,Sapna Naidu,Patna,Bihar,Airtel,Mobile,0
+919081657361,Karun Kamath,Coimbatore,Tamil Nadu,BSNL,Mobile,0
+919072082775,Seema Mitra,Belgaum,Karnataka,Jio,Mobile,0
+919889164630,Atharv Singhal,Pune,Maharashtra,Vodafone Idea,Mobile,0
+918862287939,Namita Iyer,Allahabad,Uttar Pradesh,BSNL,Mobile,0
+919487677013,Vikram Barua,Jammu,Jammu & Kashmir,Vodafone Idea,Mobile,0
+916270436596,Sachin Dubey,Raipur,Chhattisgarh,Jio,Mobile,0
+919020806078,Lokesh Bhatia,Chandigarh,Punjab,Airtel,Mobile,0
+917465853867,Sanjay Mukherjee,Shimla,Himachal Pradesh,Vodafone Idea,Mobile,0
+918751642789,Geeta Kulkarni,Ludhiana,Punjab,Vodafone Idea,Mobile,0
+918158359091,Lalit Arora,Nashik,Maharashtra,Airtel,Mobile,0
+917674717353,Vihaan Mitra,Belgaum,Karnataka,Vodafone Idea,Mobile,0
+919787454515,Krishna Kaul,Dehradun,Uttarakhand,Vodafone Idea,Mobile,0
+917983177405,Jitesh Pandey,Salem,Tamil Nadu,Vodafone Idea,Mobile,0
+919057935576,Ayaan Chakraborty,Aurangabad,Maharashtra,Vodafone Idea,Mobile,0
+919953777853,Sunita Kamath,Vijayawada,Andhra Pradesh,Jio,Mobile,0
+919655627065,Hitesh Das,Jodhpur,Rajasthan,Vodafone Idea,Mobile,0
+917150920176,Vijay Yadav,Visakhapatnam,Andhra Pradesh,Airtel,Mobile,0
+917813523293,Puneet Bhat,Rajkot,Gujarat,BSNL,Mobile,0
+918467842100,Vijay Chopra,Varanasi,Uttar Pradesh,BSNL,Mobile,0
+919043908323,Aanya Gowda,Mysore,Karnataka,Jio,Mobile,0
+917777592253,Sachin Gupta,Varanasi,Uttar Pradesh,BSNL,Mobile,0
+917852286160,Ramesh Sharma,Gurugram,Haryana,Airtel,Mobile,0
+917158973446,Aanya Ahuja,Nashik,Maharashtra,Vodafone Idea,Mobile,0
+919476038810,Ritu Mandal,Tiruchirappalli,Tamil Nadu,BSNL,Mobile,0
+919867282146,Pradeep Garg,Srinagar,Jammu & Kashmir,Jio,Mobile,0
+919326714953,Poonam Bora,Dehradun,Uttarakhand,Airtel,Mobile,0
+918937416569,Pooja Warrier,Jabalpur,Madhya Pradesh,Jio,Mobile,0
+919098362542,Vihaan Khare,Varanasi,Uttar Pradesh,Jio,Mobile,0
+916296950135,Asha Bajaj,Aurangabad,Maharashtra,Airtel,Mobile,0
+919034223149,Jitesh Bose,Ludhiana,Punjab,BSNL,Mobile,0
+919687378215,Sunanda Sen,Varanasi,Uttar Pradesh,Jio,Mobile,0
+918474240088,Deepak Wani,Kochi,Kerala,Vodafone Idea,Mobile,0
+918215413797,Rohan Menon,Ghaziabad,Uttar Pradesh,Airtel,Mobile,0
+917270427929,Neelam Ahuja,Salem,Tamil Nadu,Jio,Mobile,0
+918369868451,Sunita Verma,Agra,Uttar Pradesh,Airtel,Mobile,0
+917139104431,Ritesh More,Madurai,Tamil Nadu,Jio,Mobile,0
+916326592128,Manoj Bisht,Gurugram,Haryana,BSNL,Mobile,0
+917196003281,Amanpreet Suri,Bhopal,Madhya Pradesh,Jio,Mobile,0
+916239300245,Manoj Barua,Ghaziabad,Uttar Pradesh,Vodafone Idea,Mobile,0
+919352338727,Nitesh Khanna,Bangalore,Karnataka,Vodafone Idea,Mobile,0
+919126284452,Karthik Naidu,Jabalpur,Madhya Pradesh,Airtel,Mobile,0
+917031877869,Meera Suri,Rajkot,Gujarat,BSNL,Mobile,0
+917695966481,Sohan Kapoor,Nagpur,Maharashtra,Airtel,Mobile,0
+918318041082,Manpreet Singhal,Udaipur,Rajasthan,Airtel,Mobile,0
+916350813337,Reyansh Ghosh,Chandigarh,Punjab,BSNL,Mobile,0
+916182808035,Ashish Raina,Mangalore,Karnataka,Jio,Mobile,0
+916153567303,Rahul Mehra,Faridabad,Haryana,BSNL,Mobile,0
+916271709881,Mukesh More,Jabalpur,Madhya Pradesh,Vodafone Idea,Mobile,0
+919136791615,Anita Vaghela,Agra,Uttar Pradesh,Airtel,Mobile,0
+917817578568,Archana Bhat,Vijayawada,Andhra Pradesh,BSNL,Mobile,0
+919462988908,Swati Dubey,Ranchi,Jharkhand,Vodafone Idea,Mobile,0
+919386289678,Swati Warrier,Jabalpur,Madhya Pradesh,BSNL,Mobile,0
+919897265257,Vipul Chopra,Chennai,Tamil Nadu,Airtel,Mobile,0
+919266202721,Jitesh Solanki,Indore,Madhya Pradesh,Jio,Mobile,0
+916054621338,Uma Reddy,Jaipur,Rajasthan,Vodafone Idea,Mobile,0
+919335587755,Sai Pai,Hyderabad,Telangana,Airtel,Mobile,0
+919316290342,Swati Mukherjee,Bhubaneswar,Odisha,Airtel,Mobile,0
+919719562352,Rashmi Rajput,Nagpur,Maharashtra,Vodafone Idea,Mobile,0
+917273022682,Vipul Pawar,Kochi,Kerala,BSNL,Mobile,0
+919326577952,Rudra Raina,Salem,Tamil Nadu,Airtel,Mobile,0
+917318037785,Ashish Jadeja,Rajkot,Gujarat,Jio,Mobile,0
+917836174064,Ishaan Paul,Jaipur,Rajasthan,Airtel,Mobile,0
+918330648128,Naveen Pai,Kanpur,Uttar Pradesh,Jio,Mobile,0
+918246916401,Sandeep Biswas,Gwalior,Madhya Pradesh,Airtel,Mobile,0
+917835140916,Sandeep Kapoor,Agra,Uttar Pradesh,BSNL,Mobile,0
+917171703546,Sunanda Shekhawat,Mysore,Karnataka,BSNL,Mobile,0
+917571373440,Rashmi Garg,Surat,Gujarat,BSNL,Mobile,0
+918091551566,Divya Gupta,Faridabad,Haryana,Airtel,Mobile,0
+917225829997,Reyansh Malhotra,Mangalore,Karnataka,Airtel,Mobile,0
+917237060438,Jyoti Chauhan,Jodhpur,Rajasthan,Jio,Mobile,0
+918055639932,Tarun Rathore,Agra,Uttar Pradesh,Vodafone Idea,Mobile,0
+916170611609,Arun Modi,Raipur,Chhattisgarh,BSNL,Mobile,0
+917674320140,Atharv Malhotra,Guwahati,Assam,Airtel,Mobile,0
+918921300966,Bhavna Jain,Kochi,Kerala,Airtel,Mobile,0
+919846838091,Girish Paul,Salem,Tamil Nadu,Airtel,Mobile,0
+919960570446,Tushar Kamath,Tiruchirappalli,Tamil Nadu,Vodafone Idea,Mobile,0
+916133229744,Reshma Naidu,Jaipur,Rajasthan,Vodafone Idea,Mobile,0
+918499983088,Rahul Shukla,Belgaum,Karnataka,Vodafone Idea,Mobile,0
+917199160605,Tejinder Chopra,Hyderabad,Telangana,Airtel,Mobile,0
+918369938228,Rashmi Rao,Agra,Uttar Pradesh,Jio,Mobile,0
+918195294889,Lakshmi Pai,Kolkata,West Bengal,Airtel,Mobile,0
+919661710697,Lokesh Mitra,Vijayawada,Andhra Pradesh,Vodafone Idea,Mobile,0
+919562822105,Sumit Shukla,Rajkot,Gujarat,Airtel,Mobile,0
+918312692390,Geeta Negi,Patna,Bihar,Airtel,Mobile,0
+917427918626,Ajay Khanna,Agra,Uttar Pradesh,Jio,Mobile,0
+919268287450,Usha Rajput,Delhi,Delhi,Jio,Mobile,0
+916131613015,Lakhan Dhawan,Guwahati,Assam,Jio,Mobile,0
+916292707930,Asha Chakraborty,Tiruchirappalli,Tamil Nadu,BSNL,Mobile,0
+919019004841,Sushma Chopra,Nagpur,Maharashtra,Jio,Mobile,0
+919291455834,Sunanda Mishra,Mumbai,Maharashtra,BSNL,Mobile,0
+917550599803,Jayesh Shah,Noida,Uttar Pradesh,Vodafone Idea,Mobile,0
+918852391716,Myra Pawar,Jammu,Jammu & Kashmir,Jio,Mobile,0
+916166733326,Shalini Parmar,Bhopal,Madhya Pradesh,BSNL,Mobile,0
+919361205217,Deepak Joshi,Thiruvananthapuram,Kerala,Airtel,Mobile,0
+918389410735,Sai Pillai,Shimla,Himachal Pradesh,Airtel,Mobile,0
+918141627565,Aarohi Shah,Chennai,Tamil Nadu,Airtel,Mobile,0
+919028456846,Suresh Kurup,Ranchi,Jharkhand,Jio,Mobile,0
+919219612756,Gurpreet Barua,Hubli,Karnataka,Vodafone Idea,Mobile,0
+919837246630,Rekha Chatterjee,Vadodara,Gujarat,BSNL,Mobile,0
+918775007155,Smita Rajput,Kolkata,West Bengal,BSNL,Mobile,0
+918211813225,Reyansh Kamath,Belgaum,Karnataka,BSNL,Mobile,0
+918437091893,Swati Sethi,Navi Mumbai,Maharashtra,Jio,Mobile,0
+917050314261,Ayaan Wani,Nagpur,Maharashtra,Airtel,Mobile,0
+917979468583,Amit Chatterjee,Ghaziabad,Uttar Pradesh,Jio,Mobile,0
+918947308428,Aarohi Rao,Mangalore,Karnataka,Jio,Mobile,0
+919410048823,Rekha Das,Nagpur,Maharashtra,BSNL,Mobile,0
+917437280261,Manju Iyer,Visakhapatnam,Andhra Pradesh,Jio,Mobile,0
+918898522047,Amita Bhatia,Raipur,Chhattisgarh,Jio,Mobile,0
+916263681706,Sara Shah,Jaipur,Rajasthan,Jio,Mobile,0
+919788962217,Amanpreet Saikia,Guwahati,Assam,Vodafone Idea,Mobile,0
+916053326813,Amit Das,Varanasi,Uttar Pradesh,BSNL,Mobile,0
+918947653964,Mohit Chakraborty,Amritsar,Punjab,BSNL,Mobile,0
+917467785699,Amanpreet Suri,Chennai,Tamil Nadu,Airtel,Mobile,0
+919061994417,Jyoti Dubey,Ghaziabad,Uttar Pradesh,Airtel,Mobile,0
+919480398754,Anvi Mathur,Chennai,Tamil Nadu,BSNL,Mobile,0
+918793413308,Sarita Sethi,Shimla,Himachal Pradesh,Jio,Mobile,0
+917844841578,Rekha Parmar,Jabalpur,Madhya Pradesh,Airtel,Mobile,0
+917070291203,Yogesh Dar,Raipur,Chhattisgarh,Airtel,Mobile,0
+917956161151,Shikha Mehra,Kolkata,West Bengal,BSNL,Mobile,0
+918698687582,Aarush Patel,Gwalior,Madhya Pradesh,Vodafone Idea,Mobile,0
+919610102937,Reema Garg,Kochi,Kerala,Airtel,Mobile,0
+917220636045,Dinesh Tandon,Vadodara,Gujarat,Airtel,Mobile,0
+917528406706,Aanya Paul,Indore,Madhya Pradesh,BSNL,Mobile,0
+919921470529,Bhavna Agarwal,Varanasi,Uttar Pradesh,Airtel,Mobile,0
+917029948729,Lalit Khare,Noida,Uttar Pradesh,Vodafone Idea,Mobile,0
+917576302577,Kiran Menon,Vijayawada,Andhra Pradesh,Jio,Mobile,0
+918343056628,Lakshmi Das,Udaipur,Rajasthan,BSNL,Mobile,0
+919455089103,Anvi Sen,Agra,Uttar Pradesh,Airtel,Mobile,0
+919087175393,Hitesh Mukherjee,Chennai,Tamil Nadu,Airtel,Mobile,0
+917188660701,Nisha Mukherjee,Chandigarh,Punjab,Vodafone Idea,Mobile,0
+918992274080,Tejinder Shinde,Ranchi,Jharkhand,Airtel,Mobile,0
+916367812702,Vikram Parmar,Guwahati,Assam,Airtel,Mobile,0
+919437589096,Sneha Kaul,Jammu,Jammu & Kashmir,BSNL,Mobile,0
+916283166970,Nisha Banerjee,Bhubaneswar,Odisha,Vodafone Idea,Mobile,0
+917717319130,Aarav Chauhan,Ranchi,Jharkhand,Airtel,Mobile,0
+916370480036,Neelam Chatterjee,Delhi,Delhi,Vodafone Idea,Mobile,0
+919883930829,Sara Mir,Gurugram,Haryana,Jio,Mobile,0
+916012480549,Asha Mathur,Dehradun,Uttarakhand,Vodafone Idea,Mobile,0
+918765994933,Mukul Jadeja,Indore,Madhya Pradesh,BSNL,Mobile,0
+916213078442,Pari Pillai,Kolkata,West Bengal,BSNL,Mobile,0
+918548323300,Sanjiv Pant,Patna,Bihar,Jio,Mobile,0
+916362400829,Satish Dey,Lucknow,Uttar Pradesh,Airtel,Mobile,0
+919845328076,Uma Kulkarni,Nagpur,Maharashtra,Jio,Mobile,0
+919798633828,Preeti Kamath,Guwahati,Assam,Vodafone Idea,Mobile,0
+917667986093,Swapna Chauhan,Visakhapatnam,Andhra Pradesh,Airtel,Mobile,0
+919767641299,Manoj Tripathi,Tiruchirappalli,Tamil Nadu,Jio,Mobile,0
+919897008313,Rahul Shekhawat,Chennai,Tamil Nadu,Jio,Mobile,0
+919025465853,Poonam Malhotra,Chennai,Tamil Nadu,Airtel,Mobile,0
+919044520115,Sarita Bhat,Hubli,Karnataka,Vodafone Idea,Mobile,0
+917285308673,Anika Mitra,Jammu,Jammu & Kashmir,Jio,Mobile,0
+916320253028,Savita Jadhav,Varanasi,Uttar Pradesh,Airtel,Mobile,0
+916196294313,Swapna Jain,Chennai,Tamil Nadu,BSNL,Mobile,0
+918446712700,Pooja Rawat,Guwahati,Assam,Vodafone Idea,Mobile,0
+916169518444,Karun Naidu,Gurugram,Haryana,Vodafone Idea,Mobile,0
+917874039214,Sachin Negi,Visakhapatnam,Andhra Pradesh,Jio,Mobile,0
+916124662523,Vinita Paul,Vadodara,Gujarat,Jio,Mobile,0
+917996968924,Reema Kulkarni,Ludhiana,Punjab,BSNL,Mobile,0
+918295492600,Naresh Menon,Aurangabad,Maharashtra,BSNL,Mobile,0
+917451901220,Garima Raina,Mangalore,Karnataka,Airtel,Mobile,0
+917336302586,Nisha Biswas,Faridabad,Haryana,Vodafone Idea,Mobile,0
+916371210958,Aadhya Malhotra,Patna,Bihar,Vodafone Idea,Mobile,0
+918545296732,Divya Biswas,Chennai,Tamil Nadu,Jio,Mobile,0
+918197487767,Lakshmi Rawat,Nashik,Maharashtra,Vodafone Idea,Mobile,0
+917881303240,Sara Dar,Vadodara,Gujarat,Airtel,Mobile,0
+918090639498,Myra Pai,Allahabad,Uttar Pradesh,Vodafone Idea,Mobile,0
+917461851746,Myra Tripathi,Ranchi,Jharkhand,BSNL,Mobile,0
+919714687225,Sunanda Jadeja,Kochi,Kerala,BSNL,Mobile,0
+917342896316,Sunanda Hegde,Coimbatore,Tamil Nadu,BSNL,Mobile,0
+919698917063,Sukhpreet Saxena,Hubli,Karnataka,Vodafone Idea,Mobile,0
+917067385220,Archana Sen,Bhubaneswar,Odisha,Airtel,Mobile,0
+918210697991,Sachin Naidu,Hyderabad,Telangana,BSNL,Mobile,0
+919260868348,Arun Gogoi,Lucknow,Uttar Pradesh,Airtel,Mobile,0
+919553633863,Manpreet Sethi,Rajkot,Gujarat,Vodafone Idea,Mobile,0
+917553835316,Vinita Mukherjee,Mysore,Karnataka,BSNL,Mobile,0
+918973062165,Vihaan Hegde,Navi Mumbai,Maharashtra,BSNL,Mobile,0
+917683273924,Satish Gowda,Hyderabad,Telangana,Vodafone Idea,Mobile,0
+919231665101,Vikram Shah,Faridabad,Haryana,Airtel,Mobile,0
+916232563677,Suresh Roy,Jodhpur,Rajasthan,Airtel,Mobile,0
+919653455906,Swati Mehta,Gurugram,Haryana,BSNL,Mobile,0
+918461524294,Mukesh Mishra,Chandigarh,Punjab,BSNL,Mobile,0
+919884985804,Anika Patel,Salem,Tamil Nadu,Jio,Mobile,0
+917422546581,Rudra Gupta,Agra,Uttar Pradesh,BSNL,Mobile,0
+917956601250,Sandeep Shinde,Kochi,Kerala,Jio,Mobile,0
+918134553517,Sukhpreet Vaghela,Mumbai,Maharashtra,BSNL,Mobile,0
+918915847959,Diya Bisht,Nashik,Maharashtra,Jio,Mobile,0
+917864918936,Lokesh Kurup,Ludhiana,Punjab,BSNL,Mobile,0
+916150527642,Radha Shinde,Nashik,Maharashtra,Airtel,Mobile,0
+917125186110,Rajeev Gupta,Salem,Tamil Nadu,Jio,Mobile,0
+919969538313,Ritesh Verma,Amritsar,Punjab,BSNL,Mobile,0
+917284416240,Amita Ahuja,Ghaziabad,Uttar Pradesh,Airtel,Mobile,0
+919230033658,Sushma Ghosh,Gwalior,Madhya Pradesh,Vodafone Idea,Mobile,0
+919136695736,Anika Solanki,Thiruvananthapuram,Kerala,Vodafone Idea,Mobile,0
+919884631188,Kavita Dey,Coimbatore,Tamil Nadu,BSNL,Mobile,0
+917374437466,Vineet Bora,Belgaum,Karnataka,BSNL,Mobile,0
+919415406097,Harish Dar,Amritsar,Punjab,BSNL,Mobile,0
+917644923556,Amanpreet Goyal,Gwalior,Madhya Pradesh,Jio,Mobile,0
+917367093821,Simran Sethi,Allahabad,Uttar Pradesh,Airtel,Mobile,0
+917915285476,Pankaj Mitra,Ludhiana,Punjab,BSNL,Mobile,0
+917559371467,Kishan Verma,Coimbatore,Tamil Nadu,BSNL,Mobile,0
+919764776555,Vihaan Shetty,Ludhiana,Punjab,Airtel,Mobile,0
+917012530444,Pradeep Kulkarni,Ludhiana,Punjab,Vodafone Idea,Mobile,0
+917912937551,Rahul Bhat,Varanasi,Uttar Pradesh,BSNL,Mobile,0
+919127363879,Pankaj Raina,Rajkot,Gujarat,Jio,Mobile,0
+919117662090,Ritu Mishra,Indore,Madhya Pradesh,Airtel,Mobile,0
+919481195335,Savita Hegde,Agra,Uttar Pradesh,BSNL,Mobile,0
+918219741242,Ritu Jadhav,Chandigarh,Punjab,Jio,Mobile,0
+918290941511,Kabir Barua,Varanasi,Uttar Pradesh,BSNL,Mobile,0
+918421594474,Rachna Iyer,Bangalore,Karnataka,Jio,Mobile,0
+919115904870,Vijay Deshmukh,Rajkot,Gujarat,Airtel,Mobile,0
+917944329949,Varun Kamath,Mumbai,Maharashtra,Airtel,Mobile,0
+917886198821,Aanya Ahuja,Srinagar,Jammu & Kashmir,BSNL,Mobile,0
+916388010878,Vandana Gupta,Bhopal,Madhya Pradesh,Vodafone Idea,Mobile,0
+917532914606,Nandini Bajaj,Visakhapatnam,Andhra Pradesh,Airtel,Mobile,0
+919316017880,Vinita Raina,Varanasi,Uttar Pradesh,BSNL,Mobile,0
+917323142738,Padma Mehra,Chandigarh,Punjab,BSNL,Mobile,0
+917553770371,Smita Iyer,Pune,Maharashtra,Jio,Mobile,0
+918386852515,Garima Pawar,Varanasi,Uttar Pradesh,Airtel,Mobile,0
+917241804831,Reshma Pandey,Nashik,Maharashtra,Jio,Mobile,0
+916371652915,Mukul Jadeja,Coimbatore,Tamil Nadu,Airtel,Mobile,0
+918276035859,Sunanda Malhotra,Ahmedabad,Gujarat,Airtel,Mobile,0
+918881139066,Umesh Mehta,Allahabad,Uttar Pradesh,Vodafone Idea,Mobile,0
+919270976939,Jaspreet Negi,Dehradun,Uttarakhand,Airtel,Mobile,0
+918125080189,Arun Pawar,Bhopal,Madhya Pradesh,Jio,Mobile,0
+918838399991,Usha Bose,Agra,Uttar Pradesh,BSNL,Mobile,0
+918630422966,Manoj Roy,Srinagar,Jammu & Kashmir,Jio,Mobile,0
+918546118512,Usha Pai,Delhi,Delhi,BSNL,Mobile,0
+919734282481,Deepa Chakraborty,Thane,Maharashtra,Jio,Mobile,0
+917455473979,Mukesh Yadav,Visakhapatnam,Andhra Pradesh,BSNL,Mobile,0
+919193068817,Mukul Ahuja,Udaipur,Rajasthan,Jio,Mobile,0
+919348357698,Swati Patel,Vijayawada,Andhra Pradesh,Airtel,Mobile,0
+917194915536,Yogesh Chakraborty,Dehradun,Uttarakhand,Airtel,Mobile,0
+919654599832,Lakshmi Mitra,Raipur,Chhattisgarh,Vodafone Idea,Mobile,0
+917260962738,Kavita Tiwari,Belgaum,Karnataka,BSNL,Mobile,0
+919453094135,Nisha Mishra,Visakhapatnam,Andhra Pradesh,BSNL,Mobile,0
+918877752637,Karthik Bajaj,Lucknow,Uttar Pradesh,Vodafone Idea,Mobile,0
+918327333041,Vinod Gupta,Salem,Tamil Nadu,Vodafone Idea,Mobile,0
+919240437684,Jayesh Naidu,Bhopal,Madhya Pradesh,Vodafone Idea,Mobile,0
+918772838569,Uma Pandey,Guwahati,Assam,Jio,Mobile,0
+918480043307,Mohit Desai,Navi Mumbai,Maharashtra,Airtel,Mobile,0
+916090644074,Simran Kurup,Kanpur,Uttar Pradesh,Airtel,Mobile,0
+917677284119,Brijesh Pant,Bhubaneswar,Odisha,Jio,Mobile,0
+917116885443,Lakshmi Mathur,Vijayawada,Andhra Pradesh,BSNL,Mobile,0
+918228526827,Sapna Pai,Mumbai,Maharashtra,Vodafone Idea,Mobile,0
+918944223874,Mukesh Bajaj,Gwalior,Madhya Pradesh,Jio,Mobile,0
+918923977624,Preeti Bose,Kanpur,Uttar Pradesh,Airtel,Mobile,0
+917719830340,Alpesh Rathore,Aurangabad,Maharashtra,Jio,Mobile,0
+919587981111,Pradeep Mehra,Delhi,Delhi,Vodafone Idea,Mobile,0
+918970776367,Mohit Solanki,Chandigarh,Punjab,Vodafone Idea,Mobile,0
+918075403489,Shalini Rawat,Indore,Madhya Pradesh,Airtel,Mobile,0
+917750771951,Sapna Malhotra,Hubli,Karnataka,Airtel,Mobile,0
+919150544843,Simran Tandon,Madurai,Tamil Nadu,Jio,Mobile,0
+917283861881,Lakshmi Tiwari,Jaipur,Rajasthan,Vodafone Idea,Mobile,0
+917997235255,Garima Agarwal,Bhubaneswar,Odisha,Vodafone Idea,Mobile,0
+917051068683,Kunal Mishra,Mangalore,Karnataka,Jio,Mobile,0
+917726198410,Ajay Rawat,Jabalpur,Madhya Pradesh,BSNL,Mobile,0
+917112404855,Swati Singhal,Noida,Uttar Pradesh,BSNL,Mobile,0
+918162673628,Poonam Roy,Bhopal,Madhya Pradesh,Vodafone Idea,Mobile,0
+919116980212,Shalini Parmar,Noida,Uttar Pradesh,Vodafone Idea,Mobile,0
+918664962361,Shalini Banerjee,Dehradun,Uttarakhand,Airtel,Mobile,0
+916019946937,Rakesh Das,Hubli,Karnataka,Jio,Mobile,0
+917634654202,Amanpreet Agarwal,Kanpur,Uttar Pradesh,Vodafone Idea,Mobile,0
+917897488541,Amita Sarkar,Salem,Tamil Nadu,Jio,Mobile,0
+919913522938,Rahul Raina,Jammu,Jammu & Kashmir,Airtel,Mobile,0
+918283397757,Rudra Chauhan,Belgaum,Karnataka,Vodafone Idea,Mobile,0
+919747117513,Anjali Naidu,Hyderabad,Telangana,BSNL,Mobile,0
+919544783470,Lokesh Rawat,Mumbai,Maharashtra,Airtel,Mobile,0
+919844384351,Lalit Chakraborty,Kochi,Kerala,Jio,Mobile,0
+919458271895,Paresh Kaul,Ghaziabad,Uttar Pradesh,Jio,Mobile,0
+918035333483,Ishaan Sen,Udaipur,Rajasthan,Vodafone Idea,Mobile,0
+917230225707,Karun Paul,Gurugram,Haryana,BSNL,Mobile,0
+919767406809,Shravan Bora,Kanpur,Uttar Pradesh,BSNL,Mobile,0
+918364253930,Advik Ghosh,Chandigarh,Punjab,Vodafone Idea,Mobile,0
+919847295389,Ishaan Chakraborty,Thiruvananthapuram,Kerala,Jio,Mobile,0
+919731805767,Kabir Joshi,Thiruvananthapuram,Kerala,Vodafone Idea,Mobile,0
+917896947591,Varun Roy,Varanasi,Uttar Pradesh,Airtel,Mobile,0
+918951714273,Kabir Bora,Noida,Uttar Pradesh,Jio,Mobile,0
+916031823966,Manish Dey,Mysore,Karnataka,Airtel,Mobile,0
+917337548626,Archana Roy,Surat,Gujarat,BSNL,Mobile,0
+919426421966,Mahesh Mishra,Mumbai,Maharashtra,Airtel,Mobile,0
+917261838141,Kuldeep Jadhav,Vijayawada,Andhra Pradesh,Airtel,Mobile,0
+917187989816,Pavan Patil,Raipur,Chhattisgarh,BSNL,Mobile,0
+917335590466,Rajeev Tripathi,Ahmedabad,Gujarat,Jio,Mobile,0
+919815381541,Manoj Solanki,Visakhapatnam,Andhra Pradesh,Vodafone Idea,Mobile,0
+917459747109,Ritu Roy,Madurai,Tamil Nadu,BSNL,Mobile,0
+916238571628,Atharv Pai,Hyderabad,Telangana,BSNL,Mobile,0
+919043357272,Kishan Gowda,Jaipur,Rajasthan,Airtel,Mobile,0
+916065120118,Navpreet Khanna,Jammu,Jammu & Kashmir,Vodafone Idea,Mobile,0
+917224500464,Rachna Shukla,Bhubaneswar,Odisha,Vodafone Idea,Mobile,0
+919882287073,Mukul Mehra,Belgaum,Karnataka,Vodafone Idea,Mobile,0
+919713094790,Vipul Bose,Udaipur,Rajasthan,Jio,Mobile,0
+918474185571,Preeti Sen,Srinagar,Jammu & Kashmir,BSNL,Mobile,0
+916272701657,Vipul Tripathi,Madurai,Tamil Nadu,Jio,Mobile,0
+917513999809,Tushar Pillai,Faridabad,Haryana,Vodafone Idea,Mobile,0
+919574400807,Nandini Kamath,Madurai,Tamil Nadu,Jio,Mobile,0
+919385161128,Sunil Jadhav,Ludhiana,Punjab,Vodafone Idea,Mobile,0
+917195357824,Deepa Pai,Allahabad,Uttar Pradesh,Jio,Mobile,0
+918544064393,Ayaan Mathur,Patna,Bihar,BSNL,Mobile,0
+918470670220,Vandana Mehra,Jabalpur,Madhya Pradesh,BSNL,Mobile,0
+918098260045,Uma Kumar,Ludhiana,Punjab,Airtel,Mobile,0
+918578821725,Sarita Pant,Jabalpur,Madhya Pradesh,Jio,Mobile,0
+919410180531,Sushma Vaghela,Hubli,Karnataka,Airtel,Mobile,0
+918399555696,Ritu Menon,Salem,Tamil Nadu,Jio,Mobile,0
+916243665607,Navpreet Shinde,Coimbatore,Tamil Nadu,Airtel,Mobile,0
+919886053622,Jyoti Tripathi,Thiruvananthapuram,Kerala,Airtel,Mobile,0
+919169130759,Pavan Ghosh,Chennai,Tamil Nadu,Vodafone Idea,Mobile,0
+919036051823,Asha Tiwari,Gwalior,Madhya Pradesh,Jio,Mobile,0
+917217056894,Reyansh Mehra,Kanpur,Uttar Pradesh,Jio,Mobile,0
+918641731640,Arjun Reddy,Ludhiana,Punjab,Airtel,Mobile,0
+919223376888,Jayesh Sharma,Varanasi,Uttar Pradesh,Jio,Mobile,0
+918213292859,Ramesh Kulkarni,Shimla,Himachal Pradesh,Jio,Mobile,0
+917498480521,Mukesh Iyer,Aurangabad,Maharashtra,Jio,Mobile,0
+919189016660,Kuldeep Pandey,Noida,Uttar Pradesh,Vodafone Idea,Mobile,0
+916187922783,Priya Dhawan,Mumbai,Maharashtra,Jio,Mobile,0
+919741765803,Vijay Biswas,Chennai,Tamil Nadu,Vodafone Idea,Mobile,0
+917269751721,Sachin Yadav,Kolkata,West Bengal,Jio,Mobile,0
+919911444702,Poonam Chakraborty,Lucknow,Uttar Pradesh,Airtel,Mobile,0
+916032660625,Rupesh Saxena,Srinagar,Jammu & Kashmir,Airtel,Mobile,0
+917390224264,Archana Verma,Mangalore,Karnataka,BSNL,Mobile,0
+917958280904,Atharv Saikia,Hubli,Karnataka,BSNL,Mobile,0
+918834335627,Manish Tiwari,Coimbatore,Tamil Nadu,Vodafone Idea,Mobile,0
+917515816862,Naveen Khanna,Jaipur,Rajasthan,BSNL,Mobile,0
+917619239784,Rachna Dar,Chennai,Tamil Nadu,BSNL,Mobile,0
+918184816089,Vijay Mishra,Varanasi,Uttar Pradesh,BSNL,Mobile,0
+917022794044,Gaurav Garg,Surat,Gujarat,Vodafone Idea,Mobile,0
+919488209744,Mukul Bhatia,Navi Mumbai,Maharashtra,Airtel,Mobile,0
+919067061210,Vivaan Pant,Gurugram,Haryana,Airtel,Mobile,0
+917622289856,Swati Paul,Chennai,Tamil Nadu,Vodafone Idea,Mobile,0
+918598076507,Sarita Kulkarni,Hubli,Karnataka,Airtel,Mobile,0
+918357485692,Simran Wani,Bhopal,Madhya Pradesh,Jio,Mobile,0
+918271600929,Sachin Saikia,Raipur,Chhattisgarh,Jio,Mobile,0
+919583623448,Swati Roy,Nashik,Maharashtra,Airtel,Mobile,0
+917315197831,Simran More,Mumbai,Maharashtra,BSNL,Mobile,0
+919384279487,Ravi Shekhawat,Jodhpur,Rajasthan,Vodafone Idea,Mobile,0
+917418840992,Aditya Saxena,Kanpur,Uttar Pradesh,Airtel,Mobile,0
+919990153565,Anvi Bhat,Jodhpur,Rajasthan,Vodafone Idea,Mobile,0
+918822557931,Yash Pawar,Belgaum,Karnataka,BSNL,Mobile,0
+916147464834,Alpesh Kurup,Hubli,Karnataka,Jio,Mobile,0
+917852272572,Priya Pandey,Belgaum,Karnataka,BSNL,Mobile,0
+917484971049,Ananya Deshmukh,Visakhapatnam,Andhra Pradesh,Jio,Mobile,0
+917063522555,Ritesh Rajput,Navi Mumbai,Maharashtra,BSNL,Mobile,0
+918965634440,Myra Garg,Varanasi,Uttar Pradesh,Airtel,Mobile,0
+918118411207,Jyoti Gowda,Rajkot,Gujarat,Vodafone Idea,Mobile,0
+917341439082,Rashmi Mir,Navi Mumbai,Maharashtra,Vodafone Idea,Mobile,0
+919513582713,Ishaan Nair,Srinagar,Jammu & Kashmir,Airtel,Mobile,0
+917935894153,Sunanda Yadav,Vijayawada,Andhra Pradesh,BSNL,Mobile,0
+917373432524,Nandini Rathore,Allahabad,Uttar Pradesh,Vodafone Idea,Mobile,0
+918374117761,Smita Khare,Vadodara,Gujarat,Vodafone Idea,Mobile,0
+916337206748,Vineet Jadeja,Shimla,Himachal Pradesh,Airtel,Mobile,0
+919710642077,Kishan Parmar,Jodhpur,Rajasthan,Airtel,Mobile,0
+917637082355,Mahesh Mehra,Tiruchirappalli,Tamil Nadu,Jio,Mobile,0
+917421650058,Mohit Jadhav,Srinagar,Jammu & Kashmir,Jio,Mobile,0
+918352930892,Ramesh Verma,Ahmedabad,Gujarat,Vodafone Idea,Mobile,0
+916192871605,Sushma Shetty,Faridabad,Haryana,Jio,Mobile,0
+916081112600,Karun Bisht,Thiruvananthapuram,Kerala,Vodafone Idea,Mobile,0
+919665160262,Reyansh Barua,Surat,Gujarat,Vodafone Idea,Mobile,0
+917682926380,Sanjay Singhal,Ghaziabad,Uttar Pradesh,Jio,Mobile,0
+917461658791,Swati Shekhawat,Raipur,Chhattisgarh,BSNL,Mobile,0
+917816011810,Girish Rao,Madurai,Tamil Nadu,Jio,Mobile,0
+919136992898,Aarohi Iyer,Bangalore,Karnataka,Airtel,Mobile,0
+917557802663,Lalita Ahuja,Ludhiana,Punjab,Vodafone Idea,Mobile,0
+918065432910,Nitin Mehta,Belgaum,Karnataka,Jio,Mobile,0
+918590531663,Rajeev Naidu,Mumbai,Maharashtra,Vodafone Idea,Mobile,0
+917469824635,Nitin Jain,Jabalpur,Madhya Pradesh,BSNL,Mobile,0
+917327603911,Sushma Raina,Thiruvananthapuram,Kerala,BSNL,Mobile,0
+919544947402,Anika Bora,Srinagar,Jammu & Kashmir,Airtel,Mobile,0
+918043883257,Vandana Yadav,Chandigarh,Punjab,BSNL,Mobile,0
+919358889580,Rahul Biswas,Navi Mumbai,Maharashtra,Jio,Mobile,0
+917420890979,Vihaan Bhatia,Allahabad,Uttar Pradesh,Jio,Mobile,0
+917867727079,Anvi Dey,Indore,Madhya Pradesh,Jio,Mobile,0
+918983024429,Pavan Kaul,Thane,Maharashtra,Jio,Mobile,0
+918395763768,Priya Patil,Pune,Maharashtra,Airtel,Mobile,0
+919730653672,Namita Patel,Faridabad,Haryana,Airtel,Mobile,0
+917967597525,Vineet Naidu,Visakhapatnam,Andhra Pradesh,Jio,Mobile,0
+919555782942,Sumit Kamath,Udaipur,Rajasthan,BSNL,Mobile,0
+919812232715,Usha Sen,Tiruchirappalli,Tamil Nadu,Jio,Mobile,0
+918569897634,Aman Banerjee,Tiruchirappalli,Tamil Nadu,Airtel,Mobile,0
+919469208054,Rachna Rao,Rajkot,Gujarat,BSNL,Mobile,0
+918397242760,Jayesh Mitra,Mangalore,Karnataka,Jio,Mobile,0
+916158366408,Aarohi Verma,Delhi,Delhi,BSNL,Mobile,0
+919966703880,Rajesh Kapoor,Lucknow,Uttar Pradesh,Vodafone Idea,Mobile,0
+918468917739,Varun Bajaj,Mysore,Karnataka,Jio,Mobile,0
+916332735673,Reshma Kulkarni,Lucknow,Uttar Pradesh,Vodafone Idea,Mobile,0
+916313436770,Namita Banerjee,Thiruvananthapuram,Kerala,Airtel,Mobile,0
+917649333325,Navpreet Chatterjee,Ghaziabad,Uttar Pradesh,Vodafone Idea,Mobile,0
+919692739493,Vinita Shah,Ghaziabad,Uttar Pradesh,Airtel,Mobile,0
+917364416258,Rahul Mathur,Patna,Bihar,Vodafone Idea,Mobile,0
+919443513133,Navpreet Shah,Guwahati,Assam,Vodafone Idea,Mobile,0
+919277124916,Arnav Chopra,Agra,Uttar Pradesh,Vodafone Idea,Mobile,0
+919682657192,Neha Negi,Ahmedabad,Gujarat,Vodafone Idea,Mobile,0
+919237548751,Vineet Bhatia,Gurugram,Haryana,Vodafone Idea,Mobile,0
+919327554413,Smita Mathur,Ghaziabad,Uttar Pradesh,Jio,Mobile,0
+916355050773,Naveen Choudhary,Udaipur,Rajasthan,Vodafone Idea,Mobile,0
+916252302588,Divya Ghosh,Mumbai,Maharashtra,BSNL,Mobile,0
+917486109875,Ajay Dey,Srinagar,Jammu & Kashmir,Airtel,Mobile,0
+918386762633,Vinod Negi,Udaipur,Rajasthan,Airtel,Mobile,0
+919066393223,Rekha Tiwari,Visakhapatnam,Andhra Pradesh,Airtel,Mobile,0
+918592095699,Ravi Wani,Dehradun,Uttarakhand,Jio,Mobile,0
+917766418073,Sukhpreet Patel,Ranchi,Jharkhand,Airtel,Mobile,0
+918853524253,Krishna Jadhav,Jodhpur,Rajasthan,BSNL,Mobile,0
+918996177645,Sapna Chopra,Hyderabad,Telangana,Vodafone Idea,Mobile,0
+917423876430,Swapna Tiwari,Jammu,Jammu & Kashmir,Vodafone Idea,Mobile,0
+918645013552,Amanpreet Rao,Thiruvananthapuram,Kerala,BSNL,Mobile,0
+916132060596,Rajeev Pawar,Lucknow,Uttar Pradesh,Airtel,Mobile,0
+919398056662,Geeta Agarwal,Allahabad,Uttar Pradesh,Vodafone Idea,Mobile,0
+918860265689,Myra Talwar,Jodhpur,Rajasthan,Airtel,Mobile,0
+919977551817,Namita Jadeja,Nagpur,Maharashtra,BSNL,Mobile,0
+916149972527,Reema Talwar,Belgaum,Karnataka,Jio,Mobile,0
+917522880129,Usha Naidu,Belgaum,Karnataka,Airtel,Mobile,0
+916083180396,Girish Bajaj,Kolkata,West Bengal,BSNL,Mobile,0
+918861589792,Reema Kurup,Surat,Gujarat,Vodafone Idea,Mobile,0
+917371899841,Suresh Saxena,Mysore,Karnataka,BSNL,Mobile,0
+919161784099,Ajay Paul,Mumbai,Maharashtra,BSNL,Mobile,0
+917136804729,Deepa Mehta,Navi Mumbai,Maharashtra,Vodafone Idea,Mobile,0
+919627362285,Naveen Shukla,Thiruvananthapuram,Kerala,BSNL,Mobile,0
+918790303900,Deepa Sharma,Aurangabad,Maharashtra,Airtel,Mobile,0
+918321994168,Rachna Ahuja,Coimbatore,Tamil Nadu,Jio,Mobile,0
+917349360074,Vandana Roy,Navi Mumbai,Maharashtra,Airtel,Mobile,0
+918952841686,Aadhya Mehta,Vijayawada,Andhra Pradesh,Jio,Mobile,0
+918456750343,Nitin Tomar,Agra,Uttar Pradesh,Jio,Mobile,0
+918415157957,Vandana Mehta,Delhi,Delhi,Jio,Mobile,0
+919036883684,Lakshmi Tiwari,Jabalpur,Madhya Pradesh,Vodafone Idea,Mobile,0
+917872563185,Vishal Hegde,Jodhpur,Rajasthan,Airtel,Mobile,0
+918939655871,Anika Rathore,Amritsar,Punjab,Jio,Mobile,0
+918775718344,Archana Tomar,Delhi,Delhi,Vodafone Idea,Mobile,0
+919513471636,Atharv Iyer,Pune,Maharashtra,Vodafone Idea,Mobile,0
+918447838127,Neelam Tandon,Chandigarh,Punjab,Airtel,Mobile,0
+917989562691,Preeti Bora,Coimbatore,Tamil Nadu,Airtel,Mobile,0
+918231325072,Krishna Kumar,Hubli,Karnataka,BSNL,Mobile,0
+916290010000,Aanya Bisht,Rajkot,Gujarat,Vodafone Idea,Mobile,0
+917611418728,Sneha Choudhary,Madurai,Tamil Nadu,Jio,Mobile,0
+918872373384,Sachin Mir,Madurai,Tamil Nadu,Jio,Mobile,0
+919611341953,Sanjay Jadhav,Nashik,Maharashtra,Airtel,Mobile,0
+919350462829,Suresh Shukla,Aurangabad,Maharashtra,Jio,Mobile,0
+919684766675,Rashmi Shinde,Udaipur,Rajasthan,Airtel,Mobile,0
+919126178646,Lakhan Pillai,Nashik,Maharashtra,Vodafone Idea,Mobile,0
+919978327921,Harpreet Shah,Jaipur,Rajasthan,Vodafone Idea,Mobile,0
+919810244553,Ganesh Iyer,Nagpur,Maharashtra,BSNL,Mobile,0
+917219100910,Swapna Wani,Gwalior,Madhya Pradesh,Vodafone Idea,Mobile,0
+919847767398,Ritu Vaghela,Allahabad,Uttar Pradesh,BSNL,Mobile,0
+918421384127,Namita Jadeja,Nagpur,Maharashtra,Vodafone Idea,Mobile,0
+917434866956,Arnav Naidu,Lucknow,Uttar Pradesh,Airtel,Mobile,0
+918110967121,Naveen Mishra,Salem,Tamil Nadu,Jio,Mobile,0
+919350199913,Geeta Deshmukh,Agra,Uttar Pradesh,BSNL,Mobile,0
+918180203171,Archana Pandey,Kochi,Kerala,BSNL,Mobile,0
+918843100346,Vihaan Biswas,Chandigarh,Punjab,Vodafone Idea,Mobile,0
+919021899364,Sarita Saxena,Raipur,Chhattisgarh,BSNL,Mobile,0
+919366145346,Rahul Rawat,Nashik,Maharashtra,Airtel,Mobile,0
+919418559590,Mahesh Pant,Jodhpur,Rajasthan,BSNL,Mobile,0
+919454824020,Dhruv Sen,Varanasi,Uttar Pradesh,Jio,Mobile,0
+917423907035,Myra Rawat,Kolkata,West Bengal,BSNL,Mobile,0
+918332095806,Archana Rathore,Agra,Uttar Pradesh,Jio,Mobile,0
+917792379708,Neelam Chauhan,Patna,Bihar,Vodafone Idea,Mobile,0
+919664225559,Priya Goyal,Madurai,Tamil Nadu,BSNL,Mobile,0
+918665884127,Aditya Parmar,Guwahati,Assam,Jio,Mobile,0
+919631814361,Sandeep Roy,Faridabad,Haryana,Vodafone Idea,Mobile,0
+918233887971,Swati Dar,Udaipur,Rajasthan,Jio,Mobile,0
+919497294829,Amita Das,Jabalpur,Madhya Pradesh,Airtel,Mobile,0
+918775461884,Umesh Dhawan,Mysore,Karnataka,BSNL,Mobile,0
+918237131630,Nikhil Shekhawat,Chandigarh,Punjab,Jio,Mobile,0
+917851770310,Rudra Kumar,Ghaziabad,Uttar Pradesh,Jio,Mobile,0
+917448701191,Reyansh Sethi,Jammu,Jammu & Kashmir,Jio,Mobile,0
+918347520796,Aarohi Tomar,Jammu,Jammu & Kashmir,BSNL,Mobile,0
+919223015555,Priya Thakur,Pune,Maharashtra,BSNL,Mobile,0
+917672580849,Mohan Khare,Delhi,Delhi,Jio,Mobile,0
+919836983367,Nikhil Negi,Kanpur,Uttar Pradesh,BSNL,Mobile,0
+918929131310,Nikhil Tandon,Nagpur,Maharashtra,Jio,Mobile,0
+917868236157,Lalita Pillai,Dehradun,Uttarakhand,BSNL,Mobile,0
+918379525881,Neelam Banerjee,Coimbatore,Tamil Nadu,Airtel,Mobile,0
+917286893965,Aarohi Saxena,Kanpur,Uttar Pradesh,Airtel,Mobile,0
+917827319277,Sarita Pant,Vijayawada,Andhra Pradesh,Vodafone Idea,Mobile,0
+919968867388,Lalita Bora,Kolkata,West Bengal,Jio,Mobile,0
+918165864920,Poonam Arora,Hubli,Karnataka,Airtel,Mobile,0
+919358519416,Rakesh Gupta,Varanasi,Uttar Pradesh,Jio,Mobile,0
+919895765318,Nisha Mir,Ghaziabad,Uttar Pradesh,Airtel,Mobile,0
+917060153656,Nikhil Menon,Mangalore,Karnataka,BSNL,Mobile,0
+918157024986,Suresh Paul,Pune,Maharashtra,BSNL,Mobile,0
+919938265237,Aanya Gowda,Faridabad,Haryana,Jio,Mobile,0
+916016314096,Geeta Singh,Varanasi,Uttar Pradesh,BSNL,Mobile,0
+917944350253,Archana Kamath,Bangalore,Karnataka,Airtel,Mobile,0
+919459318977,Aarav Singhal,Vijayawada,Andhra Pradesh,Vodafone Idea,Mobile,0
+919672978936,Aarush Biswas,Visakhapatnam,Andhra Pradesh,Airtel,Mobile,0
+918991263564,Anjali Gowda,Varanasi,Uttar Pradesh,Vodafone Idea,Mobile,0
+917175324248,Dinesh Kumar,Kochi,Kerala,Airtel,Mobile,0
+917193749979,Kavita Bhat,Chandigarh,Punjab,Jio,Mobile,0
+918360225483,Rashmi Dar,Aurangabad,Maharashtra,Airtel,Mobile,0
+916066882888,Vikram Verma,Navi Mumbai,Maharashtra,BSNL,Mobile,0
+919350186036,Swati Banerjee,Faridabad,Haryana,Jio,Mobile,0
+916118329654,Varun Mishra,Faridabad,Haryana,Vodafone Idea,Mobile,0
+919154117391,Kiran Menon,Belgaum,Karnataka,BSNL,Mobile,0
+919196351847,Manpreet Paul,Kolkata,West Bengal,Vodafone Idea,Mobile,0
+916339708354,Brijesh Tiwari,Bhubaneswar,Odisha,Vodafone Idea,Mobile,0
+919820313876,Meera Bhatia,Hubli,Karnataka,Jio,Mobile,0
+919220973672,Bhavna Iyer,Hubli,Karnataka,BSNL,Mobile,0
+918788375784,Pooja Malhotra,Jodhpur,Rajasthan,Jio,Mobile,0
+919666789158,Divya Kulkarni,Belgaum,Karnataka,Vodafone Idea,Mobile,0
+919973986169,Geeta Bisht,Hyderabad,Telangana,BSNL,Mobile,0
+919997327477,Sunanda Jadeja,Hyderabad,Telangana,BSNL,Mobile,0
+919746010599,Alpesh Wani,Guwahati,Assam,Airtel,Mobile,0
+917346033973,Amit Suri,Lucknow,Uttar Pradesh,Airtel,Mobile,0
+919717227333,Mukesh Yadav,Kolkata,West Bengal,Vodafone Idea,Mobile,0
+919680778111,Ishaan Parmar,Vijayawada,Andhra Pradesh,Jio,Mobile,0
+917586241452,Advik Chauhan,Nashik,Maharashtra,Airtel,Mobile,0
+917079304197,Priya Gowda,Vijayawada,Andhra Pradesh,Airtel,Mobile,0
+918763532379,Neha Vaghela,Bhubaneswar,Odisha,Vodafone Idea,Mobile,0
+918837245652,Anika Verma,Varanasi,Uttar Pradesh,BSNL,Mobile,0
+919430259308,Shravan Shah,Nashik,Maharashtra,Airtel,Mobile,0
+917762544781,Krishna Dar,Ghaziabad,Uttar Pradesh,Airtel,Mobile,0
+916327732120,Preeti Rawat,Indore,Madhya Pradesh,BSNL,Mobile,0
+919895254213,Aanya Mehra,Hubli,Karnataka,Jio,Mobile,0
+916317284081,Ayaan Tandon,Gwalior,Madhya Pradesh,Jio,Mobile,0
+916314058124,Nisha Gogoi,Amritsar,Punjab,Jio,Mobile,0
+919368836863,Reyansh Kulkarni,Visakhapatnam,Andhra Pradesh,Vodafone Idea,Mobile,0
+919290239010,Jayesh Vaghela,Gwalior,Madhya Pradesh,Vodafone Idea,Mobile,0
+916236271105,Sachin Bajaj,Belgaum,Karnataka,Jio,Mobile,0
+918950318460,Reema Bose,Ghaziabad,Uttar Pradesh,BSNL,Mobile,0
+918565138752,Aditya Pillai,Coimbatore,Tamil Nadu,Airtel,Mobile,0
+918314537367,Smita Mir,Gurugram,Haryana,Jio,Mobile,0
+918472239795,Kabir Tiwari,Shimla,Himachal Pradesh,Airtel,Mobile,0
+918372838910,Vivaan Naidu,Mumbai,Maharashtra,Airtel,Mobile,0
+917686336294,Usha Modi,Gurugram,Haryana,BSNL,Mobile,0
+919366274350,Yash Garg,Lucknow,Uttar Pradesh,BSNL,Mobile,0
+918973114108,Garima Negi,Agra,Uttar Pradesh,Airtel,Mobile,0
+918580779378,Brijesh Bhatia,Vijayawada,Andhra Pradesh,Vodafone Idea,Mobile,0
+918296841123,Jitesh Kumar,Pune,Maharashtra,BSNL,Mobile,0
+919624389092,Kapil Bhatia,Gwalior,Madhya Pradesh,Vodafone Idea,Mobile,0
+917182427273,Shravan Singh,Visakhapatnam,Andhra Pradesh,BSNL,Mobile,0
+916271739434,Nisha Roy,Gurugram,Haryana,Airtel,Mobile,0
+918833062944,Suresh Sethi,Bhopal,Madhya Pradesh,Vodafone Idea,Mobile,0
+918984173743,Reshma Kaul,Bangalore,Karnataka,Vodafone Idea,Mobile,0
+917292329020,Nisha Choudhary,Delhi,Delhi,Jio,Mobile,0
+916325170808,Ravi Mitra,Belgaum,Karnataka,Airtel,Mobile,0
+917163920455,Diya Menon,Gurugram,Haryana,BSNL,Mobile,0
+918110961297,Karthik Reddy,Navi Mumbai,Maharashtra,BSNL,Mobile,0
+917870925753,Kuldeep Nair,Raipur,Chhattisgarh,Jio,Mobile,0
+917054965898,Simran Pai,Chennai,Tamil Nadu,Airtel,Mobile,0
+918398309872,Pooja Sethi,Tiruchirappalli,Tamil Nadu,BSNL,Mobile,0
+919667471857,Lalita Shah,Belgaum,Karnataka,Vodafone Idea,Mobile,0
+918025374267,Vandana Solanki,Kolkata,West Bengal,Airtel,Mobile,0
+919454361987,Arjun Rajput,Guwahati,Assam,Airtel,Mobile,0
+916258123268,Diya Suri,Nagpur,Maharashtra,Jio,Mobile,0
+917428086287,Reshma Paul,Jaipur,Rajasthan,Airtel,Mobile,0
+918955893697,Karthik Kurup,Guwahati,Assam,BSNL,Mobile,0
+916293527543,Ritesh Shinde,Jodhpur,Rajasthan,Airtel,Mobile,0
+919446221495,Aman Das,Vadodara,Gujarat,Jio,Mobile,0
+917754641687,Rachna Malhotra,Vijayawada,Andhra Pradesh,Jio,Mobile,0
+917150714487,Manpreet Khare,Indore,Madhya Pradesh,Vodafone Idea,Mobile,0
+919969570126,Divya Bora,Belgaum,Karnataka,Airtel,Mobile,0
+918641959117,Sushma Singh,Thiruvananthapuram,Kerala,BSNL,Mobile,0
+916069028963,Amanpreet Warrier,Visakhapatnam,Andhra Pradesh,Airtel,Mobile,0
+917184621105,Kavita Hegde,Dehradun,Uttarakhand,Airtel,Mobile,0
+918752830610,Ajay Mehra,Indore,Madhya Pradesh,BSNL,Mobile,0
+919174805081,Aanya Chauhan,Rajkot,Gujarat,Airtel,Mobile,0
+916083762718,Sneha Mehra,Thane,Maharashtra,Vodafone Idea,Mobile,0
+918745576566,Divya Modi,Patna,Bihar,Vodafone Idea,Mobile,0
+918758614037,Manpreet Bora,Rajkot,Gujarat,Vodafone Idea,Mobile,0
+918722710796,Lalita Malhotra,Amritsar,Punjab,BSNL,Mobile,0
+918176468453,Manju Dhawan,Ranchi,Jharkhand,Jio,Mobile,0
+916325050265,Poonam Roy,Tiruchirappalli,Tamil Nadu,Vodafone Idea,Mobile,0
+918180216858,Varun Khanna,Jodhpur,Rajasthan,Vodafone Idea,Mobile,0
+918468014035,Rudra Shah,Gwalior,Madhya Pradesh,BSNL,Mobile,0
+918227932870,Gaurav Roy,Jabalpur,Madhya Pradesh,Vodafone Idea,Mobile,0
+917313814668,Mukul Pawar,Nashik,Maharashtra,Airtel,Mobile,0
+917316740071,Shikha Tripathi,Jaipur,Rajasthan,BSNL,Mobile,0
+918981242397,Sanjiv Wani,Noida,Uttar Pradesh,BSNL,Mobile,0
+919217682667,Kuldeep Bhat,Gwalior,Madhya Pradesh,Jio,Mobile,0
+919060274590,Neha Agarwal,Mangalore,Karnataka,Jio,Mobile,0
+916261305738,Reshma Saikia,Navi Mumbai,Maharashtra,Airtel,Mobile,0
+917969466919,Neha Mishra,Kochi,Kerala,Vodafone Idea,Mobile,0
+917062007504,Reema Mathur,Jodhpur,Rajasthan,Jio,Mobile,0
+918421673996,Usha Choudhary,Lucknow,Uttar Pradesh,BSNL,Mobile,0
+918686078858,Kunal Talwar,Nashik,Maharashtra,BSNL,Mobile,0
+917291402862,Puneet Saxena,Bhubaneswar,Odisha,Vodafone Idea,Mobile,0
+916077367585,Nitesh Tiwari,Gurugram,Haryana,BSNL,Mobile,0
+918722276780,Reshma Kurup,Faridabad,Haryana,BSNL,Mobile,0
+918259305946,Aarav Warrier,Aurangabad,Maharashtra,Vodafone Idea,Mobile,0
+917051107562,Kabir Rao,Hubli,Karnataka,Vodafone Idea,Mobile,0
+919069902676,Tarun Gowda,Bangalore,Karnataka,BSNL,Mobile,0
+918616397849,Anvi Dhawan,Madurai,Tamil Nadu,Vodafone Idea,Mobile,0
+917881578237,Swati Choudhary,Jodhpur,Rajasthan,Vodafone Idea,Mobile,0
+916047383357,Ayaan Modi,Salem,Tamil Nadu,BSNL,Mobile,0
+919862891169,Vijay Rao,Dehradun,Uttarakhand,Jio,Mobile,0
+919990780330,Aarohi Chauhan,Hubli,Karnataka,Airtel,Mobile,0
+917332326935,Amit Arora,Indore,Madhya Pradesh,BSNL,Mobile,0
+918283088509,Amit Shah,Thiruvananthapuram,Kerala,Jio,Mobile,0
+917747575818,Ishaan Tiwari,Vadodara,Gujarat,Airtel,Mobile,0
+919782508509,Kapil Rawat,Mangalore,Karnataka,Airtel,Mobile,0
+917827202745,Pooja Shinde,Raipur,Chhattisgarh,Airtel,Mobile,0
+919649082735,Geeta Jadhav,Indore,Madhya Pradesh,Jio,Mobile,0
+918164022927,Vishal Vaghela,Ludhiana,Punjab,Vodafone Idea,Mobile,0
+918736021590,Myra Kumar,Srinagar,Jammu & Kashmir,Airtel,Mobile,0
+918846645336,Sandeep Jadhav,Kolkata,West Bengal,Jio,Mobile,0
+917759617079,Reema Deshmukh,Agra,Uttar Pradesh,Vodafone Idea,Mobile,0
+917296135671,Aman Arora,Noida,Uttar Pradesh,BSNL,Mobile,0
+918280178864,Puneet Singhal,Nagpur,Maharashtra,Jio,Mobile,0
+919630904655,Manpreet Bhat,Vadodara,Gujarat,Vodafone Idea,Mobile,0
+919831223743,Girish Modi,Hyderabad,Telangana,Jio,Mobile,0
+918465255337,Sunil Bora,Bhopal,Madhya Pradesh,BSNL,Mobile,0
+918082148696,Manish Parmar,Gurugram,Haryana,Vodafone Idea,Mobile,0
+917359499352,Radha Khare,Hubli,Karnataka,BSNL,Mobile,0
+918275109372,Geeta Mishra,Ranchi,Jharkhand,Airtel,Mobile,0
+918389287220,Aarush Bajaj,Jaipur,Rajasthan,Airtel,Mobile,0
+917339947466,Gurpreet Shukla,Ludhiana,Punjab,Vodafone Idea,Mobile,0
+919895577345,Asha Mehta,Ludhiana,Punjab,BSNL,Mobile,0
+919765452111,Harpreet Naidu,Delhi,Delhi,Airtel,Mobile,0
+918727423145,Neelam Banerjee,Surat,Gujarat,Jio,Mobile,0
+917254509985,Sukhpreet Chauhan,Jammu,Jammu & Kashmir,Vodafone Idea,Mobile,0
+917212624158,Pradeep Sethi,Salem,Tamil Nadu,Airtel,Mobile,0
+919918160613,Vandana Patil,Shimla,Himachal Pradesh,Vodafone Idea,Mobile,0
+918165255524,Simran Mir,Kanpur,Uttar Pradesh,Jio,Mobile,0
+917444084582,Radha Pawar,Guwahati,Assam,BSNL,Mobile,0
+917764733086,Vikram Negi,Nashik,Maharashtra,Airtel,Mobile,0
+918861461043,Sapna Menon,Tiruchirappalli,Tamil Nadu,Airtel,Mobile,0
+918432149511,Kunal Das,Ranchi,Jharkhand,BSNL,Mobile,0
+917762532073,Sneha Wani,Ghaziabad,Uttar Pradesh,BSNL,Mobile,0
+918436484130,Tejinder Kumar,Agra,Uttar Pradesh,Jio,Mobile,0
+917556795703,Vishal Iyer,Rajkot,Gujarat,Jio,Mobile,0
+919113286759,Sanjiv Wani,Lucknow,Uttar Pradesh,Vodafone Idea,Mobile,0
+917645917882,Manoj Goyal,Kanpur,Uttar Pradesh,Jio,Mobile,0
+917752253282,Reema Suri,Hyderabad,Telangana,Airtel,Mobile,0
+918561661366,Anita Raina,Srinagar,Jammu & Kashmir,Airtel,Mobile,0
+918825144926,Asha Ghosh,Coimbatore,Tamil Nadu,BSNL,Mobile,0
+918638089896,Navpreet Dar,Coimbatore,Tamil Nadu,BSNL,Mobile,0
+917825489181,Deepak Nair,Aurangabad,Maharashtra,Airtel,Mobile,0
+916238927149,Sapna Kamath,Indore,Madhya Pradesh,Vodafone Idea,Mobile,0
+916152071449,Rashmi Jadeja,Hubli,Karnataka,Jio,Mobile,0
+919541137459,Karun Chatterjee,Pune,Maharashtra,Jio,Mobile,0
+917456248893,Geeta Rajput,Noida,Uttar Pradesh,Airtel,Mobile,0
+917827017067,Umesh Garg,Kanpur,Uttar Pradesh,Airtel,Mobile,0
+917082893205,Asha Arora,Guwahati,Assam,Jio,Mobile,0
+918276356631,Lalit Goyal,Varanasi,Uttar Pradesh,Jio,Mobile,0
+918448079124,Geeta Dey,Faridabad,Haryana,BSNL,Mobile,0
+917937242341,Diya Vaghela,Gwalior,Madhya Pradesh,Jio,Mobile,0
+916187116575,Radha Paul,Delhi,Delhi,BSNL,Mobile,0
+918077648508,Uma Desai,Mysore,Karnataka,BSNL,Mobile,0
+918440325949,Asha Singhal,Aurangabad,Maharashtra,BSNL,Mobile,0
+917185104418,Ishaan Sharma,Mumbai,Maharashtra,Airtel,Mobile,0
+918371265351,Kapil Tripathi,Ranchi,Jharkhand,BSNL,Mobile,0
+919074462116,Alpesh Tiwari,Dehradun,Uttarakhand,Airtel,Mobile,0
+919033550472,Varun Chauhan,Chandigarh,Punjab,Jio,Mobile,0
+916156807506,Geeta Kamath,Coimbatore,Tamil Nadu,Airtel,Mobile,0
+919254726248,Mukesh Tomar,Visakhapatnam,Andhra Pradesh,BSNL,Mobile,0
+917264166685,Tarun Dubey,Udaipur,Rajasthan,BSNL,Mobile,0
+919537568349,Sukhpreet Hegde,Navi Mumbai,Maharashtra,BSNL,Mobile,0
+919372372653,Bhavna Ghosh,Ahmedabad,Gujarat,Jio,Mobile,0
+919694489925,Manpreet Shetty,Varanasi,Uttar Pradesh,Vodafone Idea,Mobile,0
+917697253836,Sneha Parmar,Coimbatore,Tamil Nadu,Jio,Mobile,0
+919659928725,Amita Agarwal,Jaipur,Rajasthan,Airtel,Mobile,0
+919329570250,Lalita Singhal,Salem,Tamil Nadu,Airtel,Mobile,0
+919385871328,Geeta Thakur,Kolkata,West Bengal,Vodafone Idea,Mobile,0
+918259970870,Deepak Pant,Belgaum,Karnataka,Airtel,Mobile,0
+918490768013,Shaurya Roy,Faridabad,Haryana,Jio,Mobile,0
+918593289604,Amit Mehra,Bangalore,Karnataka,Jio,Mobile,0
+919281927436,Dhruv Mehta,Tiruchirappalli,Tamil Nadu,Jio,Mobile,0
+918437909691,Simran Sarkar,Chennai,Tamil Nadu,Vodafone Idea,Mobile,0
+918349526843,Reshma Bose,Varanasi,Uttar Pradesh,Vodafone Idea,Mobile,0
+917526928633,Vandana Shukla,Vijayawada,Andhra Pradesh,Vodafone Idea,Mobile,0
+919274752816,Naveen Gogoi,Ranchi,Jharkhand,Jio,Mobile,0
+918889804410,Kapil Gogoi,Dehradun,Uttarakhand,BSNL,Mobile,0
+919466818479,Vishal Tiwari,Jammu,Jammu & Kashmir,BSNL,Mobile,0
+917845788846,Smita Gogoi,Lucknow,Uttar Pradesh,Vodafone Idea,Mobile,0
+918962715631,Garima Dey,Ahmedabad,Gujarat,Jio,Mobile,0
+919930290227,Vandana Negi,Chandigarh,Punjab,Airtel,Mobile,0
+919545848544,Manish Pai,Varanasi,Uttar Pradesh,Airtel,Mobile,0
+916033244623,Kavita Goyal,Dehradun,Uttarakhand,Jio,Mobile,0
+919351956528,Sumit Dubey,Varanasi,Uttar Pradesh,Vodafone Idea,Mobile,0
+917019886561,Mohan Rajput,Jammu,Jammu & Kashmir,BSNL,Mobile,0
+917099210002,Lokesh Pai,Allahabad,Uttar Pradesh,Airtel,Mobile,0
+917456968050,Navpreet Chauhan,Pune,Maharashtra,BSNL,Mobile,0
+916325662404,Sara Joshi,Tiruchirappalli,Tamil Nadu,Airtel,Mobile,0
+917579393072,Satish Chopra,Noida,Uttar Pradesh,Airtel,Mobile,0
+917647200476,Hitesh Rawat,Bangalore,Karnataka,Vodafone Idea,Mobile,0
+918286633609,Lakhan Bhat,Varanasi,Uttar Pradesh,BSNL,Mobile,0
+918971542663,Anjali Shetty,Nagpur,Maharashtra,BSNL,Mobile,0
+918468529268,Namita Sarkar,Chandigarh,Punjab,Jio,Mobile,0
+917536758838,Ajay Iyer,Mysore,Karnataka,BSNL,Mobile,0
+917997017675,Atharv Menon,Bhopal,Madhya Pradesh,Airtel,Mobile,0
+919651019064,Ajay Mathur,Chennai,Tamil Nadu,Vodafone Idea,Mobile,0
+916289925579,Aditya Pandey,Ludhiana,Punjab,BSNL,Mobile,0
+917129520555,Lalit Dar,Tiruchirappalli,Tamil Nadu,Jio,Mobile,0
+916311741324,Manish Sethi,Mumbai,Maharashtra,Jio,Mobile,0
+916082020053,Amanpreet Talwar,Allahabad,Uttar Pradesh,BSNL,Mobile,0
+918984035848,Shalini Thakur,Bangalore,Karnataka,Vodafone Idea,Mobile,0
+919798027189,Amit Choudhary,Mumbai,Maharashtra,Jio,Mobile,0
+918356955018,Garima Shetty,Pune,Maharashtra,BSNL,Mobile,0
+919298541862,Deepak Shetty,Raipur,Chhattisgarh,Vodafone Idea,Mobile,0
+918588689821,Dinesh Saikia,Chennai,Tamil Nadu,BSNL,Mobile,0
+919786523705,Mahesh Agarwal,Surat,Gujarat,Jio,Mobile,0
+918052689183,Reyansh Kaul,Hubli,Karnataka,Jio,Mobile,0
+918883999920,Sapna Dhawan,Hyderabad,Telangana,BSNL,Mobile,0
+918078748956,Rashmi Tripathi,Noida,Uttar Pradesh,BSNL,Mobile,0
+916096154580,Shalini Warrier,Srinagar,Jammu & Kashmir,Airtel,Mobile,0
+917358673800,Deepak Chatterjee,Ranchi,Jharkhand,Jio,Mobile,0
+917096506550,Smita Sethi,Dehradun,Uttarakhand,Jio,Mobile,0
+916398563107,Sunil Kapoor,Salem,Tamil Nadu,BSNL,Mobile,0
+917133304177,Rajeev Rajput,Ahmedabad,Gujarat,Airtel,Mobile,0
+917762526433,Ashish Raina,Mangalore,Karnataka,Vodafone Idea,Mobile,0
+918195030918,Archana Pandey,Vijayawada,Andhra Pradesh,Vodafone Idea,Mobile,0
+919037597247,Sushma Reddy,Mumbai,Maharashtra,Airtel,Mobile,0
+917660584110,Meera Singhal,Srinagar,Jammu & Kashmir,BSNL,Mobile,0
+917982382666,Rekha Saxena,Jammu,Jammu & Kashmir,Jio,Mobile,0
+919070622852,Amanpreet Rao,Kochi,Kerala,BSNL,Mobile,0
+916045928569,Vivaan Roy,Nagpur,Maharashtra,Vodafone Idea,Mobile,0
+918526938335,Lalita Dutta,Salem,Tamil Nadu,Vodafone Idea,Mobile,0
+918434920121,Seema Chakraborty,Hubli,Karnataka,BSNL,Mobile,0
+919638384356,Geeta Ghosh,Rajkot,Gujarat,Airtel,Mobile,0
+917966205621,Kabir Sarkar,Raipur,Chhattisgarh,Airtel,Mobile,0
+916057673699,Hitesh Barua,Bhopal,Madhya Pradesh,BSNL,Mobile,0
+916015587737,Puneet Mehta,Srinagar,Jammu & Kashmir,Airtel,Mobile,0
+919495777478,Neelam Reddy,Navi Mumbai,Maharashtra,BSNL,Mobile,0
+917629801216,Anjali Suri,Bhopal,Madhya Pradesh,Airtel,Mobile,0
+917553701617,Savita Shekhawat,Guwahati,Assam,BSNL,Mobile,0
+916041722543,Vandana Negi,Mumbai,Maharashtra,Airtel,Mobile,0
+918021784804,Jyoti Negi,Nashik,Maharashtra,Jio,Mobile,0
+919327235501,Anika Pai,Raipur,Chhattisgarh,BSNL,Mobile,0
+919789013033,Harpreet Bhatia,Belgaum,Karnataka,BSNL,Mobile,0
+919023274485,Vikram Kaul,Srinagar,Jammu & Kashmir,Jio,Mobile,0
+917572829413,Jaspreet Paul,Kolkata,West Bengal,Vodafone Idea,Mobile,0
+916158802217,Smita Dhawan,Ahmedabad,Gujarat,Vodafone Idea,Mobile,0
+918662248059,Anika Gupta,Navi Mumbai,Maharashtra,Airtel,Mobile,0
+918540616540,Amanpreet Biswas,Ahmedabad,Gujarat,Jio,Mobile,0
+917368847460,Nandini Shetty,Noida,Uttar Pradesh,Airtel,Mobile,0
+918013398051,Sunita Jain,Vadodara,Gujarat,BSNL,Mobile,0
+919848625628,Sneha Rathore,Amritsar,Punjab,BSNL,Mobile,0
+917860455694,Ritesh Gogoi,Jaipur,Rajasthan,BSNL,Mobile,0
+919736994219,Naman Mukherjee,Vadodara,Gujarat,Jio,Mobile,0
+917312648008,Aarohi Mehra,Mumbai,Maharashtra,BSNL,Mobile,0
+917988691778,Neelam Sen,Guwahati,Assam,Airtel,Mobile,0
+919343400972,Ashish Saikia,Ludhiana,Punjab,Jio,Mobile,0
+919454544143,Myra Choudhary,Lucknow,Uttar Pradesh,Vodafone Idea,Mobile,0
+917067971678,Shalini Singhal,Noida,Uttar Pradesh,Vodafone Idea,Mobile,0
+919937608166,Ramesh Pandey,Patna,Bihar,BSNL,Mobile,0
+918462354633,Pankaj Rawat,Thane,Maharashtra,Airtel,Mobile,0
+916037066143,Rahul Tripathi,Jodhpur,Rajasthan,Vodafone Idea,Mobile,0
+917353420556,Swati Khanna,Kochi,Kerala,BSNL,Mobile,0
+918298442705,Sarita Chopra,Mumbai,Maharashtra,Jio,Mobile,0
+918091990535,Nandini Gupta,Nagpur,Maharashtra,Vodafone Idea,Mobile,0
+918281873486,Sara Bhatia,Bhopal,Madhya Pradesh,BSNL,Mobile,0
+916190532886,Aanya Saikia,Delhi,Delhi,Airtel,Mobile,0
+919788851956,Kavita Saikia,Delhi,Delhi,Vodafone Idea,Mobile,0
+917465437007,Sneha Mishra,Vijayawada,Andhra Pradesh,Vodafone Idea,Mobile,0
+918140875212,Reshma Saikia,Srinagar,Jammu & Kashmir,Airtel,Mobile,0
+916113693535,Ashish Mehta,Chennai,Tamil Nadu,Jio,Mobile,0
+917048857064,Anika Talwar,Mangalore,Karnataka,Vodafone Idea,Mobile,0
+919626685763,Jaspreet Bhat,Lucknow,Uttar Pradesh,Vodafone Idea,Mobile,0
+917290588682,Sunil Rathore,Tiruchirappalli,Tamil Nadu,Airtel,Mobile,0
+919924369839,Tushar Deshmukh,Udaipur,Rajasthan,Jio,Mobile,0
+917464513069,Manju Bisht,Raipur,Chhattisgarh,BSNL,Mobile,0
+918868036432,Roshan Kamath,Ranchi,Jharkhand,Jio,Mobile,0
+919965369364,Atharv Chakraborty,Nagpur,Maharashtra,Jio,Mobile,0
+918791331374,Advik Deshmukh,Raipur,Chhattisgarh,Airtel,Mobile,0
+919275650278,Aanya Mandal,Srinagar,Jammu & Kashmir,Vodafone Idea,Mobile,0
+918940507267,Pradeep Bose,Bangalore,Karnataka,Airtel,Mobile,0
+917978321681,Kapil Bora,Allahabad,Uttar Pradesh,BSNL,Mobile,0
+918321954595,Rajesh Rawat,Vadodara,Gujarat,Jio,Mobile,0
+918434234420,Ramesh Patil,Kochi,Kerala,Jio,Mobile,0
+918579405570,Pari Singhal,Hyderabad,Telangana,BSNL,Mobile,0
+919139025629,Lalit Bora,Udaipur,Rajasthan,BSNL,Mobile,0
+918967594855,Mahesh Banerjee,Vadodara,Gujarat,BSNL,Mobile,0
+919827521573,Sneha Shah,Mysore,Karnataka,Airtel,Mobile,0
+916067679862,Rohan Rawat,Amritsar,Punjab,Vodafone Idea,Mobile,0
+919519846619,Aanya Dhawan,Madurai,Tamil Nadu,Jio,Mobile,0
+918164975881,Puneet Mehra,Allahabad,Uttar Pradesh,Jio,Mobile,0
+918723588743,Ritu Bora,Amritsar,Punjab,Jio,Mobile,0
+917528760146,Varun Modi,Raipur,Chhattisgarh,Airtel,Mobile,0
+917398271851,Asha Gogoi,Jaipur,Rajasthan,Airtel,Mobile,0
+916378776013,Uma Yadav,Noida,Uttar Pradesh,Vodafone Idea,Mobile,0
+918830349187,Puneet Kapoor,Mangalore,Karnataka,Vodafone Idea,Mobile,0
+919886908617,Rekha Pandey,Gurugram,Haryana,Airtel,Mobile,0
+918162574873,Shikha Jain,Bhopal,Madhya Pradesh,BSNL,Mobile,0
+919671581356,Smita Sharma,Amritsar,Punjab,Airtel,Mobile,0
+917198083374,Sneha Agarwal,Coimbatore,Tamil Nadu,Vodafone Idea,Mobile,0
+918713617971,Dinesh Vaghela,Noida,Uttar Pradesh,Jio,Mobile,0
+918798276670,Naveen Rao,Lucknow,Uttar Pradesh,Jio,Mobile,0
+916136373038,Aarohi Shetty,Srinagar,Jammu & Kashmir,BSNL,Mobile,0
+916029335325,Ravi Bora,Lucknow,Uttar Pradesh,Vodafone Idea,Mobile,0
+919138501152,Rekha Jadhav,Ahmedabad,Gujarat,BSNL,Mobile,0
+919382355689,Sarita Pandey,Ranchi,Jharkhand,BSNL,Mobile,0
+917914407280,Umesh Nair,Faridabad,Haryana,Jio,Mobile,0
+919858311126,Preeti Verma,Raipur,Chhattisgarh,Vodafone Idea,Mobile,0
+916026416433,Reema Jain,Gurugram,Haryana,BSNL,Mobile,0
+918574294787,Priya Mukherjee,Srinagar,Jammu & Kashmir,Airtel,Mobile,0
+918871142450,Rekha Biswas,Guwahati,Assam,Airtel,Mobile,0
+919921833992,Aarohi Barua,Kanpur,Uttar Pradesh,Airtel,Mobile,0
+919911634446,Kavita Gowda,Vijayawada,Andhra Pradesh,Airtel,Mobile,0
+919574433050,Aarohi Malhotra,Jaipur,Rajasthan,Jio,Mobile,0
+919179642640,Manpreet Malhotra,Gurugram,Haryana,Vodafone Idea,Mobile,0
+918053902977,Nitin Dutta,Hubli,Karnataka,Vodafone Idea,Mobile,0
+917033380829,Sara Mehra,Tiruchirappalli,Tamil Nadu,Airtel,Mobile,0
+919795968799,Atharv Agarwal,Mumbai,Maharashtra,Airtel,Mobile,0
+916032401065,Deepa Mandal,Bhubaneswar,Odisha,Vodafone Idea,Mobile,0
+919050224415,Alpesh Mathur,Bhopal,Madhya Pradesh,Vodafone Idea,Mobile,0
+917633360088,Sunita Mishra,Bhopal,Madhya Pradesh,Airtel,Mobile,0
+918087735303,Girish Sethi,Salem,Tamil Nadu,Airtel,Mobile,0
+919015782631,Krishna Chatterjee,Thiruvananthapuram,Kerala,Jio,Mobile,0
+919270821264,Hitesh Menon,Patna,Bihar,Jio,Mobile,0
+917821709269,Sunita Modi,Lucknow,Uttar Pradesh,Airtel,Mobile,0
+919952993805,Neelam Malhotra,Madurai,Tamil Nadu,BSNL,Mobile,0
+916091513555,Lokesh Mitra,Vijayawada,Andhra Pradesh,Jio,Mobile,0
+918727500528,Namita Pai,Allahabad,Uttar Pradesh,Airtel,Mobile,0
+918833276612,Harpreet Hegde,Chennai,Tamil Nadu,Airtel,Mobile,0
+917435502294,Roshan Gogoi,Vijayawada,Andhra Pradesh,Jio,Mobile,0
+918278318972,Aanya Mishra,Ahmedabad,Gujarat,Airtel,Mobile,0
+918674435791,Priya Dey,Faridabad,Haryana,Vodafone Idea,Mobile,0
+918960423618,Rakesh Chopra,Amritsar,Punjab,Airtel,Mobile,0
+917070124370,Anvi Chakraborty,Belgaum,Karnataka,Vodafone Idea,Mobile,0
+919480610012,Rahul Mishra,Gurugram,Haryana,Vodafone Idea,Mobile,0
+917274521718,Rajeev Das,Surat,Gujarat,Vodafone Idea,Mobile,0
+917138675142,Varun Mehta,Ghaziabad,Uttar Pradesh,Jio,Mobile,0
+918728022821,Atharv Singhal,Ahmedabad,Gujarat,Jio,Mobile,0
+919177247016,Anjali Banerjee,Tiruchirappalli,Tamil Nadu,BSNL,Mobile,0
+918138559968,Simran Desai,Hyderabad,Telangana,Jio,Mobile,0
+918725399586,Manpreet Rao,Jaipur,Rajasthan,Jio,Mobile,0
+919893006745,Naveen Chopra,Dehradun,Uttarakhand,Vodafone Idea,Mobile,0
+918239209154,Vandana Tandon,Shimla,Himachal Pradesh,Airtel,Mobile,0
+918525836779,Reema Rajput,Chennai,Tamil Nadu,BSNL,Mobile,0
+918914492549,Mahesh Tandon,Kolkata,West Bengal,Jio,Mobile,0
+918314608993,Lalita Chauhan,Thane,Maharashtra,Jio,Mobile,0
+917450193582,Meera Hegde,Coimbatore,Tamil Nadu,BSNL,Mobile,0
+917115055322,Pradeep Sarkar,Nagpur,Maharashtra,BSNL,Mobile,0
+916253836630,Sai Banerjee,Bhubaneswar,Odisha,Airtel,Mobile,0
+917927381263,Jyoti Tandon,Gurugram,Haryana,Vodafone Idea,Mobile,0
+918356710677,Yogesh Dutta,Jabalpur,Madhya Pradesh,BSNL,Mobile,0
+917278177907,Sarita Bajaj,Thane,Maharashtra,BSNL,Mobile,0
+918870986788,Sumit Bajaj,Jodhpur,Rajasthan,Airtel,Mobile,0
+917753384414,Sumit Hegde,Vijayawada,Andhra Pradesh,BSNL,Mobile,0
+918772285736,Pradeep Sen,Lucknow,Uttar Pradesh,Airtel,Mobile,0
+916334860873,Suresh Gogoi,Navi Mumbai,Maharashtra,Vodafone Idea,Mobile,0
+917162614065,Puneet Saikia,Madurai,Tamil Nadu,BSNL,Mobile,0
+918934621410,Aarush Kamath,Shimla,Himachal Pradesh,Jio,Mobile,0
+919944281168,Poonam Saikia,Raipur,Chhattisgarh,Airtel,Mobile,0
+919850479633,Satish Shekhawat,Varanasi,Uttar Pradesh,Airtel,Mobile,0
+918785539117,Swati Rathore,Mysore,Karnataka,BSNL,Mobile,0
+918629130183,Yash Kurup,Mysore,Karnataka,Vodafone Idea,Mobile,0
+919191236961,Puneet Das,Bhopal,Madhya Pradesh,BSNL,Mobile,0
+919016331774,Neha Saxena,Ranchi,Jharkhand,Vodafone Idea,Mobile,0
+918781957331,Naman Paul,Ghaziabad,Uttar Pradesh,Jio,Mobile,0
+919611297638,Arun Menon,Udaipur,Rajasthan,BSNL,Mobile,0
+917233390506,Puneet Bose,Ahmedabad,Gujarat,BSNL,Mobile,0
+919678130846,Karun Kamath,Allahabad,Uttar Pradesh,BSNL,Mobile,0
+919233905034,Kuldeep Singh,Guwahati,Assam,Jio,Mobile,0
+918110514630,Pooja Kurup,Mangalore,Karnataka,Vodafone Idea,Mobile,0
+918681806989,Gurpreet Menon,Srinagar,Jammu & Kashmir,Jio,Mobile,0
+917660428984,Ishaan Menon,Bangalore,Karnataka,Vodafone Idea,Mobile,0
+919454402419,Krishna Malhotra,Kanpur,Uttar Pradesh,Airtel,Mobile,0
+919831485293,Rudra Suri,Lucknow,Uttar Pradesh,Vodafone Idea,Mobile,0
+918023560201,Arun Pant,Thane,Maharashtra,Jio,Mobile,0
+919572802107,Navpreet Raina,Vadodara,Gujarat,Vodafone Idea,Mobile,0
+917748741453,Ashish Iyer,Chennai,Tamil Nadu,Airtel,Mobile,0
+917448911868,Atharv Jadhav,Mysore,Karnataka,Vodafone Idea,Mobile,0
+917927543970,Lakshmi Mukherjee,Rajkot,Gujarat,Vodafone Idea,Mobile,0
+917838380283,Lalita Pai,Shimla,Himachal Pradesh,Jio,Mobile,0
+918275304296,Reshma Thakur,Kolkata,West Bengal,Airtel,Mobile,0
+916062744815,Sara Barua,Kochi,Kerala,Airtel,Mobile,0
+916019232944,Ananya Pai,Jabalpur,Madhya Pradesh,Vodafone Idea,Mobile,0
+916259673032,Seema Pant,Rajkot,Gujarat,Jio,Mobile,0
+918592804219,Kapil Rathore,Bhopal,Madhya Pradesh,Airtel,Mobile,0
+919360878868,Gurpreet Kurup,Ahmedabad,Gujarat,BSNL,Mobile,0
+919922679220,Ramesh Hegde,Jaipur,Rajasthan,Airtel,Mobile,0
+918849629463,Naveen Jadeja,Mysore,Karnataka,BSNL,Mobile,0
+919913552247,Jitesh Jadhav,Rajkot,Gujarat,Vodafone Idea,Mobile,0
+918892042928,Raman Malhotra,Belgaum,Karnataka,BSNL,Mobile,0
+916120397795,Geeta Saxena,Ranchi,Jharkhand,Vodafone Idea,Mobile,0
+917326787916,Hitesh Dey,Shimla,Himachal Pradesh,Airtel,Mobile,0
+918340957682,Vishal Patil,Noida,Uttar Pradesh,Airtel,Mobile,0
+918036156071,Paresh Barua,Ludhiana,Punjab,BSNL,Mobile,0
+918869090488,Anika Nair,Mumbai,Maharashtra,Vodafone Idea,Mobile,0
+917475988414,Ajay Sen,Kolkata,West Bengal,Airtel,Mobile,0
+917033852506,Harpreet Menon,Madurai,Tamil Nadu,Airtel,Mobile,0
+918483127825,Anjali Desai,Belgaum,Karnataka,Jio,Mobile,0
+917876779018,Amita Reddy,Delhi,Delhi,BSNL,Mobile,0
+917728341838,Sunita Roy,Agra,Uttar Pradesh,Jio,Mobile,0
+917266492101,Reyansh Pandey,Dehradun,Uttarakhand,Jio,Mobile,0
+917069431483,Pooja Patil,Faridabad,Haryana,BSNL,Mobile,0
+917965308260,Rachna Tandon,Srinagar,Jammu & Kashmir,Vodafone Idea,Mobile,0
+918340503473,Rakesh Parmar,Varanasi,Uttar Pradesh,Jio,Mobile,0
+918959194638,Ansh Agarwal,Salem,Tamil Nadu,Vodafone Idea,Mobile,0
+918097661947,Pavan Bhat,Bhopal,Madhya Pradesh,Airtel,Mobile,0
+918794285223,Karun Kaul,Mysore,Karnataka,Airtel,Mobile,0
+917482560966,Nandini Paul,Salem,Tamil Nadu,Jio,Mobile,0
+917516594008,Raman Reddy,Indore,Madhya Pradesh,Vodafone Idea,Mobile,0
+918483732288,Sukhpreet Pillai,Lucknow,Uttar Pradesh,Vodafone Idea,Mobile,0
+918031996316,Rohit Das,Bhopal,Madhya Pradesh,Jio,Mobile,0
+919733347914,Brijesh Mishra,Jabalpur,Madhya Pradesh,Vodafone Idea,Mobile,0
+916339414674,Manish Malhotra,Mumbai,Maharashtra,BSNL,Mobile,0
+919088117324,Tejinder Malhotra,Pune,Maharashtra,Vodafone Idea,Mobile,0
+919442848961,Nandini More,Bhopal,Madhya Pradesh,Jio,Mobile,0
+918198419729,Manish Joshi,Gwalior,Madhya Pradesh,Airtel,Mobile,0
+917127889708,Myra Solanki,Gwalior,Madhya Pradesh,Jio,Mobile,0
+917123388378,Neha Chopra,Kochi,Kerala,Vodafone Idea,Mobile,0
+917091130814,Pradeep Choudhary,Udaipur,Rajasthan,BSNL,Mobile,0
+918131197741,Rachna Negi,Ghaziabad,Uttar Pradesh,Jio,Mobile,0
+917921809092,Yogesh Chatterjee,Chennai,Tamil Nadu,Jio,Mobile,0
+918423221317,Sachin Garg,Kolkata,West Bengal,Jio,Mobile,0
+919186589521,Raman Naidu,Madurai,Tamil Nadu,BSNL,Mobile,0
+918453779661,Garima Bose,Ranchi,Jharkhand,Jio,Mobile,0
+917674668210,Vipul Saxena,Gurugram,Haryana,Jio,Mobile,0
+917842617429,Aarush Pai,Srinagar,Jammu & Kashmir,Airtel,Mobile,0
+919658596413,Lakhan Dar,Coimbatore,Tamil Nadu,Vodafone Idea,Mobile,0
+918493534606,Diya Menon,Chennai,Tamil Nadu,BSNL,Mobile,0
+918769844115,Kunal Mandal,Gwalior,Madhya Pradesh,BSNL,Mobile,0
+917583501425,Rajeev Ghosh,Coimbatore,Tamil Nadu,Airtel,Mobile,0
+917915395583,Harish Pai,Bangalore,Karnataka,Jio,Mobile,0
+917067943916,Aadhya Agarwal,Navi Mumbai,Maharashtra,BSNL,Mobile,0
+919639525727,Anita Desai,Madurai,Tamil Nadu,Airtel,Mobile,0
+917539851188,Varun Mehra,Gwalior,Madhya Pradesh,BSNL,Mobile,0
+917061961499,Arjun Wani,Jaipur,Rajasthan,BSNL,Mobile,0
+916228855087,Naresh Verma,Jammu,Jammu & Kashmir,Airtel,Mobile,0
+919612813131,Lalit Mishra,Vijayawada,Andhra Pradesh,BSNL,Mobile,0
+918267147239,Namita Verma,Jammu,Jammu & Kashmir,BSNL,Mobile,0
+919636050684,Divya Choudhary,Tiruchirappalli,Tamil Nadu,BSNL,Mobile,0
+917467350330,Mohit Dey,Jabalpur,Madhya Pradesh,Airtel,Mobile,0
+918343370797,Rahul Modi,Mysore,Karnataka,BSNL,Mobile,0
+917247288425,Dhruv Choudhary,Srinagar,Jammu & Kashmir,Vodafone Idea,Mobile,0
+916010983473,Vijay Mehra,Dehradun,Uttarakhand,BSNL,Mobile,0
+918270960859,Garima More,Mangalore,Karnataka,BSNL,Mobile,0
+919394470993,Jyoti More,Vijayawada,Andhra Pradesh,Vodafone Idea,Mobile,0
+918050219901,Shaurya Parmar,Ranchi,Jharkhand,Jio,Mobile,0
+918284562241,Tarun Talwar,Chennai,Tamil Nadu,Vodafone Idea,Mobile,0
+919950801975,Reshma Dey,Salem,Tamil Nadu,Airtel,Mobile,0
+919373260004,Reshma Pandey,Udaipur,Rajasthan,Vodafone Idea,Mobile,0
+916322390239,Pradeep Ahuja,Ghaziabad,Uttar Pradesh,Airtel,Mobile,0
+917850943790,Manju Rao,Indore,Madhya Pradesh,Vodafone Idea,Mobile,0
+918555755397,Rakesh Sharma,Dehradun,Uttarakhand,BSNL,Mobile,0
+917377127611,Sumit Mathur,Shimla,Himachal Pradesh,BSNL,Mobile,0
+919046162061,Sunil Roy,Surat,Gujarat,BSNL,Mobile,0
+919972841534,Atharv Tandon,Bhubaneswar,Odisha,Jio,Mobile,0
+917884845344,Reyansh Banerjee,Dehradun,Uttarakhand,Airtel,Mobile,0
+918329320770,Amanpreet Khare,Chennai,Tamil Nadu,Airtel,Mobile,0
+918239201454,Aadhya Singhal,Jabalpur,Madhya Pradesh,Airtel,Mobile,0
+917646094305,Jaspreet Jadeja,Surat,Gujarat,Airtel,Mobile,0
+917427047336,Ayaan Talwar,Hubli,Karnataka,Airtel,Mobile,0
+919875081602,Tejinder Gowda,Visakhapatnam,Andhra Pradesh,Airtel,Mobile,0
+919144515759,Pradeep Pai,Faridabad,Haryana,Airtel,Mobile,0
+919635237683,Vikram Mir,Gwalior,Madhya Pradesh,Airtel,Mobile,0
+918354386911,Rahul Ghosh,Salem,Tamil Nadu,BSNL,Mobile,0
+919088764340,Preeti Chopra,Indore,Madhya Pradesh,Airtel,Mobile,0
+917282059990,Simran Dar,Pune,Maharashtra,BSNL,Mobile,0
+919624032078,Amit Kapoor,Rajkot,Gujarat,Jio,Mobile,0
+918611250574,Ritu Solanki,Salem,Tamil Nadu,Vodafone Idea,Mobile,0
+918911518548,Garima Solanki,Ghaziabad,Uttar Pradesh,Jio,Mobile,0
+917219801402,Nikhil Kamath,Nashik,Maharashtra,Vodafone Idea,Mobile,0
+919335525428,Tejinder Khare,Navi Mumbai,Maharashtra,BSNL,Mobile,0
+919569565495,Sarita Raina,Surat,Gujarat,Jio,Mobile,0
+917798883058,Rajeev Jain,Pune,Maharashtra,Jio,Mobile,0
+918534854557,Sneha Verma,Gwalior,Madhya Pradesh,Airtel,Mobile,0
+917088897568,Uma Singh,Mangalore,Karnataka,Airtel,Mobile,0
+917636334241,Padma Tiwari,Kolkata,West Bengal,Jio,Mobile,0
+917650962880,Geeta Raina,Mangalore,Karnataka,BSNL,Mobile,0
+918837831163,Ayaan Sen,Thiruvananthapuram,Kerala,BSNL,Mobile,0
+917940655236,Gaurav Pawar,Thane,Maharashtra,BSNL,Mobile,0
+919186185391,Rohan Bhat,Allahabad,Uttar Pradesh,BSNL,Mobile,0
+917242489623,Gaurav Yadav,Rajkot,Gujarat,Jio,Mobile,0
+919386368055,Pari Deshmukh,Chennai,Tamil Nadu,Airtel,Mobile,0
+919828222893,Girish Kapoor,Jammu,Jammu & Kashmir,Jio,Mobile,0
+917351601478,Poonam Jadeja,Delhi,Delhi,Jio,Mobile,0
+917575174831,Vinita Shukla,Mysore,Karnataka,Vodafone Idea,Mobile,0
+918766198209,Aanya Patel,Aurangabad,Maharashtra,Jio,Mobile,0
+918732885927,Savita Hegde,Mumbai,Maharashtra,Airtel,Mobile,0
+916360977997,Reema Gowda,Kochi,Kerala,Vodafone Idea,Mobile,0
+918763769435,Sumit Kaul,Ranchi,Jharkhand,BSNL,Mobile,0
+917528889237,Krishna Dubey,Navi Mumbai,Maharashtra,Jio,Mobile,0
+916150913012,Anvi Jain,Visakhapatnam,Andhra Pradesh,Vodafone Idea,Mobile,0
+917595286543,Vineet Bajaj,Amritsar,Punjab,Jio,Mobile,0
+916094924759,Ramesh Kumar,Udaipur,Rajasthan,Jio,Mobile,0
+918747472003,Varun Biswas,Visakhapatnam,Andhra Pradesh,Jio,Mobile,0
+917617928716,Navpreet Garg,Jodhpur,Rajasthan,BSNL,Mobile,0
+918893913424,Aman Kulkarni,Surat,Gujarat,Vodafone Idea,Mobile,0
+917659654328,Rahul Jain,Patna,Bihar,Jio,Mobile,0
+918344262197,Anika Rathore,Thane,Maharashtra,BSNL,Mobile,0
+916349175074,Ritesh Chopra,Amritsar,Punjab,Jio,Mobile,0
+917767522191,Nikhil Negi,Kolkata,West Bengal,Vodafone Idea,Mobile,0
+919485872567,Vandana Bhat,Kolkata,West Bengal,Airtel,Mobile,0
+919458559277,Rajeev Shinde,Jodhpur,Rajasthan,BSNL,Mobile,0
+919784154514,Nisha Raina,Agra,Uttar Pradesh,Airtel,Mobile,0
+918716410142,Vikram Pandey,Kanpur,Uttar Pradesh,BSNL,Mobile,0
+918487183880,Sara Saikia,Lucknow,Uttar Pradesh,BSNL,Mobile,0
+919716053315,Sanjiv Pant,Delhi,Delhi,Vodafone Idea,Mobile,0
+919920584143,Umesh Chauhan,Visakhapatnam,Andhra Pradesh,Jio,Mobile,0
+918880679684,Manish Tomar,Noida,Uttar Pradesh,Airtel,Mobile,0
+919583519279,Simran Rathore,Mysore,Karnataka,Vodafone Idea,Mobile,0
+918363481720,Puneet Garg,Delhi,Delhi,Airtel,Mobile,0
+917065934463,Lokesh Iyer,Bangalore,Karnataka,BSNL,Mobile,0
+916345011732,Asha Bose,Jabalpur,Madhya Pradesh,BSNL,Mobile,0
+917223758676,Jaspreet Jain,Salem,Tamil Nadu,Vodafone Idea,Mobile,0
+919354693691,Aarav Tripathi,Aurangabad,Maharashtra,BSNL,Mobile,0
+917177102270,Sachin Rathore,Faridabad,Haryana,Airtel,Mobile,0
+919375929168,Vihaan Verma,Mysore,Karnataka,BSNL,Mobile,0
+918310069449,Padma Paul,Madurai,Tamil Nadu,Airtel,Mobile,0
+917112126209,Nitin Patil,Mysore,Karnataka,Vodafone Idea,Mobile,0
+919983339088,Anika Sen,Indore,Madhya Pradesh,BSNL,Mobile,0
+918542928957,Lalita Sethi,Thiruvananthapuram,Kerala,Vodafone Idea,Mobile,0
+917666884548,Kunal Barua,Nagpur,Maharashtra,Jio,Mobile,0
+919366348292,Shalini Sen,Lucknow,Uttar Pradesh,Airtel,Mobile,0
+918437842595,Smita Bora,Ludhiana,Punjab,Airtel,Mobile,0
+917081012859,Myra Talwar,Salem,Tamil Nadu,Airtel,Mobile,0
+918329797278,Sushma More,Mysore,Karnataka,Jio,Mobile,0
+918294779154,Vikram Deshmukh,Gurugram,Haryana,Vodafone Idea,Mobile,0
+917048038732,Dhruv Singh,Aurangabad,Maharashtra,BSNL,Mobile,0
+917683717708,Sara Menon,Varanasi,Uttar Pradesh,BSNL,Mobile,0
+918597914371,Raman Chatterjee,Kolkata,West Bengal,Jio,Mobile,0
+916179870472,Savita Kumar,Raipur,Chhattisgarh,Airtel,Mobile,0
+916270852322,Kavita Hegde,Varanasi,Uttar Pradesh,Airtel,Mobile,0
+918617685297,Pradeep Modi,Faridabad,Haryana,Jio,Mobile,0
+916142645243,Advik Bhat,Vijayawada,Andhra Pradesh,Jio,Mobile,0
+918984450646,Kuldeep Chauhan,Mysore,Karnataka,Vodafone Idea,Mobile,0
+919162956224,Reyansh Banerjee,Jaipur,Rajasthan,Airtel,Mobile,0
+919053465102,Anjali Nair,Kolkata,West Bengal,BSNL,Mobile,0
+919259280024,Vandana Das,Jammu,Jammu & Kashmir,Airtel,Mobile,0
+918230418407,Sanjiv Mandal,Amritsar,Punjab,Airtel,Mobile,0
+917634602039,Geeta Kapoor,Faridabad,Haryana,Vodafone Idea,Mobile,0
+919364761407,Nisha Shah,Mysore,Karnataka,Jio,Mobile,0
+917156903963,Arnav Rathore,Aurangabad,Maharashtra,Airtel,Mobile,0
+919748598542,Ansh Jadhav,Chandigarh,Punjab,Jio,Mobile,0
+918398741040,Navpreet Tripathi,Bhopal,Madhya Pradesh,Vodafone Idea,Mobile,0
+919342846663,Harish Chatterjee,Shimla,Himachal Pradesh,BSNL,Mobile,0
+916099644895,Jaspreet Rajput,Navi Mumbai,Maharashtra,Vodafone Idea,Mobile,0
+918196762207,Jitesh Khare,Vijayawada,Andhra Pradesh,Jio,Mobile,0
+916084159231,Sunita Sarkar,Hubli,Karnataka,Airtel,Mobile,0
+917790492917,Anjali Reddy,Jodhpur,Rajasthan,Airtel,Mobile,0
+917655571515,Umesh Shinde,Rajkot,Gujarat,Jio,Mobile,0
+918020607381,Naveen Mandal,Surat,Gujarat,BSNL,Mobile,0
+918926239741,Smita Deshmukh,Madurai,Tamil Nadu,BSNL,Mobile,0
+917033442595,Kishan Mukherjee,Thane,Maharashtra,Airtel,Mobile,0
+918714002062,Kiran Mehta,Chandigarh,Punjab,Vodafone Idea,Mobile,0
+919051392838,Uma Jain,Aurangabad,Maharashtra,Jio,Mobile,0
+917143224882,Mukul Bhatia,Delhi,Delhi,BSNL,Mobile,0
+919879507057,Rohan Kumar,Bhopal,Madhya Pradesh,Vodafone Idea,Mobile,0
+918639185639,Vandana Sharma,Udaipur,Rajasthan,Airtel,Mobile,0
+918051013912,Sachin Kamath,Mumbai,Maharashtra,Airtel,Mobile,0
+919759333500,Radha Saxena,Patna,Bihar,Vodafone Idea,Mobile,0
+916355829883,Reyansh Sarkar,Ranchi,Jharkhand,Vodafone Idea,Mobile,0
+917882919466,Sumit Gowda,Bangalore,Karnataka,BSNL,Mobile,0
+916064354361,Gurpreet Sethi,Ghaziabad,Uttar Pradesh,BSNL,Mobile,0
+916238402648,Sachin Tripathi,Kochi,Kerala,Jio,Mobile,0
+917330052006,Sanjiv Chakraborty,Vadodara,Gujarat,BSNL,Mobile,0
+917842961667,Aarav Mitra,Noida,Uttar Pradesh,Vodafone Idea,Mobile,0
+919988717899,Pooja Kaul,Indore,Madhya Pradesh,Airtel,Mobile,0
+916394692111,Ritu Singhal,Agra,Uttar Pradesh,Airtel,Mobile,0
+918536246861,Swapna Parmar,Udaipur,Rajasthan,Jio,Mobile,0
+917428818169,Yogesh Chatterjee,Aurangabad,Maharashtra,Jio,Mobile,0
+919145001570,Ravi Verma,Jabalpur,Madhya Pradesh,Jio,Mobile,0
+916071145576,Namita Verma,Rajkot,Gujarat,Airtel,Mobile,0
+919361623630,Girish Pandey,Jaipur,Rajasthan,Jio,Mobile,0
+916016003247,Rohit Chopra,Allahabad,Uttar Pradesh,Airtel,Mobile,0
+917842243082,Amanpreet Patel,Udaipur,Rajasthan,BSNL,Mobile,0
+919051925447,Rachna Pai,Chennai,Tamil Nadu,Airtel,Mobile,0
+918222375086,Lalita Saikia,Srinagar,Jammu & Kashmir,Jio,Mobile,0
+919415664145,Reyansh Dar,Coimbatore,Tamil Nadu,Airtel,Mobile,0
+919178578784,Radha Menon,Thane,Maharashtra,Airtel,Mobile,0
+919286279074,Sukhpreet Yadav,Madurai,Tamil Nadu,BSNL,Mobile,0
+917233043511,Nitesh Rathore,Kochi,Kerala,BSNL,Mobile,0
+919969469120,Meera Patil,Chennai,Tamil Nadu,BSNL,Mobile,0
+918439892196,Ashish Gowda,Gwalior,Madhya Pradesh,Vodafone Idea,Mobile,0
+918017879286,Vikram Mitra,Jaipur,Rajasthan,Jio,Mobile,0
+919318765701,Raman Nair,Kochi,Kerala,Airtel,Mobile,0
+919643835530,Roshan Bajaj,Delhi,Delhi,Jio,Mobile,0
+918365362798,Dinesh Banerjee,Ranchi,Jharkhand,BSNL,Mobile,0
+918263572129,Sandeep Dubey,Salem,Tamil Nadu,BSNL,Mobile,0
+916169613487,Garima Das,Varanasi,Uttar Pradesh,BSNL,Mobile,0
+918181908264,Poonam Singh,Pune,Maharashtra,Vodafone Idea,Mobile,0
+919310373870,Anita Chauhan,Amritsar,Punjab,Airtel,Mobile,0
+917127812894,Neha Gupta,Srinagar,Jammu & Kashmir,Airtel,Mobile,0
+916262218976,Roshan Thakur,Srinagar,Jammu & Kashmir,Vodafone Idea,Mobile,0
+917386832922,Anvi Khare,Gurugram,Haryana,Jio,Mobile,0
+917928960698,Seema Gowda,Kolkata,West Bengal,Vodafone Idea,Mobile,0
+919984759010,Ganesh Shetty,Ghaziabad,Uttar Pradesh,BSNL,Mobile,0
+918214201749,Sunanda More,Varanasi,Uttar Pradesh,Vodafone Idea,Mobile,0
+919643514741,Preeti Kumar,Chennai,Tamil Nadu,BSNL,Mobile,0
+917627640830,Pooja Shah,Madurai,Tamil Nadu,Vodafone Idea,Mobile,0
+919978858936,Pradeep Shinde,Faridabad,Haryana,Jio,Mobile,0
+917890666497,Radha Bose,Dehradun,Uttarakhand,Jio,Mobile,0
+917612451979,Vihaan Mandal,Bhopal,Madhya Pradesh,Airtel,Mobile,0
+917953995880,Simran Pandey,Dehradun,Uttarakhand,Vodafone Idea,Mobile,0
+918553066227,Karthik Das,Visakhapatnam,Andhra Pradesh,Jio,Mobile,0
+919923793270,Vikram Menon,Aurangabad,Maharashtra,Airtel,Mobile,0
+918623215919,Rahul Khanna,Srinagar,Jammu & Kashmir,Jio,Mobile,0
+917111053232,Vihaan Khare,Ghaziabad,Uttar Pradesh,BSNL,Mobile,0
+918676949184,Preeti Khare,Agra,Uttar Pradesh,Vodafone Idea,Mobile,0
+917910657586,Pradeep Khanna,Thiruvananthapuram,Kerala,Airtel,Mobile,0
+917196664906,Nitesh Singh,Srinagar,Jammu & Kashmir,Vodafone Idea,Mobile,0
+919576804435,Jyoti Paul,Madurai,Tamil Nadu,Vodafone Idea,Mobile,0
+917460749452,Rajesh Jadeja,Allahabad,Uttar Pradesh,Vodafone Idea,Mobile,0
+917662040365,Arnav Raina,Faridabad,Haryana,Jio,Mobile,0
+919044638631,Nitin Solanki,Gwalior,Madhya Pradesh,Jio,Mobile,0
+918922538184,Arun Choudhary,Visakhapatnam,Andhra Pradesh,Vodafone Idea,Mobile,0
+918759980574,Sushma Kurup,Kolkata,West Bengal,Jio,Mobile,0
+917671438267,Kiran Sharma,Jaipur,Rajasthan,Jio,Mobile,0
+916087656426,Sarita Pawar,Udaipur,Rajasthan,Vodafone Idea,Mobile,0
+917078892007,Mukul Biswas,Indore,Madhya Pradesh,BSNL,Mobile,0
+917932201366,Namita Solanki,Udaipur,Rajasthan,Jio,Mobile,0
+918146227844,Sunita Bisht,Allahabad,Uttar Pradesh,Jio,Mobile,0
+919142807099,Sarita Kurup,Jaipur,Rajasthan,Vodafone Idea,Mobile,0
+919636830188,Nitesh Singhal,Nagpur,Maharashtra,Jio,Mobile,0
+918740415530,Manish Saikia,Kolkata,West Bengal,BSNL,Mobile,0
+917966528034,Geeta Banerjee,Chandigarh,Punjab,Airtel,Mobile,0
+919020146067,Namita Chakraborty,Thane,Maharashtra,BSNL,Mobile,0
+918958534100,Tushar Desai,Madurai,Tamil Nadu,Airtel,Mobile,0
+918086409139,Navpreet Bora,Surat,Gujarat,Vodafone Idea,Mobile,0
+918251818298,Deepa Banerjee,Indore,Madhya Pradesh,Vodafone Idea,Mobile,0
+919634054642,Bhavna Khanna,Rajkot,Gujarat,Vodafone Idea,Mobile,0
+919153207070,Reshma Hegde,Amritsar,Punjab,Jio,Mobile,0
+917261711193,Archana Deshmukh,Agra,Uttar Pradesh,Airtel,Mobile,0
+918036919589,Amanpreet Shekhawat,Ghaziabad,Uttar Pradesh,Airtel,Mobile,0
+919483651041,Pavan Roy,Guwahati,Assam,BSNL,Mobile,0
+919567235389,Archana Bose,Jaipur,Rajasthan,Vodafone Idea,Mobile,0
+919019151398,Rajeev Roy,Delhi,Delhi,Airtel,Mobile,0
+918194972849,Ashish Rao,Mumbai,Maharashtra,Jio,Mobile,0
+918966928991,Savita Mir,Udaipur,Rajasthan,Airtel,Mobile,0
+919557225267,Sushma Dar,Faridabad,Haryana,Jio,Mobile,0
+918070938659,Lalit Chopra,Jodhpur,Rajasthan,BSNL,Mobile,0
+918424409926,Rajesh Modi,Madurai,Tamil Nadu,Vodafone Idea,Mobile,0
+918817808415,Lalita Khanna,Bhubaneswar,Odisha,Vodafone Idea,Mobile,0
+918342754269,Radha Agarwal,Amritsar,Punjab,Jio,Mobile,0
+917029781675,Satish Gowda,Chandigarh,Punjab,Vodafone Idea,Mobile,0
+916158122243,Sumit Ahuja,Chennai,Tamil Nadu,Airtel,Mobile,0
+917764371794,Reshma Chatterjee,Indore,Madhya Pradesh,BSNL,Mobile,0
+917552328145,Anjali Paul,Belgaum,Karnataka,BSNL,Mobile,0
+918816471633,Kapil Banerjee,Noida,Uttar Pradesh,Vodafone Idea,Mobile,0
+918139205672,Vipul Chauhan,Mysore,Karnataka,Jio,Mobile,0
+917628149296,Ravi Biswas,Amritsar,Punjab,Jio,Mobile,0
+917642654530,Reema Chauhan,Amritsar,Punjab,Vodafone Idea,Mobile,0
+916181940577,Vikram Patel,Mysore,Karnataka,Jio,Mobile,0
+919630787803,Umesh Rajput,Thane,Maharashtra,Jio,Mobile,0
+916069284621,Reema Khare,Hubli,Karnataka,Jio,Mobile,0
+917514152381,Kunal Bose,Shimla,Himachal Pradesh,Vodafone Idea,Mobile,0
+919239529702,Sapna Goyal,Ludhiana,Punjab,Airtel,Mobile,0
+918342124940,Ashish Pandey,Chandigarh,Punjab,BSNL,Mobile,0
+919398534289,Rupesh Kulkarni,Mysore,Karnataka,Jio,Mobile,0
+917998179936,Lakshmi Tripathi,Varanasi,Uttar Pradesh,Jio,Mobile,0
+919578380035,Reshma Desai,Amritsar,Punjab,Vodafone Idea,Mobile,0
+916032699980,Vinod Tripathi,Gurugram,Haryana,Vodafone Idea,Mobile,0
+918633474569,Neelam Roy,Udaipur,Rajasthan,Airtel,Mobile,0
+918240259508,Aanya Dubey,Bhubaneswar,Odisha,Jio,Mobile,0
+918125003476,Seema Menon,Noida,Uttar Pradesh,Airtel,Mobile,0
+918186040440,Rupesh Warrier,Hyderabad,Telangana,Jio,Mobile,0
+916238586704,Ritu Gupta,Mysore,Karnataka,Jio,Mobile,0
+919572585779,Sai Patel,Coimbatore,Tamil Nadu,Vodafone Idea,Mobile,0
+918539355324,Sachin Bhat,Delhi,Delhi,Jio,Mobile,0
+918427568174,Paresh Kumar,Ghaziabad,Uttar Pradesh,Jio,Mobile,0
+918011180350,Divya Rathore,Jaipur,Rajasthan,Jio,Mobile,0
+918837980101,Aditya Barua,Thiruvananthapuram,Kerala,Jio,Mobile,0
+916063690491,Amita Chakraborty,Kochi,Kerala,Jio,Mobile,0
+917539543151,Tarun Sarkar,Visakhapatnam,Andhra Pradesh,Vodafone Idea,Mobile,0
+917411875969,Ganesh Sen,Ghaziabad,Uttar Pradesh,Vodafone Idea,Mobile,0
+919292068135,Shravan Shinde,Tiruchirappalli,Tamil Nadu,Vodafone Idea,Mobile,0
+916112590314,Savita Modi,Delhi,Delhi,Airtel,Mobile,0
+918093192999,Mukul Reddy,Lucknow,Uttar Pradesh,Airtel,Mobile,0
+918717815302,Ajay Paul,Dehradun,Uttarakhand,Jio,Mobile,0
+917312536229,Rupesh Sharma,Agra,Uttar Pradesh,Jio,Mobile,0
+917752842171,Advik Singh,Agra,Uttar Pradesh,Airtel,Mobile,0
+918136565596,Vinita Mathur,Bhubaneswar,Odisha,Jio,Mobile,0
+919339235012,Girish Negi,Mangalore,Karnataka,Jio,Mobile,0
+918955028207,Harpreet Bhatia,Thane,Maharashtra,Vodafone Idea,Mobile,0
+919266976137,Aarav Malhotra,Faridabad,Haryana,Vodafone Idea,Mobile,0
+918845994770,Ritu Chopra,Varanasi,Uttar Pradesh,BSNL,Mobile,0
+917644111148,Nitesh Yadav,Pune,Maharashtra,BSNL,Mobile,0
+918928438607,Ayaan Biswas,Varanasi,Uttar Pradesh,Airtel,Mobile,0
+916380306754,Pooja Rathore,Navi Mumbai,Maharashtra,Airtel,Mobile,0
+917919107526,Ritu Singh,Kochi,Kerala,Vodafone Idea,Mobile,0
+919599825329,Sneha Chakraborty,Bangalore,Karnataka,Vodafone Idea,Mobile,0
+917798325860,Reema Khare,Visakhapatnam,Andhra Pradesh,Jio,Mobile,0
+917725041482,Vinod Pant,Allahabad,Uttar Pradesh,Jio,Mobile,0
+916191712873,Kishan Banerjee,Hyderabad,Telangana,Jio,Mobile,0
+918820721591,Mohan Agarwal,Srinagar,Jammu & Kashmir,Jio,Mobile,0
+917443625612,Sneha Rao,Varanasi,Uttar Pradesh,Airtel,Mobile,0
+917155932582,Ritu Raina,Agra,Uttar Pradesh,Vodafone Idea,Mobile,0
+917684703150,Rupesh Chakraborty,Lucknow,Uttar Pradesh,Airtel,Mobile,0
+919414257973,Krishna Shukla,Allahabad,Uttar Pradesh,BSNL,Mobile,0
+918119841680,Ramesh Rajput,Gwalior,Madhya Pradesh,Airtel,Mobile,0
+919216360896,Shalini Sarkar,Vadodara,Gujarat,Airtel,Mobile,0
+916233825332,Ansh Suri,Mumbai,Maharashtra,Airtel,Mobile,0
+918659904026,Ayaan Dhawan,Delhi,Delhi,Airtel,Mobile,0
+918954383077,Pooja Dutta,Chennai,Tamil Nadu,Airtel,Mobile,0
+919767168702,Shravan Arora,Bhopal,Madhya Pradesh,Vodafone Idea,Mobile,0
+919885081132,Kavita Tomar,Rajkot,Gujarat,Vodafone Idea,Mobile,0
+919645137068,Sai Ghosh,Delhi,Delhi,Jio,Mobile,0
+918759104971,Nandini Dey,Allahabad,Uttar Pradesh,Jio,Mobile,0
+916092819880,Ananya Thakur,Jodhpur,Rajasthan,Jio,Mobile,0
+917640492665,Naveen Talwar,Bangalore,Karnataka,BSNL,Mobile,0
+916085550125,Hitesh Bhat,Pune,Maharashtra,Airtel,Mobile,0
+919754123768,Ishaan Tomar,Jammu,Jammu & Kashmir,Vodafone Idea,Mobile,0
+918631110109,Sapna Dhawan,Aurangabad,Maharashtra,Vodafone Idea,Mobile,0
+917053701639,Bhavna Singhal,Kanpur,Uttar Pradesh,BSNL,Mobile,0
+916394876576,Shalini Pandey,Jaipur,Rajasthan,Vodafone Idea,Mobile,0
+918317453983,Pradeep Wani,Indore,Madhya Pradesh,BSNL,Mobile,0
+918455098570,Satish Pawar,Jammu,Jammu & Kashmir,Jio,Mobile,0
+919034189912,Ravi Paul,Lucknow,Uttar Pradesh,Airtel,Mobile,0
+918298597718,Vivaan Gupta,Gurugram,Haryana,Jio,Mobile,0
+917685209000,Asha Pillai,Patna,Bihar,Airtel,Mobile,0
+916154791273,Puneet Sethi,Surat,Gujarat,Airtel,Mobile,0
+917717297245,Jaspreet Bhatia,Raipur,Chhattisgarh,BSNL,Mobile,0
+917825906596,Mahesh Sen,Nagpur,Maharashtra,Airtel,Mobile,0
+917956393079,Karun Biswas,Delhi,Delhi,BSNL,Mobile,0
+917278570213,Kuldeep Ahuja,Faridabad,Haryana,BSNL,Mobile,0
+918913101759,Brijesh Mehta,Ranchi,Jharkhand,Vodafone Idea,Mobile,0
+919623854606,Karthik Nair,Lucknow,Uttar Pradesh,BSNL,Mobile,0
+917183817834,Dinesh Shah,Varanasi,Uttar Pradesh,Vodafone Idea,Mobile,0
+918737415701,Ritu Biswas,Kolkata,West Bengal,Airtel,Mobile,0
+919689386242,Rekha Sharma,Visakhapatnam,Andhra Pradesh,Vodafone Idea,Mobile,0
+916052634424,Manju Pandey,Bangalore,Karnataka,Jio,Mobile,0
+919473029677,Sapna Pillai,Lucknow,Uttar Pradesh,Vodafone Idea,Mobile,0
+918970618655,Rachna Khanna,Ludhiana,Punjab,Airtel,Mobile,0
+919368900038,Shalini Pai,Navi Mumbai,Maharashtra,Vodafone Idea,Mobile,0
+916045251991,Sanjay Kamath,Allahabad,Uttar Pradesh,Jio,Mobile,0
+916043631171,Advik Malhotra,Chennai,Tamil Nadu,Vodafone Idea,Mobile,0
+917111728656,Manoj Parmar,Tiruchirappalli,Tamil Nadu,Jio,Mobile,0
+918020535581,Aarush Tomar,Pune,Maharashtra,BSNL,Mobile,0
+918439807981,Aditya Kapoor,Rajkot,Gujarat,Jio,Mobile,0
+918253370354,Manpreet Chakraborty,Faridabad,Haryana,Jio,Mobile,0
+919727691744,Meera Rawat,Ludhiana,Punjab,Vodafone Idea,Mobile,0
+918066812106,Sneha Dutta,Navi Mumbai,Maharashtra,BSNL,Mobile,0
+917935679178,Rachna Saxena,Chandigarh,Punjab,BSNL,Mobile,0
+918028257667,Rashmi Mukherjee,Thane,Maharashtra,Jio,Mobile,0
+919489317065,Jyoti Mehta,Kanpur,Uttar Pradesh,Jio,Mobile,0
+916267882878,Preeti Rao,Ranchi,Jharkhand,Vodafone Idea,Mobile,0
+919365300188,Reema More,Bhopal,Madhya Pradesh,Jio,Mobile,0
+917443335455,Arjun Chopra,Chennai,Tamil Nadu,Airtel,Mobile,0
+918856897593,Mohit Shetty,Udaipur,Rajasthan,Jio,Mobile,0
+916029470564,Vijay Malhotra,Salem,Tamil Nadu,Vodafone Idea,Mobile,0
+916371714681,Tarun Gupta,Ahmedabad,Gujarat,Vodafone Idea,Mobile,0
+919813767431,Karun Dey,Pune,Maharashtra,Vodafone Idea,Mobile,0
+918089684218,Rakesh Yadav,Bhubaneswar,Odisha,BSNL,Mobile,0
+917269041018,Mohan Mandal,Visakhapatnam,Andhra Pradesh,BSNL,Mobile,0
+917059585143,Puneet Mir,Allahabad,Uttar Pradesh,Vodafone Idea,Mobile,0
+919987239889,Aditya Vaghela,Varanasi,Uttar Pradesh,BSNL,Mobile,0
+917142281254,Sarita Jain,Bhopal,Madhya Pradesh,BSNL,Mobile,0
+918743829150,Arjun Khanna,Pune,Maharashtra,Jio,Mobile,0
+917218976186,Bhavna Bisht,Vijayawada,Andhra Pradesh,BSNL,Mobile,0
+919067418251,Anvi Verma,Madurai,Tamil Nadu,BSNL,Mobile,0
+919039668078,Suresh Roy,Tiruchirappalli,Tamil Nadu,BSNL,Mobile,0
+919872704733,Vandana Gogoi,Visakhapatnam,Andhra Pradesh,BSNL,Mobile,0
+919276284567,Savita Tandon,Thiruvananthapuram,Kerala,Jio,Mobile,0
+919830428494,Ajay Chauhan,Chandigarh,Punjab,Airtel,Mobile,0
+916221176997,Yogesh Nair,Thane,Maharashtra,Airtel,Mobile,0
+917390387806,Gurpreet Chatterjee,Allahabad,Uttar Pradesh,Jio,Mobile,0
+918349772353,Yogesh Saxena,Raipur,Chhattisgarh,Vodafone Idea,Mobile,0
+917766755194,Mohan Mehta,Guwahati,Assam,Jio,Mobile,0
+917550204790,Sukhpreet Kumar,Vadodara,Gujarat,Airtel,Mobile,0
+919513744228,Diya Shukla,Aurangabad,Maharashtra,Jio,Mobile,0
+919624997299,Hitesh Mitra,Hubli,Karnataka,Airtel,Mobile,0
+919063930428,Manoj Bhatia,Madurai,Tamil Nadu,Vodafone Idea,Mobile,0
+917129853967,Harpreet Choudhary,Jabalpur,Madhya Pradesh,Vodafone Idea,Mobile,0
+918857475638,Deepa Rao,Thane,Maharashtra,BSNL,Mobile,0
+919141761236,Krishna Sarkar,Thane,Maharashtra,Vodafone Idea,Mobile,0
+918410057380,Jyoti Shetty,Mysore,Karnataka,Vodafone Idea,Mobile,0
+919287032252,Manpreet Pant,Agra,Uttar Pradesh,Vodafone Idea,Mobile,0
+918982754927,Kavita Bisht,Kochi,Kerala,Airtel,Mobile,0
+917888648162,Nitin Solanki,Madurai,Tamil Nadu,BSNL,Mobile,0
+918797835021,Kiran Sarkar,Thiruvananthapuram,Kerala,Airtel,Mobile,0
+919141570558,Pradeep Suri,Gurugram,Haryana,BSNL,Mobile,0
+916330457943,Sneha Mir,Madurai,Tamil Nadu,Jio,Mobile,0
+919773475077,Sunita More,Ghaziabad,Uttar Pradesh,Vodafone Idea,Mobile,0
+918628159279,Namita Warrier,Shimla,Himachal Pradesh,Airtel,Mobile,0
+917397025641,Hitesh Sarkar,Ahmedabad,Gujarat,Jio,Mobile,0
+917429543170,Bhavna Paul,Mumbai,Maharashtra,Vodafone Idea,Mobile,0
+918030204311,Rakesh Dubey,Surat,Gujarat,BSNL,Mobile,0
+919642019452,Aarohi Mehra,Dehradun,Uttarakhand,Airtel,Mobile,0
+919495244710,Neelam Bajaj,Vadodara,Gujarat,Airtel,Mobile,0
+919479506240,Radha Chatterjee,Jodhpur,Rajasthan,Airtel,Mobile,0
+919267982406,Poonam Mehta,Lucknow,Uttar Pradesh,Vodafone Idea,Mobile,0
+918639249580,Reyansh Arora,Bangalore,Karnataka,Vodafone Idea,Mobile,0
+916124914797,Namita Solanki,Indore,Madhya Pradesh,BSNL,Mobile,0
+919952770257,Savita Paul,Vijayawada,Andhra Pradesh,Airtel,Mobile,0
+917315886302,Ritu Bhatia,Jammu,Jammu & Kashmir,Jio,Mobile,0
+918071440229,Rahul Arora,Aurangabad,Maharashtra,BSNL,Mobile,0
+917523349645,Harish Yadav,Pune,Maharashtra,Vodafone Idea,Mobile,0
+918415461394,Swapna Wani,Jammu,Jammu & Kashmir,Vodafone Idea,Mobile,0
+919858305572,Jaspreet Rawat,Varanasi,Uttar Pradesh,Vodafone Idea,Mobile,0
+919076788985,Pooja Verma,Ranchi,Jharkhand,BSNL,Mobile,0
+917299436965,Rudra Malhotra,Mumbai,Maharashtra,BSNL,Mobile,0
+918286022351,Nitin Mitra,Mangalore,Karnataka,BSNL,Mobile,0
+918321074663,Nitesh Mitra,Salem,Tamil Nadu,Vodafone Idea,Mobile,0
+918545228755,Nitesh Kamath,Ahmedabad,Gujarat,BSNL,Mobile,0
+917089227808,Dhruv Barua,Nagpur,Maharashtra,Jio,Mobile,0
+917019181021,Meera Mishra,Amritsar,Punjab,Vodafone Idea,Mobile,0
+918663932780,Shalini Rajput,Mumbai,Maharashtra,Vodafone Idea,Mobile,0
+918239893254,Ashish Nair,Dehradun,Uttarakhand,BSNL,Mobile,0
+918520782725,Amita Rawat,Raipur,Chhattisgarh,Vodafone Idea,Mobile,0
+917384254852,Vineet Khare,Ludhiana,Punjab,Vodafone Idea,Mobile,0
+918174617863,Kabir Kumar,Jabalpur,Madhya Pradesh,Jio,Mobile,0
+919076552374,Sohan Wani,Shimla,Himachal Pradesh,Vodafone Idea,Mobile,0
+918246470797,Ganesh Negi,Vijayawada,Andhra Pradesh,Vodafone Idea,Mobile,0
+918683741360,Puneet Kaul,Navi Mumbai,Maharashtra,Vodafone Idea,Mobile,0
+919955535272,Sarita Kaul,Ghaziabad,Uttar Pradesh,Airtel,Mobile,0
+918911486278,Priya Mathur,Kochi,Kerala,BSNL,Mobile,0
+918624810860,Dhruv Yadav,Salem,Tamil Nadu,Jio,Mobile,0
+918473344579,Brijesh Bisht,Thane,Maharashtra,BSNL,Mobile,0
+918787143364,Ajay Bhat,Tiruchirappalli,Tamil Nadu,Jio,Mobile,0
+919911012583,Arjun Shah,Tiruchirappalli,Tamil Nadu,BSNL,Mobile,0
+919612084760,Diya Paul,Jodhpur,Rajasthan,Vodafone Idea,Mobile,0
+919178571396,Shravan More,Pune,Maharashtra,Airtel,Mobile,0
+918840900300,Rohit Nair,Patna,Bihar,BSNL,Mobile,0
+917217040728,Kabir Thakur,Bhopal,Madhya Pradesh,Jio,Mobile,0
+917163037887,Nandini Garg,Indore,Madhya Pradesh,Jio,Mobile,0
+918894833288,Divya Gupta,Shimla,Himachal Pradesh,BSNL,Mobile,0
+919559130515,Karun Yadav,Visakhapatnam,Andhra Pradesh,Vodafone Idea,Mobile,0
+919173803872,Ashish Chauhan,Visakhapatnam,Andhra Pradesh,BSNL,Mobile,0
+919528108723,Jitesh Chatterjee,Patna,Bihar,BSNL,Mobile,0
+919370544771,Pari Mir,Noida,Uttar Pradesh,Jio,Mobile,0
+918871918123,Smita Shukla,Gwalior,Madhya Pradesh,Vodafone Idea,Mobile,0
+916150158979,Kabir Tandon,Allahabad,Uttar Pradesh,Vodafone Idea,Mobile,0
+917840849308,Ishaan Rawat,Hyderabad,Telangana,Jio,Mobile,0
+916074293181,Aanya Gowda,Ghaziabad,Uttar Pradesh,Airtel,Mobile,0
+918580447223,Geeta Kamath,Allahabad,Uttar Pradesh,BSNL,Mobile,0
+919523408024,Padma Chauhan,Pune,Maharashtra,Vodafone Idea,Mobile,0
+919698606160,Hitesh Bhatia,Bhubaneswar,Odisha,Vodafone Idea,Mobile,0
+917088274341,Varun Saxena,Vadodara,Gujarat,Jio,Mobile,0
+917333393957,Vijay Iyer,Guwahati,Assam,Airtel,Mobile,0
+918872214873,Manoj Naidu,Ahmedabad,Gujarat,Airtel,Mobile,0
+919455909490,Yash Menon,Udaipur,Rajasthan,BSNL,Mobile,0
+918255874288,Vinod Suri,Surat,Gujarat,Airtel,Mobile,0
+918660065228,Ayaan Sen,Jabalpur,Madhya Pradesh,Vodafone Idea,Mobile,0
+917057787497,Ishaan Bora,Hyderabad,Telangana,Jio,Mobile,0
+917126177677,Asha Naidu,Ludhiana,Punjab,Jio,Mobile,0
+918033359665,Vinod Warrier,Guwahati,Assam,Airtel,Mobile,0
+916061502124,Aadhya Banerjee,Indore,Madhya Pradesh,Jio,Mobile,0
+919180778678,Rachna Raina,Srinagar,Jammu & Kashmir,BSNL,Mobile,0
+917898012427,Padma Ahuja,Vijayawada,Andhra Pradesh,Vodafone Idea,Mobile,0
+916067495269,Vipul Kaul,Hubli,Karnataka,BSNL,Mobile,0
+917941344244,Preeti Tomar,Mysore,Karnataka,BSNL,Mobile,0
+919527741847,Vinod Dar,Pune,Maharashtra,Vodafone Idea,Mobile,0
+917229996443,Rahul Saikia,Guwahati,Assam,BSNL,Mobile,0
+919583855335,Ananya Shah,Ludhiana,Punjab,BSNL,Mobile,0
+917995471347,Kishan Ghosh,Chandigarh,Punjab,BSNL,Mobile,0
+919260963360,Ashish Singhal,Ludhiana,Punjab,Airtel,Mobile,0
+918924018249,Harish Pawar,Ahmedabad,Gujarat,Vodafone Idea,Mobile,0
+918984548862,Rohan Shetty,Tiruchirappalli,Tamil Nadu,Jio,Mobile,0
+919933525071,Nisha Mishra,Noida,Uttar Pradesh,Airtel,Mobile,0
+917369287438,Nitesh Malhotra,Pune,Maharashtra,Airtel,Mobile,0
+919995105894,Poonam Rao,Guwahati,Assam,Airtel,Mobile,0
+918585878965,Ganesh Tiwari,Hyderabad,Telangana,BSNL,Mobile,0
+919172538795,Tarun Mitra,Kanpur,Uttar Pradesh,Jio,Mobile,0
+918672130019,Navpreet Naidu,Dehradun,Uttarakhand,Jio,Mobile,0
+919011912505,Shaurya Reddy,Agra,Uttar Pradesh,Vodafone Idea,Mobile,0
+919564504610,Navpreet Ahuja,Kolkata,West Bengal,Vodafone Idea,Mobile,0
+919962434443,Amanpreet Tripathi,Ghaziabad,Uttar Pradesh,Vodafone Idea,Mobile,0
+917223731365,Harpreet Pant,Udaipur,Rajasthan,Jio,Mobile,0
+916220653826,Aarohi Kapoor,Ahmedabad,Gujarat,BSNL,Mobile,0
+916022139055,Ganesh Garg,Allahabad,Uttar Pradesh,BSNL,Mobile,0
+917980518428,Sukhpreet Modi,Rajkot,Gujarat,BSNL,Mobile,0
+919368637676,Gaurav Chauhan,Mysore,Karnataka,Airtel,Mobile,0
+917215129212,Shravan Gowda,Srinagar,Jammu & Kashmir,Vodafone Idea,Mobile,0
+917439474749,Anika Bhatia,Thane,Maharashtra,BSNL,Mobile,0
+916354254410,Chetan Dar,Bhubaneswar,Odisha,Jio,Mobile,0
+918537883300,Chetan Khanna,Mangalore,Karnataka,BSNL,Mobile,0
+917389415973,Archana Saxena,Mangalore,Karnataka,Jio,Mobile,0
+917248293721,Uma Jadeja,Lucknow,Uttar Pradesh,Jio,Mobile,0
+918566866703,Sunita Choudhary,Hubli,Karnataka,BSNL,Mobile,0
+918826455319,Neelam Garg,Thiruvananthapuram,Kerala,BSNL,Mobile,0
+918758985838,Brijesh Mandal,Jodhpur,Rajasthan,Jio,Mobile,0
+919172208124,Manoj Shah,Mangalore,Karnataka,Vodafone Idea,Mobile,0
+919277964196,Pavan Tripathi,Salem,Tamil Nadu,BSNL,Mobile,0
+918725029828,Rupesh Goyal,Chandigarh,Punjab,Vodafone Idea,Mobile,0
+917039228316,Neelam Sarkar,Gurugram,Haryana,Airtel,Mobile,0
+918129941462,Reema Thakur,Ghaziabad,Uttar Pradesh,Airtel,Mobile,0
+919822241483,Aanya Dey,Jodhpur,Rajasthan,BSNL,Mobile,0
+918038216644,Poonam Bajaj,Thane,Maharashtra,BSNL,Mobile,0
+919555517897,Sai Kamath,Raipur,Chhattisgarh,Vodafone Idea,Mobile,0
+917940324822,Krishna Ghosh,Aurangabad,Maharashtra,Airtel,Mobile,0
+919859030737,Mohan Hegde,Coimbatore,Tamil Nadu,BSNL,Mobile,0
+919736314756,Sai Joshi,Jabalpur,Madhya Pradesh,Jio,Mobile,0
+917695362892,Paresh Mitra,Vadodara,Gujarat,Jio,Mobile,0
+918766250309,Chetan Das,Chennai,Tamil Nadu,Vodafone Idea,Mobile,0
+917124143634,Harpreet Naidu,Rajkot,Gujarat,Jio,Mobile,0
+918258434786,Arun Shukla,Bhubaneswar,Odisha,BSNL,Mobile,0
+916255508008,Swati Negi,Tiruchirappalli,Tamil Nadu,Vodafone Idea,Mobile,0
+917614702400,Yash Negi,Bhubaneswar,Odisha,BSNL,Mobile,0
+918948443984,Bhavna Pant,Chandigarh,Punjab,Airtel,Mobile,0
+919630797901,Ramesh Bhatia,Aurangabad,Maharashtra,Jio,Mobile,0
+918939413470,Manoj Rao,Delhi,Delhi,Vodafone Idea,Mobile,0
+918336860097,Jitesh Ahuja,Varanasi,Uttar Pradesh,BSNL,Mobile,0
+919662525441,Anita Pant,Kanpur,Uttar Pradesh,Airtel,Mobile,0
+919786936486,Shravan Khare,Delhi,Delhi,Jio,Mobile,0
+919562996945,Tarun Das,Ahmedabad,Gujarat,Jio,Mobile,0
+917582958366,Harpreet Wani,Raipur,Chhattisgarh,Jio,Mobile,0
+918854502104,Ashish Shetty,Kochi,Kerala,Vodafone Idea,Mobile,0
+918644349852,Harpreet Gowda,Jaipur,Rajasthan,Jio,Mobile,0
+919923445799,Myra Deshmukh,Mysore,Karnataka,Vodafone Idea,Mobile,0
+919610478550,Paresh Paul,Belgaum,Karnataka,Vodafone Idea,Mobile,0
+916248731931,Rajeev Mitra,Nagpur,Maharashtra,Jio,Mobile,0
+919648938068,Bhavna Garg,Coimbatore,Tamil Nadu,Vodafone Idea,Mobile,0
+917871302434,Manju Khanna,Nashik,Maharashtra,BSNL,Mobile,0
+916289266439,Deepa Paul,Jammu,Jammu & Kashmir,Jio,Mobile,0
+919080886441,Namita Talwar,Surat,Gujarat,Jio,Mobile,0
+916288759016,Ishaan Rao,Agra,Uttar Pradesh,Airtel,Mobile,0
+916275991694,Ganesh Dubey,Delhi,Delhi,Jio,Mobile,0
+919165740111,Sai Joshi,Gwalior,Madhya Pradesh,Jio,Mobile,0
+917083846518,Aadhya Kumar,Ranchi,Jharkhand,BSNL,Mobile,0
+919712307369,Ritu Mir,Hubli,Karnataka,Airtel,Mobile,0
+918751366430,Anvi Hegde,Chennai,Tamil Nadu,Vodafone Idea,Mobile,0
+917883820973,Yogesh Singhal,Raipur,Chhattisgarh,Vodafone Idea,Mobile,0
+919733621408,Tejinder Chakraborty,Amritsar,Punjab,Jio,Mobile,0
+917083989925,Pankaj Deshmukh,Noida,Uttar Pradesh,Jio,Mobile,0
+916358582454,Myra Kapoor,Nashik,Maharashtra,Vodafone Idea,Mobile,0
+917866046387,Hitesh Vaghela,Ghaziabad,Uttar Pradesh,Airtel,Mobile,0
+917477748521,Shravan Deshmukh,Jabalpur,Madhya Pradesh,Vodafone Idea,Mobile,0
+917787229573,Vandana Shah,Gurugram,Haryana,Jio,Mobile,0
+917440294107,Nitin Pant,Jammu,Jammu & Kashmir,Jio,Mobile,0
+916151622273,Reyansh Banerjee,Chandigarh,Punjab,Vodafone Idea,Mobile,0
+919812938222,Ravi Goyal,Srinagar,Jammu & Kashmir,Jio,Mobile,0
+917810765901,Puneet Thakur,Thiruvananthapuram,Kerala,BSNL,Mobile,0
+918491150771,Garima Verma,Aurangabad,Maharashtra,BSNL,Mobile,0
+918157462511,Aanya Talwar,Surat,Gujarat,BSNL,Mobile,0
+916255576140,Deepak Desai,Tiruchirappalli,Tamil Nadu,Airtel,Mobile,0
+917156658395,Sushma Kurup,Madurai,Tamil Nadu,BSNL,Mobile,0
+918119357438,Anika Patel,Hyderabad,Telangana,Jio,Mobile,0
+917866550481,Kavita Dhawan,Ranchi,Jharkhand,Jio,Mobile,0
+919070836368,Aarohi Chopra,Faridabad,Haryana,BSNL,Mobile,0
+918324959613,Vinod Iyer,Bhubaneswar,Odisha,BSNL,Mobile,0
+916211643710,Ritesh Kulkarni,Mangalore,Karnataka,Airtel,Mobile,0
+919560490420,Pavan Dey,Thiruvananthapuram,Kerala,Jio,Mobile,0
+917826675861,Kunal Shukla,Visakhapatnam,Andhra Pradesh,Jio,Mobile,0
+917387283411,Gurpreet Suri,Mumbai,Maharashtra,Vodafone Idea,Mobile,0
+918666457348,Padma Bajaj,Aurangabad,Maharashtra,Jio,Mobile,0
+918576947578,Aanya Singh,Indore,Madhya Pradesh,BSNL,Mobile,0
+919419853043,Nitin Modi,Vijayawada,Andhra Pradesh,Vodafone Idea,Mobile,0
+917360504107,Suresh Verma,Udaipur,Rajasthan,Airtel,Mobile,0
+916167877105,Poonam Pawar,Surat,Gujarat,Jio,Mobile,0
+919557742254,Rekha Deshmukh,Tiruchirappalli,Tamil Nadu,Airtel,Mobile,0
+919183623362,Archana Tomar,Nashik,Maharashtra,Jio,Mobile,0
+916249340376,Manpreet Gowda,Jodhpur,Rajasthan,Vodafone Idea,Mobile,0
+918613106391,Rohan Bajaj,Mumbai,Maharashtra,BSNL,Mobile,0
+916169144465,Karun Sen,Bhubaneswar,Odisha,Jio,Mobile,0
+916060194205,Gaurav Negi,Rajkot,Gujarat,Vodafone Idea,Mobile,0
+917755212707,Vihaan Mehta,Ahmedabad,Gujarat,Airtel,Mobile,0
+916271724321,Rashmi Tandon,Vadodara,Gujarat,Airtel,Mobile,0
+918654479080,Sanjay Rawat,Patna,Bihar,Airtel,Mobile,0
+918895754386,Rajeev Arora,Raipur,Chhattisgarh,Jio,Mobile,0
+918567102792,Atharv More,Gwalior,Madhya Pradesh,Vodafone Idea,Mobile,0
+918798327084,Naman Rathore,Thiruvananthapuram,Kerala,Vodafone Idea,Mobile,0
+917786126417,Umesh Kurup,Guwahati,Assam,Jio,Mobile,0
+918038089601,Swapna Goyal,Amritsar,Punjab,BSNL,Mobile,0
+917856585319,Vandana Wani,Mysore,Karnataka,Airtel,Mobile,0
+917896709719,Sunanda Mehra,Jaipur,Rajasthan,BSNL,Mobile,0
+919926171126,Shikha Patil,Thiruvananthapuram,Kerala,BSNL,Mobile,0
+919733400891,Sunanda Joshi,Rajkot,Gujarat,BSNL,Mobile,0
+919299693988,Sara Barua,Rajkot,Gujarat,Airtel,Mobile,0
+917247498685,Sanjiv Sharma,Patna,Bihar,Jio,Mobile,0
+919736922927,Harpreet Kaul,Mysore,Karnataka,BSNL,Mobile,0
+919524102027,Arnav Mehra,Jabalpur,Madhya Pradesh,BSNL,Mobile,0
+918391757129,Arun Bhat,Thiruvananthapuram,Kerala,Airtel,Mobile,0
+918329643532,Swapna Shinde,Chennai,Tamil Nadu,Jio,Mobile,0
+918412204084,Sumit Kulkarni,Raipur,Chhattisgarh,Jio,Mobile,0
+919333258517,Shalini Dutta,Lucknow,Uttar Pradesh,Jio,Mobile,0
+918019849680,Advik Iyer,Gurugram,Haryana,Airtel,Mobile,0
+919687640586,Suresh Agarwal,Jabalpur,Madhya Pradesh,Airtel,Mobile,0
+918755305705,Umesh Kumar,Dehradun,Uttarakhand,Jio,Mobile,0
+916385173539,Tejinder Verma,Salem,Tamil Nadu,BSNL,Mobile,0
+917747890345,Neelam Suri,Rajkot,Gujarat,Airtel,Mobile,0
+919460385676,Reyansh Bhatia,Nashik,Maharashtra,Jio,Mobile,0
+916317334170,Sanjiv Ghosh,Bangalore,Karnataka,Jio,Mobile,0
+916359554560,Reema Roy,Mumbai,Maharashtra,Airtel,Mobile,0
+917282091261,Ganesh Pawar,Rajkot,Gujarat,BSNL,Mobile,0
+917869053762,Ravi Dey,Ahmedabad,Gujarat,Airtel,Mobile,0
+916024721867,Sunanda Bose,Tiruchirappalli,Tamil Nadu,Jio,Mobile,0
+917255865947,Archana Sharma,Belgaum,Karnataka,Jio,Mobile,0
+918083413342,Mukesh Mishra,Bhubaneswar,Odisha,Airtel,Mobile,0
+919618115268,Seema Patil,Hyderabad,Telangana,BSNL,Mobile,0
+917431560980,Neelam Patel,Bhubaneswar,Odisha,Airtel,Mobile,0
+916257506320,Amita Tiwari,Visakhapatnam,Andhra Pradesh,BSNL,Mobile,0
+919196867070,Simran Kaul,Varanasi,Uttar Pradesh,Jio,Mobile,0
+919369163271,Pavan Bhat,Ahmedabad,Gujarat,Airtel,Mobile,0
+916215049530,Nandini Mathur,Tiruchirappalli,Tamil Nadu,Airtel,Mobile,0
+916233191454,Arun Reddy,Kolkata,West Bengal,Airtel,Mobile,0
+917776486360,Aman Hegde,Raipur,Chhattisgarh,Vodafone Idea,Mobile,0
+918380808568,Pooja Bisht,Gurugram,Haryana,Vodafone Idea,Mobile,0
+917698865109,Vandana Singh,Bhubaneswar,Odisha,BSNL,Mobile,0
+916294742489,Deepak Garg,Gurugram,Haryana,Vodafone Idea,Mobile,0
+918633890689,Seema Mir,Jammu,Jammu & Kashmir,BSNL,Mobile,0
+919738676179,Sukhpreet Khare,Vijayawada,Andhra Pradesh,Airtel,Mobile,0
+919423760145,Varun Naidu,Chennai,Tamil Nadu,Airtel,Mobile,0
+916093933702,Yogesh Suri,Mangalore,Karnataka,Vodafone Idea,Mobile,0
+916372704687,Raman Pant,Vadodara,Gujarat,Jio,Mobile,0
+919425520576,Vijay Deshmukh,Shimla,Himachal Pradesh,Vodafone Idea,Mobile,0
+917180158204,Sunita Sharma,Vijayawada,Andhra Pradesh,Vodafone Idea,Mobile,0
+919170336420,Amanpreet Kaul,Raipur,Chhattisgarh,Vodafone Idea,Mobile,0
+916173046344,Reshma Singh,Ludhiana,Punjab,Vodafone Idea,Mobile,0
+919757880806,Harpreet Jadeja,Salem,Tamil Nadu,Jio,Mobile,0
+918537736895,Sohan Saxena,Gurugram,Haryana,Airtel,Mobile,0
+919876076034,Sara Hegde,Navi Mumbai,Maharashtra,BSNL,Mobile,0
+919593528580,Rohan Shetty,Bhopal,Madhya Pradesh,Vodafone Idea,Mobile,0
+917057736449,Padma Solanki,Mangalore,Karnataka,Vodafone Idea,Mobile,0
+916034009312,Mukesh Dubey,Ghaziabad,Uttar Pradesh,Vodafone Idea,Mobile,0
+917984765747,Garima Malhotra,Visakhapatnam,Andhra Pradesh,Vodafone Idea,Mobile,0
+918844292500,Neelam Desai,Mysore,Karnataka,BSNL,Mobile,0
+917040083079,Kavita Pawar,Varanasi,Uttar Pradesh,Vodafone Idea,Mobile,0
+919247316270,Pooja Bora,Srinagar,Jammu & Kashmir,BSNL,Mobile,0
+919819537033,Yash Tiwari,Jodhpur,Rajasthan,BSNL,Mobile,0
+917756717820,Vineet Iyer,Coimbatore,Tamil Nadu,BSNL,Mobile,0
+917818394798,Brijesh Desai,Nashik,Maharashtra,Vodafone Idea,Mobile,0
+918550876331,Meera Bhat,Mumbai,Maharashtra,Jio,Mobile,0
+918254444264,Rohit Das,Mumbai,Maharashtra,Airtel,Mobile,0
+916248108129,Shalini Kumar,Mumbai,Maharashtra,Vodafone Idea,Mobile,0
+916098805421,Aditya Nair,Nashik,Maharashtra,BSNL,Mobile,0
+917687950208,Ajay Tomar,Ludhiana,Punjab,BSNL,Mobile,0
+918529245477,Garima Bose,Hubli,Karnataka,BSNL,Mobile,0
+916095294075,Manoj Sen,Gwalior,Madhya Pradesh,BSNL,Mobile,0
+918847745086,Dinesh Choudhary,Jaipur,Rajasthan,Vodafone Idea,Mobile,0
+918086897220,Varun Gowda,Bhopal,Madhya Pradesh,Vodafone Idea,Mobile,0
+917758386037,Ganesh Shukla,Hubli,Karnataka,BSNL,Mobile,0
+918771746360,Vihaan Jadhav,Agra,Uttar Pradesh,BSNL,Mobile,0
+917960461765,Kiran Kamath,Srinagar,Jammu & Kashmir,Vodafone Idea,Mobile,0
+917751812075,Anjali Khanna,Hyderabad,Telangana,BSNL,Mobile,0
+918277365647,Kapil Bhatia,Ahmedabad,Gujarat,Jio,Mobile,0
+919859042216,Vijay Mathur,Visakhapatnam,Andhra Pradesh,Airtel,Mobile,0
+916176823576,Anvi Mehta,Bhubaneswar,Odisha,Vodafone Idea,Mobile,0
+917655892936,Garima Menon,Thiruvananthapuram,Kerala,Airtel,Mobile,0
+917329953286,Simran Kulkarni,Kochi,Kerala,Jio,Mobile,0
+916288193361,Rashmi Hegde,Kolkata,West Bengal,Jio,Mobile,0
+919883224676,Sneha Gogoi,Aurangabad,Maharashtra,Vodafone Idea,Mobile,0
+919717997490,Ritesh Chauhan,Thiruvananthapuram,Kerala,Jio,Mobile,0
+918365281931,Deepa Shetty,Udaipur,Rajasthan,Jio,Mobile,0
+918019335214,Reema Raina,Agra,Uttar Pradesh,Vodafone Idea,Mobile,0
+919987070545,Sushma Ghosh,Kanpur,Uttar Pradesh,Vodafone Idea,Mobile,0
+917316458682,Anita Saxena,Surat,Gujarat,Airtel,Mobile,0
+919952286978,Rachna Talwar,Faridabad,Haryana,BSNL,Mobile,0
+919698555280,Radha Verma,Gurugram,Haryana,Jio,Mobile,0
+918688513756,Karthik Shah,Bhopal,Madhya Pradesh,BSNL,Mobile,0
+916132873377,Sanjiv Kamath,Surat,Gujarat,Airtel,Mobile,0
+917210525186,Chetan Kurup,Udaipur,Rajasthan,Jio,Mobile,0
+917817362737,Aarav Dey,Rajkot,Gujarat,Airtel,Mobile,0
+918987691914,Jaspreet Wani,Mysore,Karnataka,Jio,Mobile,0
+918677369587,Sarita Reddy,Gwalior,Madhya Pradesh,Airtel,Mobile,0
+918171976994,Amanpreet Chauhan,Bhopal,Madhya Pradesh,BSNL,Mobile,0
+919454854793,Savita Talwar,Gurugram,Haryana,Airtel,Mobile,0
+918022074962,Neelam Pai,Delhi,Delhi,BSNL,Mobile,0
+918714742837,Sunil Menon,Chennai,Tamil Nadu,BSNL,Mobile,0
+918787200762,Vinita Kaul,Noida,Uttar Pradesh,BSNL,Mobile,0
+917132479060,Aadhya Bhatia,Ghaziabad,Uttar Pradesh,BSNL,Mobile,0
+916297933975,Tarun Bose,Dehradun,Uttarakhand,Airtel,Mobile,0
+918758561816,Aarohi Ahuja,Kolkata,West Bengal,Airtel,Mobile,0
+918321307860,Seema Sharma,Jodhpur,Rajasthan,Airtel,Mobile,0
+917688596550,Mahesh Bose,Shimla,Himachal Pradesh,Vodafone Idea,Mobile,0
+918189174919,Lakshmi Bajaj,Ghaziabad,Uttar Pradesh,Jio,Mobile,0
+917130730056,Nitin Talwar,Shimla,Himachal Pradesh,Vodafone Idea,Mobile,0
+917094296431,Gurpreet Sharma,Hubli,Karnataka,Airtel,Mobile,0
+919233048359,Pooja Das,Udaipur,Rajasthan,Vodafone Idea,Mobile,0
+919029005530,Naveen Shekhawat,Guwahati,Assam,Vodafone Idea,Mobile,0
+918281014112,Pari Chatterjee,Ranchi,Jharkhand,Airtel,Mobile,0
+919164382027,Sachin Saikia,Madurai,Tamil Nadu,BSNL,Mobile,0
+916167197399,Naveen Thakur,Vijayawada,Andhra Pradesh,Jio,Mobile,0
+919584319441,Namita Jadhav,Noida,Uttar Pradesh,Vodafone Idea,Mobile,0
+917646664929,Jyoti Modi,Udaipur,Rajasthan,Jio,Mobile,0
+919760696475,Vipul Yadav,Thane,Maharashtra,BSNL,Mobile,0
+917825016427,Padma Dey,Lucknow,Uttar Pradesh,Airtel,Mobile,0
+917258515312,Pooja Kulkarni,Coimbatore,Tamil Nadu,Airtel,Mobile,0
+919788152046,Nitesh Dubey,Raipur,Chhattisgarh,Vodafone Idea,Mobile,0
+917233157096,Vandana Agarwal,Guwahati,Assam,BSNL,Mobile,0
+919285986710,Preeti Suri,Varanasi,Uttar Pradesh,Vodafone Idea,Mobile,0
+919066810528,Aadhya Ghosh,Ranchi,Jharkhand,Airtel,Mobile,0
+917013162346,Vandana Arora,Rajkot,Gujarat,Airtel,Mobile,0
+918069052450,Padma Thakur,Vijayawada,Andhra Pradesh,Airtel,Mobile,0
+916299920702,Vikram Jadhav,Vijayawada,Andhra Pradesh,Vodafone Idea,Mobile,0
+917813458736,Krishna Banerjee,Coimbatore,Tamil Nadu,Jio,Mobile,0
+919521201893,Karun Shekhawat,Gwalior,Madhya Pradesh,Airtel,Mobile,0
+919492650993,Aarohi Gupta,Shimla,Himachal Pradesh,Airtel,Mobile,0
+919560934021,Nikhil Warrier,Agra,Uttar Pradesh,Vodafone Idea,Mobile,0
+918184259325,Vandana Sethi,Coimbatore,Tamil Nadu,Vodafone Idea,Mobile,0
+917953613326,Anvi Verma,Noida,Uttar Pradesh,BSNL,Mobile,0
+917075336699,Jayesh Dubey,Ahmedabad,Gujarat,BSNL,Mobile,0
+916380841062,Navpreet Patil,Aurangabad,Maharashtra,Airtel,Mobile,0
+918958823915,Harish Gupta,Thane,Maharashtra,Vodafone Idea,Mobile,0
+917777618608,Rupesh Kapoor,Jaipur,Rajasthan,Vodafone Idea,Mobile,0
+919049594263,Jyoti Saxena,Varanasi,Uttar Pradesh,Airtel,Mobile,0
+918764162898,Jyoti Singh,Rajkot,Gujarat,BSNL,Mobile,0
+916156802180,Garima More,Jaipur,Rajasthan,Airtel,Mobile,0
+917227393245,Simran Tandon,Jammu,Jammu & Kashmir,BSNL,Mobile,0
+917561568611,Diya Gowda,Pune,Maharashtra,Airtel,Mobile,0
+918766675634,Smita Arora,Vijayawada,Andhra Pradesh,Vodafone Idea,Mobile,0
+918013670977,Pari Chauhan,Coimbatore,Tamil Nadu,Airtel,Mobile,0
+918846513914,Aarohi Singhal,Mangalore,Karnataka,Jio,Mobile,0
+917234652376,Aarohi Kaul,Vadodara,Gujarat,BSNL,Mobile,0
+918026812764,Vijay Chauhan,Bangalore,Karnataka,BSNL,Mobile,0
+917482855667,Uma Biswas,Pune,Maharashtra,Airtel,Mobile,0
+916220165488,Amanpreet Mitra,Jabalpur,Madhya Pradesh,Airtel,Mobile,0
+919916134572,Ritu Rajput,Chennai,Tamil Nadu,Jio,Mobile,0
+919974267732,Swati Mehra,Shimla,Himachal Pradesh,Vodafone Idea,Mobile,0
+917166957385,Kunal Shukla,Dehradun,Uttarakhand,Jio,Mobile,0
+916322057832,Neelam Garg,Dehradun,Uttarakhand,BSNL,Mobile,0
+919284166988,Padma Tripathi,Kochi,Kerala,Vodafone Idea,Mobile,0
+919063891853,Harish Bose,Ranchi,Jharkhand,Jio,Mobile,0
+918628507116,Sanjiv Saxena,Raipur,Chhattisgarh,BSNL,Mobile,0
+918681937652,Sai Mehra,Vijayawada,Andhra Pradesh,Vodafone Idea,Mobile,0
+919482559119,Kunal Parmar,Chennai,Tamil Nadu,Airtel,Mobile,0
+918494538278,Sarita Gogoi,Bhopal,Madhya Pradesh,Jio,Mobile,0
+919536357307,Nitin Gowda,Surat,Gujarat,BSNL,Mobile,0
+919691647043,Lokesh Malhotra,Hyderabad,Telangana,Vodafone Idea,Mobile,0
+919710974655,Rashmi Khanna,Visakhapatnam,Andhra Pradesh,Airtel,Mobile,0
+919866145469,Roshan Sethi,Agra,Uttar Pradesh,Airtel,Mobile,0
+917881236443,Simran Chauhan,Rajkot,Gujarat,BSNL,Mobile,0
+918699029703,Aanya Jadeja,Tiruchirappalli,Tamil Nadu,BSNL,Mobile,0
+919824084008,Satish Bose,Kanpur,Uttar Pradesh,BSNL,Mobile,0
+918364026694,Paresh Nair,Mysore,Karnataka,Vodafone Idea,Mobile,0
+919382630668,Mukesh Kumar,Delhi,Delhi,Jio,Mobile,0
+919079603997,Sachin Patel,Vijayawada,Andhra Pradesh,Jio,Mobile,0
+917873030743,Manish Kaul,Kochi,Kerala,Airtel,Mobile,0
+918796966061,Jyoti Tiwari,Gwalior,Madhya Pradesh,Jio,Mobile,0
+919121579850,Sumit Rathore,Rajkot,Gujarat,Airtel,Mobile,0
+917354148897,Mohan Pandey,Mangalore,Karnataka,Jio,Mobile,0
+919735855856,Lakhan Chatterjee,Mysore,Karnataka,Airtel,Mobile,0
+917440872516,Roshan Iyer,Ludhiana,Punjab,Jio,Mobile,0
+917271393210,Shikha Kaul,Rajkot,Gujarat,Vodafone Idea,Mobile,0
+919038199644,Karthik Parmar,Jabalpur,Madhya Pradesh,Jio,Mobile,0
+916122403452,Myra Choudhary,Lucknow,Uttar Pradesh,Jio,Mobile,0
+917270280349,Shalini Kulkarni,Udaipur,Rajasthan,Airtel,Mobile,0
+919887761550,Lalit Tomar,Bhubaneswar,Odisha,Jio,Mobile,0
+918870577299,Anita Verma,Madurai,Tamil Nadu,Airtel,Mobile,0
+918065636244,Rahul Mandal,Nashik,Maharashtra,Jio,Mobile,0
+918148748277,Vishal Bhatia,Bhopal,Madhya Pradesh,Vodafone Idea,Mobile,0
+916350735883,Chetan Menon,Ludhiana,Punjab,BSNL,Mobile,0
+918032981337,Rahul Chakraborty,Visakhapatnam,Andhra Pradesh,BSNL,Mobile,0
+919270702597,Vijay Sarkar,Coimbatore,Tamil Nadu,Airtel,Mobile,0
+917148518320,Yash Bose,Jammu,Jammu & Kashmir,Vodafone Idea,Mobile,0
+916244065032,Chetan Kaul,Aurangabad,Maharashtra,Airtel,Mobile,0
+918914132136,Vijay Chopra,Rajkot,Gujarat,Airtel,Mobile,0
+917421816298,Vipul Modi,Vijayawada,Andhra Pradesh,BSNL,Mobile,0
+919744329469,Amita Desai,Delhi,Delhi,Vodafone Idea,Mobile,0
+918058063840,Ansh Reddy,Salem,Tamil Nadu,Vodafone Idea,Mobile,0
+917565549869,Hitesh Mir,Navi Mumbai,Maharashtra,BSNL,Mobile,0
+918583964661,Deepak Pillai,Hubli,Karnataka,Airtel,Mobile,0
+918976622036,Pradeep Paul,Vijayawada,Andhra Pradesh,Jio,Mobile,0
+918421651720,Divya Chopra,Visakhapatnam,Andhra Pradesh,Vodafone Idea,Mobile,0
+919711820602,Vihaan Mandal,Vijayawada,Andhra Pradesh,Jio,Mobile,0
+919167312810,Ishaan Kumar,Mysore,Karnataka,Airtel,Mobile,0
+919218441171,Jayesh Banerjee,Agra,Uttar Pradesh,Jio,Mobile,0
+916248078995,Alpesh Bose,Varanasi,Uttar Pradesh,Airtel,Mobile,0
+919985010400,Lalit Shetty,Dehradun,Uttarakhand,BSNL,Mobile,0
+917892265759,Shalini Hegde,Allahabad,Uttar Pradesh,Jio,Mobile,0
+919357185893,Vineet Verma,Ahmedabad,Gujarat,Jio,Mobile,0
+918752240973,Deepa Shinde,Jodhpur,Rajasthan,Airtel,Mobile,0
+919168951997,Lalit Dutta,Nagpur,Maharashtra,Vodafone Idea,Mobile,0
+917249369697,Uma Gogoi,Jodhpur,Rajasthan,Vodafone Idea,Mobile,0
+917258619564,Sushma Tripathi,Bangalore,Karnataka,BSNL,Mobile,0
+917430061267,Reema Shukla,Kanpur,Uttar Pradesh,BSNL,Mobile,0
+919770277678,Radha Rawat,Nashik,Maharashtra,BSNL,Mobile,0
+918529188007,Rohit Mukherjee,Shimla,Himachal Pradesh,Airtel,Mobile,0
+918169963501,Sneha Pawar,Kanpur,Uttar Pradesh,Vodafone Idea,Mobile,0
+916026252475,Reshma More,Noida,Uttar Pradesh,Jio,Mobile,0
+917191537758,Kapil Gowda,Srinagar,Jammu & Kashmir,Jio,Mobile,0
+917315015385,Ayaan Rajput,Jaipur,Rajasthan,Airtel,Mobile,0
+919782326277,Usha Bajaj,Vadodara,Gujarat,Jio,Mobile,0
+919882253780,Asha Chatterjee,Surat,Gujarat,Jio,Mobile,0
+916040020465,Namita Hegde,Tiruchirappalli,Tamil Nadu,Vodafone Idea,Mobile,0
+916192256011,Sara Wani,Agra,Uttar Pradesh,Vodafone Idea,Mobile,0
+917778993994,Sunita Menon,Ahmedabad,Gujarat,Vodafone Idea,Mobile,0
+917034668513,Hitesh Chatterjee,Amritsar,Punjab,BSNL,Mobile,0
+919957791693,Dhruv Gupta,Mangalore,Karnataka,Airtel,Mobile,0
+916218025339,Rashmi Biswas,Udaipur,Rajasthan,Vodafone Idea,Mobile,0
+917344997842,Sara Pawar,Indore,Madhya Pradesh,Airtel,Mobile,0
+919472407861,Hitesh Tandon,Lucknow,Uttar Pradesh,Jio,Mobile,0
+919342288942,Gurpreet Kumar,Gwalior,Madhya Pradesh,Jio,Mobile,0
+918222559905,Naresh Gogoi,Ludhiana,Punjab,Jio,Mobile,0
+916224634186,Arun Suri,Varanasi,Uttar Pradesh,Jio,Mobile,0
+918643456037,Rashmi Parmar,Indore,Madhya Pradesh,Jio,Mobile,0
+919954345094,Sneha Pai,Ranchi,Jharkhand,Vodafone Idea,Mobile,0
+917392005574,Rekha Menon,Hubli,Karnataka,Airtel,Mobile,0
+916173614044,Sara Tandon,Navi Mumbai,Maharashtra,Jio,Mobile,0
+917484759310,Deepak Arora,Dehradun,Uttarakhand,Jio,Mobile,0
+918746694921,Priya Rawat,Bhubaneswar,Odisha,Jio,Mobile,0
+919180195890,Shalini Singhal,Coimbatore,Tamil Nadu,Vodafone Idea,Mobile,0
+919520797674,Krishna Bose,Ludhiana,Punjab,Airtel,Mobile,0
+919182629753,Yash Mehra,Varanasi,Uttar Pradesh,Jio,Mobile,0
+918262048374,Sunil Bhatia,Vijayawada,Andhra Pradesh,BSNL,Mobile,0
+918027952026,Sara Dutta,Nagpur,Maharashtra,BSNL,Mobile,0
+917945406504,Arun Mandal,Surat,Gujarat,BSNL,Mobile,0
+916250638967,Naresh Mir,Chennai,Tamil Nadu,BSNL,Mobile,0
+917860928929,Mohan Sen,Kanpur,Uttar Pradesh,Jio,Mobile,0
+917825614341,Tarun Tomar,Jaipur,Rajasthan,Airtel,Mobile,0
+919241666086,Sandeep Sen,Visakhapatnam,Andhra Pradesh,Vodafone Idea,Mobile,0
+916235626771,Garima Agarwal,Gwalior,Madhya Pradesh,Airtel,Mobile,0
+917718536726,Rekha Kumar,Jammu,Jammu & Kashmir,Vodafone Idea,Mobile,0
+917180145456,Jyoti Choudhary,Dehradun,Uttarakhand,Jio,Mobile,0
+919167586766,Sneha Pai,Ghaziabad,Uttar Pradesh,Airtel,Mobile,0
+918126542171,Mukul Goyal,Nashik,Maharashtra,Airtel,Mobile,0
+919036027251,Dhruv Dubey,Rajkot,Gujarat,Jio,Mobile,0
+919697465433,Sunita Sen,Bhubaneswar,Odisha,Vodafone Idea,Mobile,0
+917217279419,Sunil Bhatia,Shimla,Himachal Pradesh,BSNL,Mobile,0
+919555522630,Kuldeep Chauhan,Delhi,Delhi,BSNL,Mobile,0
+918491440402,Sunil Naidu,Bhubaneswar,Odisha,Jio,Mobile,0
+919499361350,Jyoti Sarkar,Surat,Gujarat,BSNL,Mobile,0
+919611441964,Anjali Sethi,Visakhapatnam,Andhra Pradesh,BSNL,Mobile,0
+919950661393,Reyansh Nair,Belgaum,Karnataka,Airtel,Mobile,0
+919515575521,Jyoti Patel,Aurangabad,Maharashtra,Jio,Mobile,0
+916023471503,Sumit Bose,Bhubaneswar,Odisha,Vodafone Idea,Mobile,0
+916284017238,Mukesh Sharma,Jodhpur,Rajasthan,BSNL,Mobile,0
+917330397764,Mahesh Jadhav,Varanasi,Uttar Pradesh,Airtel,Mobile,0
+918758503170,Savita Modi,Belgaum,Karnataka,Vodafone Idea,Mobile,0
+919885304827,Neha Ghosh,Rajkot,Gujarat,Airtel,Mobile,0
+919595373310,Garima Paul,Ranchi,Jharkhand,Jio,Mobile,0
+918140113606,Roshan Singhal,Surat,Gujarat,Airtel,Mobile,0
+918379425428,Jyoti Pandey,Jammu,Jammu & Kashmir,Jio,Mobile,0
+919919948779,Aanya Patel,Nashik,Maharashtra,Airtel,Mobile,0
+916115431989,Rupesh Chauhan,Jodhpur,Rajasthan,BSNL,Mobile,0
+918899506003,Kunal Banerjee,Allahabad,Uttar Pradesh,Airtel,Mobile,0
+919057722291,Rudra Dutta,Shimla,Himachal Pradesh,BSNL,Mobile,0
+919663609675,Simran Dar,Thiruvananthapuram,Kerala,Vodafone Idea,Mobile,0
+919573830685,Kabir Pillai,Bhubaneswar,Odisha,Airtel,Mobile,0
+918978672183,Shravan Pant,Aurangabad,Maharashtra,BSNL,Mobile,0
+917057047755,Ashish Rathore,Indore,Madhya Pradesh,Airtel,Mobile,0
+918518316253,Swapna Dey,Gwalior,Madhya Pradesh,Vodafone Idea,Mobile,0
+919974048244,Shikha Mehra,Jodhpur,Rajasthan,Jio,Mobile,0
+917127960297,Dhruv Desai,Salem,Tamil Nadu,Airtel,Mobile,0
+919145099385,Aadhya Singhal,Patna,Bihar,BSNL,Mobile,0
+919649038698,Shikha Ahuja,Guwahati,Assam,Airtel,Mobile,0
+918795990386,Umesh Singhal,Salem,Tamil Nadu,BSNL,Mobile,0
+917481778202,Puneet Bora,Kolkata,West Bengal,Jio,Mobile,0
+916138573946,Gaurav Gupta,Aurangabad,Maharashtra,Airtel,Mobile,0
+917839201194,Rudra Sharma,Ghaziabad,Uttar Pradesh,Vodafone Idea,Mobile,0
+919763881850,Kiran Das,Ahmedabad,Gujarat,BSNL,Mobile,0
+918333997360,Vivaan Singh,Thane,Maharashtra,Jio,Mobile,0
+917477126948,Deepak Parmar,Kolkata,West Bengal,BSNL,Mobile,0
+918686446005,Girish Bisht,Jodhpur,Rajasthan,BSNL,Mobile,0
+917242831239,Ishaan Shukla,Ludhiana,Punjab,Vodafone Idea,Mobile,0
+918011398974,Ritesh Kaul,Aurangabad,Maharashtra,Vodafone Idea,Mobile,0
+917369470038,Jaspreet Mitra,Nagpur,Maharashtra,BSNL,Mobile,0
+919715714065,Krishna Gowda,Madurai,Tamil Nadu,BSNL,Mobile,0
+917730488148,Sunanda Chakraborty,Guwahati,Assam,Vodafone Idea,Mobile,0
+918251535915,Pradeep Kamath,Bhopal,Madhya Pradesh,Airtel,Mobile,0
+918982389991,Manish Dubey,Indore,Madhya Pradesh,Jio,Mobile,0
+919833166003,Aanya Rawat,Ludhiana,Punjab,BSNL,Mobile,0
+917650527394,Pradeep Biswas,Surat,Gujarat,Jio,Mobile,0
+919439135181,Preeti Deshmukh,Shimla,Himachal Pradesh,BSNL,Mobile,0
+917168664104,Kiran Saxena,Navi Mumbai,Maharashtra,Jio,Mobile,0
+919576636992,Neelam Mitra,Kochi,Kerala,Airtel,Mobile,0
+918642050771,Arnav Vaghela,Ranchi,Jharkhand,Jio,Mobile,0
+917492964907,Aarush Sen,Gwalior,Madhya Pradesh,Airtel,Mobile,0
+919993168911,Amanpreet Vaghela,Faridabad,Haryana,BSNL,Mobile,0
+919830687126,Sunanda Shah,Guwahati,Assam,BSNL,Mobile,0
+919425013931,Swati Bora,Raipur,Chhattisgarh,BSNL,Mobile,0
+917153214886,Jaspreet Parmar,Amritsar,Punjab,Vodafone Idea,Mobile,0
+916073169619,Ashish Sethi,Varanasi,Uttar Pradesh,Airtel,Mobile,0
+919045028840,Sukhpreet Sarkar,Shimla,Himachal Pradesh,Vodafone Idea,Mobile,0
+916217096322,Vijay Bose,Mumbai,Maharashtra,BSNL,Mobile,0
+916084647941,Tejinder Suri,Srinagar,Jammu & Kashmir,Airtel,Mobile,0
+916318791192,Reshma Rajput,Kochi,Kerala,Vodafone Idea,Mobile,0
+918931784977,Swati Warrier,Agra,Uttar Pradesh,Vodafone Idea,Mobile,0
+916254267552,Pari Ghosh,Kochi,Kerala,BSNL,Mobile,0
+916116502739,Rudra Rawat,Jabalpur,Madhya Pradesh,Airtel,Mobile,0
+919095401116,Chetan Suri,Indore,Madhya Pradesh,Airtel,Mobile,0
+919459543996,Pooja Bose,Thiruvananthapuram,Kerala,Airtel,Mobile,0
+918824401251,Myra Patil,Bhopal,Madhya Pradesh,Jio,Mobile,0
+916046333841,Pari Malhotra,Pune,Maharashtra,Airtel,Mobile,0
+918582109188,Namita Ghosh,Noida,Uttar Pradesh,BSNL,Mobile,0
+918130562122,Amita Deshmukh,Jodhpur,Rajasthan,BSNL,Mobile,0
+918214260666,Rohit Ghosh,Delhi,Delhi,Airtel,Mobile,0
+919928131864,Swapna Jadeja,Aurangabad,Maharashtra,Jio,Mobile,0
+919719279270,Ashish Rathore,Ahmedabad,Gujarat,Jio,Mobile,0
+916154827022,Tejinder Tiwari,Tiruchirappalli,Tamil Nadu,Vodafone Idea,Mobile,0
+919944530573,Karun Mir,Rajkot,Gujarat,Jio,Mobile,0
+917590731782,Ravi Agarwal,Guwahati,Assam,Vodafone Idea,Mobile,0
+916256967132,Lokesh Shah,Chennai,Tamil Nadu,Vodafone Idea,Mobile,0
+917139447700,Nitesh Shinde,Rajkot,Gujarat,Airtel,Mobile,0
+918937997833,Mukul Garg,Jodhpur,Rajasthan,Jio,Mobile,0
+917561297086,Uma Mathur,Tiruchirappalli,Tamil Nadu,Jio,Mobile,0
+918372979131,Pari Chauhan,Ranchi,Jharkhand,Vodafone Idea,Mobile,0
+919934980915,Neha Bhat,Jaipur,Rajasthan,Jio,Mobile,0
+918981802296,Roshan Chopra,Chandigarh,Punjab,BSNL,Mobile,0
+918928832960,Vineet Gupta,Coimbatore,Tamil Nadu,Airtel,Mobile,0
+918529870406,Anika Talwar,Surat,Gujarat,Jio,Mobile,0
+919126799205,Manoj Bisht,Amritsar,Punjab,Vodafone Idea,Mobile,0
+917644989656,Advik Pandey,Mangalore,Karnataka,Airtel,Mobile,0
+919638743548,Jaspreet Rawat,Ahmedabad,Gujarat,Jio,Mobile,0
+919267530686,Lakhan Mehra,Dehradun,Uttarakhand,BSNL,Mobile,0
+918795617380,Aanya Mir,Mumbai,Maharashtra,Vodafone Idea,Mobile,0
+917251189630,Ritesh Kapoor,Vadodara,Gujarat,BSNL,Mobile,0
+917958137627,Geeta Tomar,Kochi,Kerala,Vodafone Idea,Mobile,0
+919048634085,Shikha Kumar,Nashik,Maharashtra,Vodafone Idea,Mobile,0
+918325859800,Aarav Mir,Noida,Uttar Pradesh,Airtel,Mobile,0
+917344237211,Rahul Patil,Rajkot,Gujarat,BSNL,Mobile,0
+916051402247,Swapna Mehta,Navi Mumbai,Maharashtra,Airtel,Mobile,0
+918455211811,Paresh Chauhan,Bhopal,Madhya Pradesh,Airtel,Mobile,0
+917789443928,Savita Dubey,Raipur,Chhattisgarh,Vodafone Idea,Mobile,0
+917238947084,Harpreet Jain,Coimbatore,Tamil Nadu,BSNL,Mobile,0
+919187437563,Priya Tripathi,Jodhpur,Rajasthan,BSNL,Mobile,0
+918839511263,Sukhpreet Mishra,Kolkata,West Bengal,Airtel,Mobile,0
+918242051549,Anvi Dutta,Mangalore,Karnataka,Airtel,Mobile,0
+918566427281,Roshan Pant,Hubli,Karnataka,Jio,Mobile,0
+918482297245,Arun Mandal,Kanpur,Uttar Pradesh,Jio,Mobile,0
+919615706355,Seema Mir,Ranchi,Jharkhand,Jio,Mobile,0
+918262350888,Sapna Naidu,Udaipur,Rajasthan,Vodafone Idea,Mobile,0
+919767676748,Sarita Singhal,Bangalore,Karnataka,Jio,Mobile,0
+919795593900,Vandana Gupta,Udaipur,Rajasthan,Jio,Mobile,0
+919642869352,Nandini Choudhary,Hyderabad,Telangana,Jio,Mobile,0
+918233577726,Harpreet Gupta,Guwahati,Assam,Airtel,Mobile,0
+917210670394,Karun Roy,Shimla,Himachal Pradesh,Airtel,Mobile,0
+919115278784,Pradeep Pawar,Srinagar,Jammu & Kashmir,BSNL,Mobile,0
+917727325479,Arun Pillai,Indore,Madhya Pradesh,Jio,Mobile,0
+918358914725,Rekha Das,Ludhiana,Punjab,Vodafone Idea,Mobile,0
+917360754077,Kabir Gowda,Tiruchirappalli,Tamil Nadu,Jio,Mobile,0
+917953601241,Archana Vaghela,Kochi,Kerala,BSNL,Mobile,0
+918463498656,Advik Malhotra,Dehradun,Uttarakhand,BSNL,Mobile,0
+919461621519,Mohit Singhal,Indore,Madhya Pradesh,Jio,Mobile,0
+918841307177,Dhruv Dhawan,Rajkot,Gujarat,BSNL,Mobile,0
+918565027699,Roshan Gowda,Srinagar,Jammu & Kashmir,BSNL,Mobile,0
+918656517914,Pradeep Iyer,Mumbai,Maharashtra,Jio,Mobile,0
+918097300017,Lalit Wani,Nagpur,Maharashtra,BSNL,Mobile,0
+919912990896,Kishan Naidu,Chennai,Tamil Nadu,BSNL,Mobile,0
+918942231334,Anjali Nair,Salem,Tamil Nadu,Vodafone Idea,Mobile,0
+918886145575,Brijesh Rajput,Jabalpur,Madhya Pradesh,Jio,Mobile,0
+917259186567,Navpreet Bhatia,Nagpur,Maharashtra,BSNL,Mobile,0
+918538405324,Sunanda Kurup,Dehradun,Uttarakhand,Jio,Mobile,0
+918649392120,Kabir Bora,Ranchi,Jharkhand,Vodafone Idea,Mobile,0
+919895748291,Radha Singhal,Kochi,Kerala,Airtel,Mobile,0
+919431950963,Roshan Mukherjee,Ahmedabad,Gujarat,Vodafone Idea,Mobile,0
+918264007810,Naman Menon,Tiruchirappalli,Tamil Nadu,Airtel,Mobile,0
+918176608436,Rohan Dhawan,Raipur,Chhattisgarh,Airtel,Mobile,0
+918932874614,Rajesh Pawar,Jaipur,Rajasthan,Jio,Mobile,0
+919847678038,Archana Bora,Noida,Uttar Pradesh,Jio,Mobile,0
+916394575351,Deepa Das,Agra,Uttar Pradesh,BSNL,Mobile,0
+917440049575,Smita Hegde,Bangalore,Karnataka,BSNL,Mobile,0
+917756244208,Reema Mehta,Kolkata,West Bengal,BSNL,Mobile,0
+916039418982,Girish Reddy,Bhopal,Madhya Pradesh,BSNL,Mobile,0
+916247467821,Naresh Joshi,Jabalpur,Madhya Pradesh,Airtel,Mobile,0
+918467649571,Ishaan Mir,Gurugram,Haryana,Jio,Mobile,0
+917799940488,Kapil Kurup,Nagpur,Maharashtra,Airtel,Mobile,0
+919016625487,Naman Saikia,Hubli,Karnataka,Airtel,Mobile,0
+918857735777,Harish Chauhan,Noida,Uttar Pradesh,Vodafone Idea,Mobile,0
+918852487803,Atharv Ahuja,Bhubaneswar,Odisha,BSNL,Mobile,0
+919598898075,Aanya Chakraborty,Ghaziabad,Uttar Pradesh,Airtel,Mobile,0
+919952510976,Meera Barua,Nashik,Maharashtra,Vodafone Idea,Mobile,0
+919718624124,Harish Ghosh,Dehradun,Uttarakhand,Airtel,Mobile,0
+916045637174,Divya Kumar,Noida,Uttar Pradesh,Airtel,Mobile,0
+917180878171,Anvi Thakur,Amritsar,Punjab,Jio,Mobile,0
+919270318188,Sushma Tomar,Tiruchirappalli,Tamil Nadu,Jio,Mobile,0
+917352776170,Pradeep Mathur,Bhopal,Madhya Pradesh,Airtel,Mobile,0
+917729954887,Shravan Pawar,Agra,Uttar Pradesh,BSNL,Mobile,0
+919695110345,Lakhan Ahuja,Srinagar,Jammu & Kashmir,BSNL,Mobile,0
+918019852580,Aadhya Naidu,Visakhapatnam,Andhra Pradesh,Vodafone Idea,Mobile,0
+919819693618,Meera Dubey,Raipur,Chhattisgarh,Jio,Mobile,0
+917783625028,Shalini Iyer,Thane,Maharashtra,Jio,Mobile,0
+917388970673,Alpesh Gupta,Vadodara,Gujarat,Jio,Mobile,0
+917532635995,Mohan Tiwari,Navi Mumbai,Maharashtra,BSNL,Mobile,0
+919296404481,Swati Singhal,Mangalore,Karnataka,Airtel,Mobile,0
+919215361049,Lalit Saxena,Madurai,Tamil Nadu,BSNL,Mobile,0
+917880296648,Neelam Suri,Ludhiana,Punjab,Vodafone Idea,Mobile,0
+919552464943,Kiran Roy,Nagpur,Maharashtra,BSNL,Mobile,0
+917428914997,Shikha Kurup,Aurangabad,Maharashtra,BSNL,Mobile,0
+919266079267,Manpreet Iyer,Agra,Uttar Pradesh,Airtel,Mobile,0
+917337462232,Krishna Reddy,Bhopal,Madhya Pradesh,Vodafone Idea,Mobile,0
+917467584825,Archana Singh,Visakhapatnam,Andhra Pradesh,BSNL,Mobile,0
+919885802850,Arjun Barua,Belgaum,Karnataka,Jio,Mobile,0
+919929985587,Brijesh Pai,Navi Mumbai,Maharashtra,BSNL,Mobile,0
+916148083118,Sarita Iyer,Ludhiana,Punjab,Vodafone Idea,Mobile,0
+918065063222,Myra Dubey,Allahabad,Uttar Pradesh,BSNL,Mobile,0
+918986346631,Manpreet Mandal,Kanpur,Uttar Pradesh,Vodafone Idea,Mobile,0
+916077801672,Jyoti Shah,Pune,Maharashtra,Vodafone Idea,Mobile,0
+918626566394,Anika Suri,Nashik,Maharashtra,Jio,Mobile,0
+919485661577,Sapna Mishra,Gwalior,Madhya Pradesh,Vodafone Idea,Mobile,0
+918113015271,Kishan Dhawan,Pune,Maharashtra,Vodafone Idea,Mobile,0
+919169538279,Shikha Ghosh,Ghaziabad,Uttar Pradesh,Vodafone Idea,Mobile,0
+916228621545,Pooja Mir,Vadodara,Gujarat,Vodafone Idea,Mobile,0
+919748181264,Paresh Singh,Jodhpur,Rajasthan,Vodafone Idea,Mobile,0
+918065943761,Paresh Mukherjee,Bhopal,Madhya Pradesh,Airtel,Mobile,0
+919588506054,Aarav Mitra,Salem,Tamil Nadu,BSNL,Mobile,0
+916181654041,Nikhil Warrier,Nagpur,Maharashtra,BSNL,Mobile,0
+918324114195,Lakhan Kamath,Chandigarh,Punjab,Vodafone Idea,Mobile,0
+918480350166,Ansh Chakraborty,Ghaziabad,Uttar Pradesh,Jio,Mobile,0
+916140361123,Ganesh Tiwari,Ludhiana,Punjab,Vodafone Idea,Mobile,0
+917847884954,Manish Bose,Jodhpur,Rajasthan,Vodafone Idea,Mobile,0
+917689153634,Lakhan Mathur,Delhi,Delhi,Jio,Mobile,0
+919880440220,Sachin Bisht,Agra,Uttar Pradesh,Vodafone Idea,Mobile,0
+916217400545,Ishaan Sarkar,Jaipur,Rajasthan,Airtel,Mobile,0
+917173479304,Sunita Tiwari,Ahmedabad,Gujarat,BSNL,Mobile,0
+916339673307,Vikram Mir,Pune,Maharashtra,BSNL,Mobile,0
+917412316240,Sukhpreet Mitra,Mysore,Karnataka,BSNL,Mobile,0
+918332623123,Ayaan Bhat,Jammu,Jammu & Kashmir,BSNL,Mobile,0
+917298604871,Rohan Gowda,Gurugram,Haryana,Jio,Mobile,0
+919421790669,Amita Mitra,Aurangabad,Maharashtra,BSNL,Mobile,0
+918247520114,Naveen Singhal,Jabalpur,Madhya Pradesh,Airtel,Mobile,0
+917424793535,Reshma Pant,Patna,Bihar,Jio,Mobile,0
+918776972145,Manpreet Choudhary,Nashik,Maharashtra,BSNL,Mobile,0
+918994587035,Rudra Tripathi,Bangalore,Karnataka,Jio,Mobile,0
+917774370419,Anjali Choudhary,Shimla,Himachal Pradesh,Airtel,Mobile,0
+917375404312,Reema Tandon,Ghaziabad,Uttar Pradesh,Jio,Mobile,0
+916313268047,Naman Sarkar,Thane,Maharashtra,BSNL,Mobile,0
+917067644589,Anita Pai,Lucknow,Uttar Pradesh,Airtel,Mobile,0
+918796091036,Neha Gowda,Coimbatore,Tamil Nadu,Jio,Mobile,0
+919158088401,Puneet Saikia,Kanpur,Uttar Pradesh,Vodafone Idea,Mobile,0
+919221542680,Ishaan Chauhan,Kanpur,Uttar Pradesh,Jio,Mobile,0
+919684017187,Naresh Dubey,Nashik,Maharashtra,BSNL,Mobile,0
+916247586695,Tejinder Dey,Belgaum,Karnataka,BSNL,Mobile,0
+918880149269,Brijesh Barua,Bangalore,Karnataka,Jio,Mobile,0
+918858928521,Simran Jadhav,Mumbai,Maharashtra,Jio,Mobile,0
+917730831343,Aarohi Garg,Jabalpur,Madhya Pradesh,Airtel,Mobile,0
+918850613302,Varun Chakraborty,Kolkata,West Bengal,Jio,Mobile,0
+917819779362,Smita Shinde,Indore,Madhya Pradesh,BSNL,Mobile,0
+917263280189,Nitesh Sethi,Faridabad,Haryana,Jio,Mobile,0
+917719712158,Anita Shah,Visakhapatnam,Andhra Pradesh,Vodafone Idea,Mobile,0
+917461606108,Yash Gogoi,Jabalpur,Madhya Pradesh,Jio,Mobile,0
+917497944651,Puneet Kapoor,Vadodara,Gujarat,BSNL,Mobile,0
+916380563347,Reyansh Bose,Guwahati,Assam,Jio,Mobile,0
+918048757041,Anjali Dubey,Jaipur,Rajasthan,BSNL,Mobile,0
+919724491697,Kabir Das,Gurugram,Haryana,BSNL,Mobile,0
+919378666216,Tushar Yadav,Thane,Maharashtra,Airtel,Mobile,0
+917548976135,Karthik Kumar,Surat,Gujarat,BSNL,Mobile,0
+919635329753,Vivaan Tiwari,Mumbai,Maharashtra,Airtel,Mobile,0
+918782198911,Myra Dubey,Rajkot,Gujarat,Jio,Mobile,0
+916239584513,Aarohi Desai,Srinagar,Jammu & Kashmir,Jio,Mobile,0
+918897629456,Aarav Wani,Ghaziabad,Uttar Pradesh,Airtel,Mobile,0
+918384590880,Vihaan Ahuja,Kanpur,Uttar Pradesh,BSNL,Mobile,0
+919623264205,Sachin Bisht,Guwahati,Assam,Jio,Mobile,0
+919791402184,Aman Mishra,Kanpur,Uttar Pradesh,Vodafone Idea,Mobile,0
+918037477000,Smita Dubey,Coimbatore,Tamil Nadu,Jio,Mobile,0
+917549056335,Nandini Bose,Bhopal,Madhya Pradesh,Jio,Mobile,0
+916181780085,Sneha Dutta,Mumbai,Maharashtra,BSNL,Mobile,0
+919181283855,Pavan Dubey,Hyderabad,Telangana,Jio,Mobile,0
+919375140167,Gaurav Dutta,Udaipur,Rajasthan,Airtel,Mobile,0
+917462562240,Aarush Dey,Ahmedabad,Gujarat,BSNL,Mobile,0
+917470579496,Mohan Malhotra,Visakhapatnam,Andhra Pradesh,Vodafone Idea,Mobile,0
+917326531330,Vinod Negi,Jammu,Jammu & Kashmir,BSNL,Mobile,0
+919732257832,Rohit Joshi,Kochi,Kerala,Airtel,Mobile,0
+916146052031,Anvi Mitra,Thiruvananthapuram,Kerala,Jio,Mobile,0
+918733172464,Yash Verma,Hyderabad,Telangana,BSNL,Mobile,0
+916145807157,Shalini Talwar,Thane,Maharashtra,Airtel,Mobile,0
+918959230365,Ashish Bajaj,Patna,Bihar,Jio,Mobile,0
+918694932301,Manpreet Pai,Jaipur,Rajasthan,Vodafone Idea,Mobile,0
+918020518204,Rahul Deshmukh,Dehradun,Uttarakhand,Vodafone Idea,Mobile,0
+919033114819,Reshma Bhat,Noida,Uttar Pradesh,Jio,Mobile,0
+918215930775,Naresh Ahuja,Kochi,Kerala,BSNL,Mobile,0
+916031532027,Umesh Biswas,Jammu,Jammu & Kashmir,BSNL,Mobile,0
+917159058668,Puneet Tandon,Jaipur,Rajasthan,Jio,Mobile,0
+919254546697,Tarun Barua,Kanpur,Uttar Pradesh,BSNL,Mobile,0
+918362436716,Sarita Pillai,Kanpur,Uttar Pradesh,Vodafone Idea,Mobile,0
+918190777212,Smita Roy,Mumbai,Maharashtra,Jio,Mobile,0
+917185430669,Priya Choudhary,Nashik,Maharashtra,Vodafone Idea,Mobile,0
+917013508938,Ananya Rawat,Gwalior,Madhya Pradesh,Vodafone Idea,Mobile,0
+919487460392,Karthik Kaul,Mumbai,Maharashtra,Airtel,Mobile,0
+919227136574,Aditya Singh,Surat,Gujarat,Vodafone Idea,Mobile,0
+917586766370,Aarohi Gupta,Bangalore,Karnataka,Airtel,Mobile,0
+918193726173,Jitesh Pai,Thane,Maharashtra,Vodafone Idea,Mobile,0
+917092003169,Vandana Talwar,Visakhapatnam,Andhra Pradesh,Airtel,Mobile,0
+918612950665,Anvi Solanki,Thane,Maharashtra,Jio,Mobile,0
+919614711783,Pankaj Tomar,Mumbai,Maharashtra,Vodafone Idea,Mobile,0
+918927004299,Uma Raina,Vadodara,Gujarat,Jio,Mobile,0
+919291166495,Reshma Chakraborty,Bhopal,Madhya Pradesh,BSNL,Mobile,0
+919573831309,Dhruv Chauhan,Rajkot,Gujarat,Jio,Mobile,0
+918960052488,Anvi Shukla,Vadodara,Gujarat,BSNL,Mobile,0
+917838176304,Aarohi Pant,Shimla,Himachal Pradesh,Jio,Mobile,0
+919194685604,Namita Das,Kanpur,Uttar Pradesh,Jio,Mobile,0
+919883347082,Uma Parmar,Bhopal,Madhya Pradesh,Jio,Mobile,0
+918786689613,Lalita Ghosh,Srinagar,Jammu & Kashmir,BSNL,Mobile,0
+919430497108,Amanpreet Dar,Indore,Madhya Pradesh,BSNL,Mobile,0
+919958576059,Vihaan Reddy,Patna,Bihar,Airtel,Mobile,0
+916044618269,Rahul Pant,Aurangabad,Maharashtra,Airtel,Mobile,0
+919583771470,Sandeep Joshi,Jaipur,Rajasthan,BSNL,Mobile,0
+919481151514,Pradeep Banerjee,Nagpur,Maharashtra,Jio,Mobile,0
+917389587333,Arjun Jadeja,Patna,Bihar,BSNL,Mobile,0
+916312350078,Shalini Saxena,Delhi,Delhi,Vodafone Idea,Mobile,0
+918555480840,Manju Pillai,Ludhiana,Punjab,Vodafone Idea,Mobile,0
+916060447326,Navpreet Sethi,Patna,Bihar,BSNL,Mobile,0
+918844606801,Sunanda Banerjee,Aurangabad,Maharashtra,Airtel,Mobile,0
+917463139077,Sneha Tiwari,Agra,Uttar Pradesh,Vodafone Idea,Mobile,0
+918480274345,Naresh Bisht,Ahmedabad,Gujarat,BSNL,Mobile,0
+919046294398,Ramesh Deshmukh,Raipur,Chhattisgarh,BSNL,Mobile,0
+919254284865,Ajay Agarwal,Bhubaneswar,Odisha,Airtel,Mobile,0
+917365653080,Anvi Goyal,Dehradun,Uttarakhand,Jio,Mobile,0
+917697330888,Raman Paul,Pune,Maharashtra,Vodafone Idea,Mobile,0
+919959013795,Vineet Solanki,Amritsar,Punjab,Vodafone Idea,Mobile,0
+917465088723,Jitesh Barua,Madurai,Tamil Nadu,Airtel,Mobile,0
+917043545758,Tushar Suri,Indore,Madhya Pradesh,Vodafone Idea,Mobile,0
+917591441720,Amanpreet Khare,Ludhiana,Punjab,Vodafone Idea,Mobile,0
+918229758508,Ansh Tiwari,Agra,Uttar Pradesh,BSNL,Mobile,0
+919580328995,Lalita Goyal,Kochi,Kerala,Airtel,Mobile,0
+918937948494,Aanya Goyal,Navi Mumbai,Maharashtra,BSNL,Mobile,0
+919850487416,Ayaan Talwar,Belgaum,Karnataka,Jio,Mobile,0
+916137866515,Namita Mandal,Kolkata,West Bengal,BSNL,Mobile,0
+917977015797,Jaspreet Solanki,Hubli,Karnataka,Airtel,Mobile,0
+918974724135,Aanya Modi,Coimbatore,Tamil Nadu,BSNL,Mobile,0
+919353835598,Ayaan Tripathi,Ranchi,Jharkhand,Vodafone Idea,Mobile,0
+919789340402,Jayesh Chakraborty,Bangalore,Karnataka,BSNL,Mobile,0
+918756182687,Harpreet Negi,Faridabad,Haryana,BSNL,Mobile,0
+916210823045,Padma Biswas,Visakhapatnam,Andhra Pradesh,Airtel,Mobile,0
+918199480191,Pari Bajaj,Pune,Maharashtra,Jio,Mobile,0
+918727663452,Navpreet Shetty,Vijayawada,Andhra Pradesh,Airtel,Mobile,0
+919642953827,Pradeep Sen,Thane,Maharashtra,Airtel,Mobile,0
+918882976568,Geeta Modi,Salem,Tamil Nadu,Jio,Mobile,0
+919096111655,Ayaan Mitra,Gwalior,Madhya Pradesh,Jio,Mobile,0
+917479291762,Arun Tiwari,Belgaum,Karnataka,Vodafone Idea,Mobile,0
+919451282126,Pavan Solanki,Srinagar,Jammu & Kashmir,Vodafone Idea,Mobile,0
+917853354816,Sunanda Nair,Jodhpur,Rajasthan,Jio,Mobile,0
+917396384735,Divya Khanna,Shimla,Himachal Pradesh,Jio,Mobile,0
+916322569101,Lokesh Choudhary,Vijayawada,Andhra Pradesh,BSNL,Mobile,0
+919879283170,Kuldeep Raina,Nashik,Maharashtra,Airtel,Mobile,0
+918380514397,Pari Jadeja,Chennai,Tamil Nadu,Airtel,Mobile,0
+919367052493,Aditya Hegde,Tiruchirappalli,Tamil Nadu,Jio,Mobile,0
+917896121727,Aarush Chauhan,Ghaziabad,Uttar Pradesh,Airtel,Mobile,0
+919578120943,Vinita Shukla,Surat,Gujarat,Vodafone Idea,Mobile,0
+919485388745,Poonam Tandon,Mumbai,Maharashtra,Jio,Mobile,0
+919732485381,Aditya Bora,Pune,Maharashtra,Airtel,Mobile,0
+917642889268,Shikha Choudhary,Indore,Madhya Pradesh,Airtel,Mobile,0
+919458886139,Kunal Pai,Guwahati,Assam,Vodafone Idea,Mobile,0
+916262690549,Kishan Pawar,Thiruvananthapuram,Kerala,Vodafone Idea,Mobile,0
+918273929553,Sunanda Dhawan,Mysore,Karnataka,Vodafone Idea,Mobile,0
+917059691545,Puneet Kaul,Vadodara,Gujarat,Jio,Mobile,0
+918583521077,Diya Gupta,Gurugram,Haryana,Airtel,Mobile,0
+917095236725,Simran Sarkar,Salem,Tamil Nadu,Airtel,Mobile,0
+919488939769,Manpreet Dar,Visakhapatnam,Andhra Pradesh,BSNL,Mobile,0
+919750666579,Sunita Jadhav,Raipur,Chhattisgarh,Jio,Mobile,0
+917534176262,Reshma Rajput,Rajkot,Gujarat,Jio,Mobile,0
+917680578020,Namita Banerjee,Navi Mumbai,Maharashtra,Jio,Mobile,0
+919661950715,Karun Rao,Delhi,Delhi,Airtel,Mobile,0
+919339783803,Myra Mandal,Jammu,Jammu & Kashmir,Airtel,Mobile,0
+917257834707,Mukesh Banerjee,Vijayawada,Andhra Pradesh,Jio,Mobile,0
+919086105918,Nandini Pawar,Salem,Tamil Nadu,Jio,Mobile,0
+919271037980,Lalita Dar,Lucknow,Uttar Pradesh,BSNL,Mobile,0
+916369984626,Sohan Sen,Thiruvananthapuram,Kerala,BSNL,Mobile,0
+918069664370,Pankaj More,Kanpur,Uttar Pradesh,BSNL,Mobile,0
+917949794780,Lalit Sethi,Vijayawada,Andhra Pradesh,Vodafone Idea,Mobile,0
+917867236110,Vihaan Reddy,Gurugram,Haryana,BSNL,Mobile,0
+917510297576,Rahul Verma,Kochi,Kerala,Airtel,Mobile,0
+917696375804,Sushma Verma,Srinagar,Jammu & Kashmir,Airtel,Mobile,0
+918499106364,Uma Patel,Mangalore,Karnataka,BSNL,Mobile,0
+918893878092,Ravi Bhatia,Ghaziabad,Uttar Pradesh,BSNL,Mobile,0
+919927308003,Anika Mukherjee,Thiruvananthapuram,Kerala,Airtel,Mobile,0
+918749955504,Simran Suri,Mumbai,Maharashtra,Jio,Mobile,0
+918039651049,Roshan Sarkar,Vijayawada,Andhra Pradesh,Airtel,Mobile,0
+918320361270,Karthik Yadav,Noida,Uttar Pradesh,Jio,Mobile,0
+918891052306,Sanjay Tripathi,Chennai,Tamil Nadu,Airtel,Mobile,0
+917214322489,Usha Das,Agra,Uttar Pradesh,Airtel,Mobile,0
+918312933972,Geeta Tomar,Vijayawada,Andhra Pradesh,Jio,Mobile,0
+917533775336,Rekha Saikia,Noida,Uttar Pradesh,BSNL,Mobile,0
+918828764127,Rudra Mandal,Udaipur,Rajasthan,Airtel,Mobile,0
+919686132736,Sneha Reddy,Raipur,Chhattisgarh,Vodafone Idea,Mobile,0
+916247791469,Harish Desai,Hyderabad,Telangana,BSNL,Mobile,0
+918973799443,Ganesh Vaghela,Indore,Madhya Pradesh,Jio,Mobile,0
+919730702136,Umesh Mandal,Udaipur,Rajasthan,Jio,Mobile,0
+917662405200,Rudra Naidu,Mysore,Karnataka,Jio,Mobile,0
+919796778603,Manish Nair,Surat,Gujarat,Jio,Mobile,0
+918032968997,Vishal Barua,Ranchi,Jharkhand,Vodafone Idea,Mobile,0
+917977709116,Reyansh Bajaj,Madurai,Tamil Nadu,BSNL,Mobile,0
+918527333408,Mukesh Choudhary,Mumbai,Maharashtra,Airtel,Mobile,0
+919535712170,Lokesh Chatterjee,Shimla,Himachal Pradesh,Vodafone Idea,Mobile,0
+917132947147,Jyoti Shetty,Thiruvananthapuram,Kerala,Jio,Mobile,0
+919567132661,Bhavna Dubey,Ghaziabad,Uttar Pradesh,Airtel,Mobile,0
+916026410598,Diya Goyal,Noida,Uttar Pradesh,Jio,Mobile,0
+918975446806,Sunil Negi,Mysore,Karnataka,Vodafone Idea,Mobile,0
+919988709483,Deepa Barua,Chandigarh,Punjab,Vodafone Idea,Mobile,0
+919273958522,Advik Patel,Ghaziabad,Uttar Pradesh,Airtel,Mobile,0
+918344686540,Preeti Sharma,Gurugram,Haryana,BSNL,Mobile,0
+917719400913,Manpreet Pillai,Rajkot,Gujarat,Airtel,Mobile,0
+917388912105,Gaurav Saxena,Jaipur,Rajasthan,Vodafone Idea,Mobile,0
+917126473211,Vinod Mehra,Raipur,Chhattisgarh,Airtel,Mobile,0
+916055510381,Diya Negi,Srinagar,Jammu & Kashmir,Jio,Mobile,0
+917392434278,Mahesh Rajput,Lucknow,Uttar Pradesh,BSNL,Mobile,0
+917379777509,Preeti Singhal,Thiruvananthapuram,Kerala,Vodafone Idea,Mobile,0
+919042499180,Mohit Dutta,Nashik,Maharashtra,Jio,Mobile,0
+916043070746,Bhavna Warrier,Ranchi,Jharkhand,Airtel,Mobile,0
+918173739786,Sohan Kamath,Ghaziabad,Uttar Pradesh,Airtel,Mobile,0
+919828982641,Shikha Mathur,Tiruchirappalli,Tamil Nadu,Airtel,Mobile,0
+917922568019,Vandana Pandey,Nashik,Maharashtra,BSNL,Mobile,0
+919143460407,Anita Tripathi,Agra,Uttar Pradesh,Airtel,Mobile,0
+917496220409,Naveen Kumar,Kanpur,Uttar Pradesh,BSNL,Mobile,0
+918628231237,Aadhya Chakraborty,Faridabad,Haryana,Airtel,Mobile,0
+917185352878,Lalita Khanna,Aurangabad,Maharashtra,Jio,Mobile,0
+918477195717,Girish Thakur,Shimla,Himachal Pradesh,Airtel,Mobile,0
+917727572693,Sarita Shinde,Chennai,Tamil Nadu,Airtel,Mobile,0
+917370771308,Myra Saikia,Thane,Maharashtra,BSNL,Mobile,0
+917716256566,Uma Das,Ahmedabad,Gujarat,Airtel,Mobile,0
+917049992643,Anjali Mehra,Vijayawada,Andhra Pradesh,Airtel,Mobile,0
+917160250312,Sandeep Chatterjee,Bhubaneswar,Odisha,Jio,Mobile,0
+917278282401,Yash Sharma,Salem,Tamil Nadu,Jio,Mobile,0
+919667466155,Garima Iyer,Noida,Uttar Pradesh,Jio,Mobile,0
+916275926568,Priya Sethi,Amritsar,Punjab,Airtel,Mobile,0
+918555792792,Lakhan Bisht,Agra,Uttar Pradesh,Vodafone Idea,Mobile,0
+919581231058,Mohan More,Mysore,Karnataka,Airtel,Mobile,0
+919967457171,Preeti Mir,Raipur,Chhattisgarh,Vodafone Idea,Mobile,0
+919068310137,Vijay Chauhan,Jabalpur,Madhya Pradesh,Airtel,Mobile,0
+917790441888,Shalini Rajput,Lucknow,Uttar Pradesh,Airtel,Mobile,0
+917821384272,Shikha Agarwal,Chennai,Tamil Nadu,Vodafone Idea,Mobile,0
+916099042985,Bhavna Sharma,Dehradun,Uttarakhand,Jio,Mobile,0
+916342115397,Rekha Shinde,Gwalior,Madhya Pradesh,Vodafone Idea,Mobile,0
+917642191382,Krishna Rawat,Raipur,Chhattisgarh,BSNL,Mobile,0
+917640890691,Bhavna Mehta,Kolkata,West Bengal,BSNL,Mobile,0
+917585251840,Vinita Pandey,Ghaziabad,Uttar Pradesh,BSNL,Mobile,0
+919871080211,Preeti Kapoor,Agra,Uttar Pradesh,Airtel,Mobile,0
+917256149086,Rohan Singhal,Chennai,Tamil Nadu,Airtel,Mobile,0
+918186568019,Shalini Mehta,Ghaziabad,Uttar Pradesh,Jio,Mobile,0
+917757852231,Arnav Agarwal,Faridabad,Haryana,Airtel,Mobile,0
+916064974184,Manoj Iyer,Amritsar,Punjab,BSNL,Mobile,0
+917479084810,Naman Kaul,Rajkot,Gujarat,Vodafone Idea,Mobile,0
+919178779124,Geeta Bora,Hyderabad,Telangana,Jio,Mobile,0
+918683284979,Myra Raina,Indore,Madhya Pradesh,BSNL,Mobile,0
+919578312015,Atharv Chauhan,Chennai,Tamil Nadu,Vodafone Idea,Mobile,0
+917352375583,Umesh Talwar,Salem,Tamil Nadu,Jio,Mobile,0
+918214370754,Sumit Verma,Agra,Uttar Pradesh,Vodafone Idea,Mobile,0
+919358259524,Jyoti Patel,Mumbai,Maharashtra,Vodafone Idea,Mobile,0
+917510331903,Gurpreet Banerjee,Patna,Bihar,Vodafone Idea,Mobile,0
+917622403329,Ritesh Iyer,Jammu,Jammu & Kashmir,Jio,Mobile,0
+916324083434,Mukul Reddy,Lucknow,Uttar Pradesh,Vodafone Idea,Mobile,0
+917993276985,Ritesh Mukherjee,Kolkata,West Bengal,Jio,Mobile,0
+918912347121,Gaurav Arora,Ahmedabad,Gujarat,Airtel,Mobile,0
+919733067196,Swapna Tripathi,Pune,Maharashtra,Vodafone Idea,Mobile,0
+917057379873,Vandana Saikia,Hyderabad,Telangana,BSNL,Mobile,0
+917031663835,Kapil Kulkarni,Udaipur,Rajasthan,Airtel,Mobile,0
+916030075765,Sunanda Naidu,Srinagar,Jammu & Kashmir,Vodafone Idea,Mobile,0
+918743941175,Diya Raina,Vadodara,Gujarat,Jio,Mobile,0
+918320628580,Jayesh Rawat,Udaipur,Rajasthan,Airtel,Mobile,0
+917329290628,Sanjay Gupta,Pune,Maharashtra,Airtel,Mobile,0
+918895797965,Sara Bisht,Shimla,Himachal Pradesh,BSNL,Mobile,0
+917051627523,Archana Ahuja,Bangalore,Karnataka,BSNL,Mobile,0
+919157409196,Arnav Gowda,Noida,Uttar Pradesh,Vodafone Idea,Mobile,0
+919986434739,Naman Singh,Ranchi,Jharkhand,Vodafone Idea,Mobile,0
+917645048138,Amita Gupta,Mangalore,Karnataka,Vodafone Idea,Mobile,0
+917326903588,Alpesh Bhatia,Mumbai,Maharashtra,BSNL,Mobile,0
+916375086039,Ramesh Bose,Varanasi,Uttar Pradesh,Vodafone Idea,Mobile,0
+916245303617,Alpesh Mathur,Pune,Maharashtra,Jio,Mobile,0
+919832999434,Satish Roy,Mysore,Karnataka,Airtel,Mobile,0
+917441932787,Anika Sarkar,Ranchi,Jharkhand,BSNL,Mobile,0
+918737264745,Rajeev Pillai,Hubli,Karnataka,BSNL,Mobile,0
+917729815013,Aanya Singhal,Faridabad,Haryana,Vodafone Idea,Mobile,0
+919047621271,Reema Bhatia,Ranchi,Jharkhand,Airtel,Mobile,0
+917634416789,Anjali Chopra,Thane,Maharashtra,Airtel,Mobile,0
+917211485353,Usha Bhat,Noida,Uttar Pradesh,BSNL,Mobile,0
+918784652577,Aman Bhat,Bhubaneswar,Odisha,Airtel,Mobile,0
+919748675383,Navpreet Goyal,Pune,Maharashtra,BSNL,Mobile,0
+917828271109,Seema Kapoor,Delhi,Delhi,Airtel,Mobile,0
+919134610218,Sanjiv Pillai,Noida,Uttar Pradesh,Jio,Mobile,0
+917053316065,Smita Rao,Gwalior,Madhya Pradesh,BSNL,Mobile,0
+919572664605,Rohit Vaghela,Dehradun,Uttarakhand,Jio,Mobile,0
+917184818694,Usha Khanna,Kolkata,West Bengal,Airtel,Mobile,0
+916291659092,Shikha Kaul,Bhopal,Madhya Pradesh,BSNL,Mobile,0
+919233203688,Kunal Chopra,Belgaum,Karnataka,Jio,Mobile,0
+918259697708,Naveen Reddy,Amritsar,Punjab,BSNL,Mobile,0
+918812562668,Kunal Bajaj,Delhi,Delhi,Vodafone Idea,Mobile,0
+917534759339,Manoj Kaul,Agra,Uttar Pradesh,Jio,Mobile,0
+918687109477,Aarohi Modi,Kochi,Kerala,Airtel,Mobile,0
+916370829786,Harish Kapoor,Ghaziabad,Uttar Pradesh,Airtel,Mobile,0
+919424306237,Sachin Patel,Hyderabad,Telangana,Jio,Mobile,0
+917392699890,Brijesh Reddy,Raipur,Chhattisgarh,BSNL,Mobile,0
+919222274979,Lokesh Rao,Kochi,Kerala,Airtel,Mobile,0
+919222124381,Ansh Ghosh,Thiruvananthapuram,Kerala,BSNL,Mobile,0
+918422554332,Anjali Agarwal,Gwalior,Madhya Pradesh,Jio,Mobile,0
+916347201311,Sarita Pant,Bangalore,Karnataka,Vodafone Idea,Mobile,0
+916245729507,Anvi Mandal,Nagpur,Maharashtra,Airtel,Mobile,0
+917146593981,Diya Mir,Patna,Bihar,Jio,Mobile,0
+919223382117,Sapna Sethi,Patna,Bihar,BSNL,Mobile,0
+918747461527,Rahul Chauhan,Gurugram,Haryana,Airtel,Mobile,0
+918350192896,Sachin Deshmukh,Ahmedabad,Gujarat,Airtel,Mobile,0
+917332475254,Rajesh Dubey,Kochi,Kerala,Jio,Mobile,0
+916270317384,Aarav Das,Kanpur,Uttar Pradesh,Airtel,Mobile,0
+918774649360,Archana Mehra,Mumbai,Maharashtra,Vodafone Idea,Mobile,0
+919521836354,Ganesh Patel,Pune,Maharashtra,BSNL,Mobile,0
+917863988021,Mukul Mehta,Chandigarh,Punjab,Vodafone Idea,Mobile,0
+918482685113,Amita Banerjee,Amritsar,Punjab,Vodafone Idea,Mobile,0
+917010303038,Pradeep Chatterjee,Surat,Gujarat,Vodafone Idea,Mobile,0
+919395290086,Ansh Vaghela,Ranchi,Jharkhand,Vodafone Idea,Mobile,0
+919113295805,Nisha Chatterjee,Pune,Maharashtra,BSNL,Mobile,0
+917970703381,Manpreet Chatterjee,Surat,Gujarat,Vodafone Idea,Mobile,0
+918484139705,Archana Modi,Noida,Uttar Pradesh,Airtel,Mobile,0
+917842885628,Puneet Patil,Jaipur,Rajasthan,Vodafone Idea,Mobile,0
+919668907471,Rashmi Arora,Visakhapatnam,Andhra Pradesh,Airtel,Mobile,0
+917638709055,Jyoti Choudhary,Gwalior,Madhya Pradesh,BSNL,Mobile,0
+918419053748,Vishal Chopra,Rajkot,Gujarat,Airtel,Mobile,0
+917580555281,Swati Rajput,Delhi,Delhi,Vodafone Idea,Mobile,0
+916221060842,Ashish Pai,Chandigarh,Punjab,Jio,Mobile,0
+917654689718,Reshma Jadeja,Vadodara,Gujarat,BSNL,Mobile,0
+917943236979,Brijesh Pawar,Aurangabad,Maharashtra,BSNL,Mobile,0
+918488495841,Deepak Bajaj,Gwalior,Madhya Pradesh,Jio,Mobile,0
+916269563539,Rohan Garg,Hubli,Karnataka,Airtel,Mobile,0
+917826638367,Aditya Patil,Jammu,Jammu & Kashmir,Vodafone Idea,Mobile,0
+917466354877,Atharv Parmar,Agra,Uttar Pradesh,Airtel,Mobile,0
+919348273689,Radha Joshi,Mysore,Karnataka,BSNL,Mobile,0
+919674341366,Jayesh Chatterjee,Delhi,Delhi,Vodafone Idea,Mobile,0
+917343475892,Yogesh Kamath,Jammu,Jammu & Kashmir,Jio,Mobile,0
+917993882892,Jaspreet Gowda,Gurugram,Haryana,Jio,Mobile,0
+918724252201,Diya Kumar,Hubli,Karnataka,BSNL,Mobile,0
+918695211460,Manpreet Raina,Thiruvananthapuram,Kerala,Vodafone Idea,Mobile,0
+916280197397,Varun Pandey,Udaipur,Rajasthan,Jio,Mobile,0
+916156639084,Vineet Parmar,Lucknow,Uttar Pradesh,Vodafone Idea,Mobile,0
+916058404671,Pradeep Thakur,Lucknow,Uttar Pradesh,BSNL,Mobile,0
+919483448608,Navpreet Dutta,Nashik,Maharashtra,Vodafone Idea,Mobile,0
+919537370332,Rachna Tomar,Visakhapatnam,Andhra Pradesh,Vodafone Idea,Mobile,0
+918110386396,Sumit Bhat,Gwalior,Madhya Pradesh,Jio,Mobile,0
+918729465203,Anjali Wani,Shimla,Himachal Pradesh,Vodafone Idea,Mobile,0
+917191789228,Simran Yadav,Bangalore,Karnataka,Vodafone Idea,Mobile,0
+917115155667,Aarav Chatterjee,Rajkot,Gujarat,Airtel,Mobile,0
+916325601162,Jyoti Wani,Dehradun,Uttarakhand,BSNL,Mobile,0
+918695859213,Ravi Das,Srinagar,Jammu & Kashmir,BSNL,Mobile,0
+918225485321,Kishan Mathur,Raipur,Chhattisgarh,Airtel,Mobile,0
+917965123898,Lokesh Arora,Jodhpur,Rajasthan,Vodafone Idea,Mobile,0
+917320623626,Vinita Chakraborty,Agra,Uttar Pradesh,Airtel,Mobile,0
+917632592284,Lakhan Mir,Aurangabad,Maharashtra,Jio,Mobile,0
+917320818368,Vipul Chauhan,Indore,Madhya Pradesh,Jio,Mobile,0
+918852691993,Swapna Dar,Belgaum,Karnataka,BSNL,Mobile,0
+917564653595,Neha Rathore,Coimbatore,Tamil Nadu,Airtel,Mobile,0
+918656190056,Hitesh Patel,Udaipur,Rajasthan,BSNL,Mobile,0
+919593498607,Priya Nair,Raipur,Chhattisgarh,Airtel,Mobile,0
+917998146701,Kuldeep Choudhary,Tiruchirappalli,Tamil Nadu,Airtel,Mobile,0
+917537292637,Shikha Mishra,Bhubaneswar,Odisha,Airtel,Mobile,0
+918158585352,Kuldeep Chakraborty,Bhubaneswar,Odisha,Airtel,Mobile,0
+919562452464,Aarohi Rawat,Tiruchirappalli,Tamil Nadu,Jio,Mobile,0
+919332839689,Ansh Choudhary,Visakhapatnam,Andhra Pradesh,Jio,Mobile,0
+918664838153,Kapil Dubey,Visakhapatnam,Andhra Pradesh,Vodafone Idea,Mobile,0
+918667836206,Shravan Choudhary,Jaipur,Rajasthan,Airtel,Mobile,0
+919942597058,Shalini Dey,Bhubaneswar,Odisha,Airtel,Mobile,0
+917599246586,Anjali Jain,Navi Mumbai,Maharashtra,Airtel,Mobile,0
+918885419917,Neha Mishra,Ranchi,Jharkhand,Airtel,Mobile,0
+918892581449,Ananya Gupta,Bhubaneswar,Odisha,Jio,Mobile,0
+917199303861,Ritu Khanna,Patna,Bihar,Airtel,Mobile,0
+919959164444,Vandana Pai,Thane,Maharashtra,BSNL,Mobile,0
+919132258928,Nitesh Paul,Allahabad,Uttar Pradesh,BSNL,Mobile,0
+918948398580,Sara Dey,Hubli,Karnataka,BSNL,Mobile,0
+917716636322,Vinita Kurup,Jaipur,Rajasthan,Airtel,Mobile,0
+917457033851,Lalit Raina,Gwalior,Madhya Pradesh,Vodafone Idea,Mobile,0
+916111049883,Meera Chakraborty,Hyderabad,Telangana,Airtel,Mobile,0
+918655890241,Rajeev Pai,Surat,Gujarat,Vodafone Idea,Mobile,0
+919598823575,Arun Menon,Mumbai,Maharashtra,Vodafone Idea,Mobile,0
+918256602690,Dinesh Barua,Pune,Maharashtra,Jio,Mobile,0
+919638548425,Neelam Chopra,Indore,Madhya Pradesh,Vodafone Idea,Mobile,0
+917539819105,Naman Chauhan,Guwahati,Assam,BSNL,Mobile,0
+917713938580,Archana Choudhary,Bhubaneswar,Odisha,Vodafone Idea,Mobile,0
+918512898524,Vipul Bisht,Guwahati,Assam,Jio,Mobile,0
+918211905422,Vivaan Gupta,Chennai,Tamil Nadu,Airtel,Mobile,0
+918039292087,Rudra Tripathi,Jodhpur,Rajasthan,BSNL,Mobile,0
+916054012704,Vihaan Dutta,Shimla,Himachal Pradesh,Jio,Mobile,0
+919656131294,Chetan Talwar,Chandigarh,Punjab,Vodafone Idea,Mobile,0
+919042159104,Anjali Ahuja,Bangalore,Karnataka,Airtel,Mobile,0
+919249284278,Sai Chauhan,Jabalpur,Madhya Pradesh,BSNL,Mobile,0
+917974177974,Poonam Nair,Shimla,Himachal Pradesh,Airtel,Mobile,0
+918434303085,Deepak Tripathi,Madurai,Tamil Nadu,Jio,Mobile,0
+919152440775,Reema Shah,Gurugram,Haryana,Vodafone Idea,Mobile,0
+917810240507,Mohan Bisht,Indore,Madhya Pradesh,Jio,Mobile,0
+918848150987,Radha Iyer,Raipur,Chhattisgarh,Jio,Mobile,0
+917863032876,Dinesh Deshmukh,Belgaum,Karnataka,BSNL,Mobile,0
+919379312700,Mukesh Pandey,Thane,Maharashtra,BSNL,Mobile,0
+919792723559,Usha Tripathi,Jabalpur,Madhya Pradesh,Airtel,Mobile,0
+916237739822,Namita Rao,Ghaziabad,Uttar Pradesh,Vodafone Idea,Mobile,0
+918863595826,Reshma Biswas,Hubli,Karnataka,Airtel,Mobile,0
+918161519905,Pankaj Negi,Surat,Gujarat,Airtel,Mobile,0
+919330918928,Manish More,Jodhpur,Rajasthan,Airtel,Mobile,0
+918444997522,Myra Tomar,Allahabad,Uttar Pradesh,Jio,Mobile,0
+919814435003,Umesh Bora,Dehradun,Uttarakhand,Vodafone Idea,Mobile,0
+917770183633,Varun Saikia,Faridabad,Haryana,Airtel,Mobile,0
+916176650354,Reyansh Hegde,Kolkata,West Bengal,Jio,Mobile,0
+919498804914,Rohit Shinde,Mumbai,Maharashtra,BSNL,Mobile,0
+918753683098,Reema Sharma,Faridabad,Haryana,Airtel,Mobile,0
+918169531699,Kishan Saikia,Udaipur,Rajasthan,BSNL,Mobile,0
+917814256355,Shalini Mehra,Nagpur,Maharashtra,Vodafone Idea,Mobile,0
+919411978031,Rakesh Barua,Gurugram,Haryana,Jio,Mobile,0
+919687462562,Neha Verma,Chandigarh,Punjab,Airtel,Mobile,0
+916361272833,Shravan Pandey,Kanpur,Uttar Pradesh,BSNL,Mobile,0
+919887860951,Sapna Vaghela,Ludhiana,Punjab,Vodafone Idea,Mobile,0
+919641641554,Geeta Garg,Gurugram,Haryana,Airtel,Mobile,0
+918273575703,Nandini Biswas,Nashik,Maharashtra,BSNL,Mobile,0
+917278851364,Kapil Tiwari,Nashik,Maharashtra,Jio,Mobile,0
+918998852148,Kavita Roy,Dehradun,Uttarakhand,Jio,Mobile,0
+918788241698,Savita Chopra,Tiruchirappalli,Tamil Nadu,Vodafone Idea,Mobile,0
+918479394905,Mohan Kumar,Mangalore,Karnataka,Vodafone Idea,Mobile,0
+918795357371,Reema Bajaj,Jaipur,Rajasthan,BSNL,Mobile,0
+919960789633,Neelam Dutta,Noida,Uttar Pradesh,Vodafone Idea,Mobile,0
+918328795623,Smita Tomar,Coimbatore,Tamil Nadu,Airtel,Mobile,0
+919251195935,Rahul Arora,Shimla,Himachal Pradesh,BSNL,Mobile,0
+916078175646,Pooja Gowda,Nashik,Maharashtra,Jio,Mobile,0
+918992755522,Diya Goyal,Ranchi,Jharkhand,Jio,Mobile,0
+918176939544,Atharv Bora,Navi Mumbai,Maharashtra,Vodafone Idea,Mobile,0
+919974782441,Ishaan Choudhary,Bhubaneswar,Odisha,Airtel,Mobile,0
+919764993188,Rakesh Bhatia,Chennai,Tamil Nadu,Vodafone Idea,Mobile,0
+917272484616,Brijesh Patel,Madurai,Tamil Nadu,Airtel,Mobile,0
+918973366990,Ishaan Kumar,Lucknow,Uttar Pradesh,Airtel,Mobile,0
+918537416438,Sarita Gogoi,Shimla,Himachal Pradesh,Vodafone Idea,Mobile,0
+916195449071,Kishan Modi,Udaipur,Rajasthan,BSNL,Mobile,0
+917559574366,Sara Rawat,Patna,Bihar,Vodafone Idea,Mobile,0
+918797331874,Meera Ghosh,Hubli,Karnataka,Jio,Mobile,0
+917690176347,Reshma Goyal,Vadodara,Gujarat,BSNL,Mobile,0
+918675871125,Raman Rao,Ludhiana,Punjab,Vodafone Idea,Mobile,0
+919885773857,Jyoti Patil,Raipur,Chhattisgarh,Airtel,Mobile,0
+917130104771,Amit More,Tiruchirappalli,Tamil Nadu,Airtel,Mobile,0
+918474921693,Roshan Tandon,Bhopal,Madhya Pradesh,BSNL,Mobile,0
+919619942826,Vikram Arora,Belgaum,Karnataka,BSNL,Mobile,0
+919011845226,Rohit Mehta,Varanasi,Uttar Pradesh,Airtel,Mobile,0
+919243034348,Mukesh Goyal,Salem,Tamil Nadu,Airtel,Mobile,0
+919838106777,Rohan Bose,Noida,Uttar Pradesh,Vodafone Idea,Mobile,0
+918881877849,Manoj Modi,Jodhpur,Rajasthan,Vodafone Idea,Mobile,0
+919779981105,Dhruv Patel,Jodhpur,Rajasthan,BSNL,Mobile,0
+916250101432,Gaurav Dhawan,Agra,Uttar Pradesh,BSNL,Mobile,0
+918899680633,Ritu Patel,Ranchi,Jharkhand,Airtel,Mobile,0
+917879476430,Poonam Naidu,Chandigarh,Punjab,Jio,Mobile,0
+917165450928,Sarita Goyal,Bhubaneswar,Odisha,Jio,Mobile,0
+917925479920,Amanpreet Jain,Salem,Tamil Nadu,Jio,Mobile,0
+919994411797,Lokesh Pawar,Navi Mumbai,Maharashtra,Airtel,Mobile,0
+918468857532,Ashish Jadeja,Hyderabad,Telangana,BSNL,Mobile,0
+916122167828,Swati Garg,Srinagar,Jammu & Kashmir,BSNL,Mobile,0
+918918845633,Kiran Reddy,Allahabad,Uttar Pradesh,BSNL,Mobile,0
+917983454669,Navpreet Chauhan,Ghaziabad,Uttar Pradesh,BSNL,Mobile,0
+917346075250,Rajesh Kurup,Ludhiana,Punjab,BSNL,Mobile,0
+918089011290,Rashmi Gupta,Chandigarh,Punjab,BSNL,Mobile,0
+919519669282,Reyansh Sarkar,Visakhapatnam,Andhra Pradesh,BSNL,Mobile,0
+917351896150,Lakshmi Jadeja,Hyderabad,Telangana,Jio,Mobile,0
+916030973098,Ansh Agarwal,Varanasi,Uttar Pradesh,BSNL,Mobile,0
+918696224985,Swati Raina,Varanasi,Uttar Pradesh,Jio,Mobile,0
+918775690980,Lakhan Paul,Belgaum,Karnataka,Jio,Mobile,0
+919421227264,Gurpreet Garg,Bhopal,Madhya Pradesh,BSNL,Mobile,0
+918640476904,Pari Joshi,Kochi,Kerala,Vodafone Idea,Mobile,0
+917435834744,Suresh Patil,Jaipur,Rajasthan,Airtel,Mobile,0
+916066933705,Anika Mishra,Nashik,Maharashtra,Vodafone Idea,Mobile,0
+917621423514,Harpreet Saxena,Mangalore,Karnataka,Vodafone Idea,Mobile,0
+918210644106,Savita Desai,Visakhapatnam,Andhra Pradesh,Vodafone Idea,Mobile,0
+917367026837,Namita Mir,Ranchi,Jharkhand,Airtel,Mobile,0
+918611428381,Anita Kapoor,Thiruvananthapuram,Kerala,Airtel,Mobile,0
+917818397962,Rekha Sen,Udaipur,Rajasthan,Vodafone Idea,Mobile,0
+919011578875,Swapna Khanna,Salem,Tamil Nadu,Vodafone Idea,Mobile,0
+918657050365,Manpreet Chauhan,Vijayawada,Andhra Pradesh,Vodafone Idea,Mobile,0
+919516891078,Radha Mishra,Bhubaneswar,Odisha,Vodafone Idea,Mobile,0
+918894689938,Vineet Pillai,Tiruchirappalli,Tamil Nadu,Jio,Mobile,0
+918962443302,Sanjiv Ghosh,Varanasi,Uttar Pradesh,Airtel,Mobile,0
+919178974832,Myra Kamath,Ranchi,Jharkhand,Vodafone Idea,Mobile,0
+919581096995,Amanpreet Biswas,Kochi,Kerala,Vodafone Idea,Mobile,0
+919816601958,Kabir Pillai,Patna,Bihar,Vodafone Idea,Mobile,0
+918938649096,Sai Garg,Kochi,Kerala,Jio,Mobile,0
+919138709803,Namita Chauhan,Kochi,Kerala,Vodafone Idea,Mobile,0
+918757325410,Amanpreet Mandal,Ranchi,Jharkhand,Vodafone Idea,Mobile,0
+919992256252,Chetan Mishra,Pune,Maharashtra,BSNL,Mobile,0
+919612749713,Preeti Choudhary,Noida,Uttar Pradesh,Airtel,Mobile,0
+919069089689,Brijesh Shukla,Kochi,Kerala,Airtel,Mobile,0
+919814411509,Rachna Roy,Indore,Madhya Pradesh,Jio,Mobile,0
+919183518009,Lokesh Tripathi,Vijayawada,Andhra Pradesh,Airtel,Mobile,0
+917761778064,Atharv Banerjee,Mumbai,Maharashtra,Jio,Mobile,0
+919673442018,Reema Jadhav,Thane,Maharashtra,Airtel,Mobile,0
+917723284069,Sneha Kaul,Indore,Madhya Pradesh,Vodafone Idea,Mobile,0
+917381165532,Gaurav Jadhav,Ludhiana,Punjab,BSNL,Mobile,0
+917150988727,Rupesh Pant,Patna,Bihar,Jio,Mobile,0
+919761461043,Ananya Mehta,Tiruchirappalli,Tamil Nadu,Jio,Mobile,0
+919856494862,Manoj Saxena,Allahabad,Uttar Pradesh,BSNL,Mobile,0
+919063916586,Gurpreet Dutta,Surat,Gujarat,BSNL,Mobile,0
+919155887344,Rupesh Kumar,Ludhiana,Punjab,Airtel,Mobile,0
+918742241755,Atharv Bajaj,Gwalior,Madhya Pradesh,Jio,Mobile,0
+919792351058,Nandini Dubey,Vadodara,Gujarat,BSNL,Mobile,0
+918619345457,Dinesh Dutta,Jabalpur,Madhya Pradesh,Vodafone Idea,Mobile,0
+918927500468,Sukhpreet Jadhav,Noida,Uttar Pradesh,Vodafone Idea,Mobile,0
+917525389382,Vijay Desai,Rajkot,Gujarat,Airtel,Mobile,0
+916094776029,Ajay Modi,Jabalpur,Madhya Pradesh,Jio,Mobile,0
+917779051274,Nandini Vaghela,Nashik,Maharashtra,Airtel,Mobile,0
+917360813718,Jyoti Banerjee,Belgaum,Karnataka,BSNL,Mobile,0
+918479090248,Amita Paul,Mysore,Karnataka,Jio,Mobile,0
+919285559034,Naveen Roy,Rajkot,Gujarat,BSNL,Mobile,0
+917877525176,Pankaj Rao,Jaipur,Rajasthan,Vodafone Idea,Mobile,0
+917458713528,Krishna Modi,Salem,Tamil Nadu,Jio,Mobile,0
+919779805560,Namita Hegde,Kolkata,West Bengal,BSNL,Mobile,0
+917794304545,Varun Jadhav,Thiruvananthapuram,Kerala,Vodafone Idea,Mobile,0
+917630666629,Pooja Khare,Allahabad,Uttar Pradesh,Airtel,Mobile,0
+918531997111,Sneha Mir,Srinagar,Jammu & Kashmir,Vodafone Idea,Mobile,0
+917627148913,Arjun Sen,Aurangabad,Maharashtra,Jio,Mobile,0
+919489959172,Mukesh Garg,Vadodara,Gujarat,Vodafone Idea,Mobile,0
+918682522371,Sneha Mitra,Ahmedabad,Gujarat,BSNL,Mobile,0
+918366587927,Mahesh Desai,Nashik,Maharashtra,Vodafone Idea,Mobile,0
+918846365174,Pradeep Banerjee,Nashik,Maharashtra,BSNL,Mobile,0
+917634720643,Deepak Shah,Udaipur,Rajasthan,Vodafone Idea,Mobile,0
+918192529991,Simran Bhat,Jammu,Jammu & Kashmir,Airtel,Mobile,0
+919216532526,Savita Pant,Pune,Maharashtra,Vodafone Idea,Mobile,0
+917310151621,Poonam Roy,Chennai,Tamil Nadu,Vodafone Idea,Mobile,0
+918782894504,Vihaan Das,Jaipur,Rajasthan,Jio,Mobile,0
+918511165111,Poonam Dubey,Belgaum,Karnataka,Airtel,Mobile,0
+917316382495,Aadhya Shukla,Navi Mumbai,Maharashtra,BSNL,Mobile,0
+919934898328,Rupesh Chopra,Varanasi,Uttar Pradesh,Airtel,Mobile,0
+919114463423,Lokesh Pai,Vijayawada,Andhra Pradesh,Vodafone Idea,Mobile,0
+919676286228,Vineet Pant,Kanpur,Uttar Pradesh,Vodafone Idea,Mobile,0
+917399756328,Anjali Roy,Ludhiana,Punjab,Vodafone Idea,Mobile,0
+918977983313,Vikram Vaghela,Kochi,Kerala,BSNL,Mobile,0
+919398652491,Padma Sarkar,Allahabad,Uttar Pradesh,BSNL,Mobile,0
+916142397455,Archana Bose,Chandigarh,Punjab,Jio,Mobile,0
+917025969410,Manju Bose,Jabalpur,Madhya Pradesh,Airtel,Mobile,0
+916311765368,Ananya Dhawan,Chandigarh,Punjab,Vodafone Idea,Mobile,0
+916216352097,Arun Rathore,Vijayawada,Andhra Pradesh,BSNL,Mobile,0
+918216040069,Harish Malhotra,Belgaum,Karnataka,Vodafone Idea,Mobile,0
+918858125008,Rajeev Joshi,Jaipur,Rajasthan,Airtel,Mobile,0
+917340017729,Gurpreet Rajput,Rajkot,Gujarat,BSNL,Mobile,0
+918724603120,Poonam Biswas,Chandigarh,Punjab,Vodafone Idea,Mobile,0
+917591164810,Rajesh Goyal,Navi Mumbai,Maharashtra,Airtel,Mobile,0
+919434526893,Aanya Menon,Belgaum,Karnataka,Vodafone Idea,Mobile,0
+918132103360,Shaurya Suri,Nashik,Maharashtra,BSNL,Mobile,0
+919291200315,Karthik Yadav,Jodhpur,Rajasthan,Jio,Mobile,0
+918723338610,Lalita Bhatia,Guwahati,Assam,Vodafone Idea,Mobile,0
+918250371838,Archana Gowda,Coimbatore,Tamil Nadu,Jio,Mobile,0
+918079969393,Dinesh Kapoor,Mysore,Karnataka,Jio,Mobile,0
+919051326655,Vipul Shinde,Thane,Maharashtra,Jio,Mobile,0
+916222941245,Arnav Menon,Bhopal,Madhya Pradesh,Airtel,Mobile,0
+918491334581,Seema Shetty,Bangalore,Karnataka,BSNL,Mobile,0
+919740655514,Dhruv Desai,Salem,Tamil Nadu,BSNL,Mobile,0
+916110023752,Gurpreet Mishra,Jodhpur,Rajasthan,Jio,Mobile,0
+919492819751,Mohan Kamath,Kochi,Kerala,Vodafone Idea,Mobile,0
+916362356459,Raman Dubey,Nashik,Maharashtra,Airtel,Mobile,0
+919020405547,Vihaan Patel,Bhubaneswar,Odisha,Jio,Mobile,0
+916066616132,Ritesh Das,Raipur,Chhattisgarh,Jio,Mobile,0
+919687535654,Swapna Shukla,Delhi,Delhi,Vodafone Idea,Mobile,0
+918851403712,Vihaan Suri,Kolkata,West Bengal,Jio,Mobile,0
+919446387577,Karthik Pawar,Ahmedabad,Gujarat,Vodafone Idea,Mobile,0
+919368045064,Aarohi Mishra,Raipur,Chhattisgarh,Vodafone Idea,Mobile,0
+919970676553,Ishaan Bhatia,Udaipur,Rajasthan,Airtel,Mobile,0
+918061902890,Poonam Verma,Ranchi,Jharkhand,BSNL,Mobile,0
+919737488588,Shravan Sarkar,Ghaziabad,Uttar Pradesh,Airtel,Mobile,0
+917727720183,Manoj Barua,Ahmedabad,Gujarat,Vodafone Idea,Mobile,0
+917025913062,Arnav Warrier,Vadodara,Gujarat,Airtel,Mobile,0
+919991583509,Lakshmi Tandon,Hyderabad,Telangana,BSNL,Mobile,0
+918423131446,Ramesh Agarwal,Rajkot,Gujarat,Jio,Mobile,0
+918368850986,Dhruv Agarwal,Mangalore,Karnataka,Airtel,Mobile,0
+919334082631,Lakhan Choudhary,Ahmedabad,Gujarat,BSNL,Mobile,0
+917737477057,Sukhpreet Roy,Mumbai,Maharashtra,Jio,Mobile,0
+918399316557,Rohan Reddy,Belgaum,Karnataka,Vodafone Idea,Mobile,0
+919225143974,Anita Raina,Jammu,Jammu & Kashmir,BSNL,Mobile,0
+918822341410,Aadhya Sarkar,Vijayawada,Andhra Pradesh,BSNL,Mobile,0
+919992564751,Lalit Chauhan,Faridabad,Haryana,Jio,Mobile,0
+918181266470,Vinita Hegde,Nagpur,Maharashtra,BSNL,Mobile,0
+917597541647,Rachna Rawat,Kanpur,Uttar Pradesh,Vodafone Idea,Mobile,0
+919993705294,Uma Saikia,Jodhpur,Rajasthan,Vodafone Idea,Mobile,0
+919382850373,Alpesh More,Nagpur,Maharashtra,Jio,Mobile,0
+917680259677,Rekha Nair,Gurugram,Haryana,Jio,Mobile,0
+919868669555,Archana Wani,Jabalpur,Madhya Pradesh,Vodafone Idea,Mobile,0
+918817229405,Divya Kamath,Visakhapatnam,Andhra Pradesh,Vodafone Idea,Mobile,0
+918567223043,Vinod Das,Jammu,Jammu & Kashmir,Jio,Mobile,0
+919333390051,Usha Shekhawat,Nagpur,Maharashtra,Vodafone Idea,Mobile,0
+917639264129,Amanpreet Yadav,Aurangabad,Maharashtra,Vodafone Idea,Mobile,0
+918427223970,Sanjiv Joshi,Vijayawada,Andhra Pradesh,Vodafone Idea,Mobile,0
+919266919561,Smita More,Surat,Gujarat,Airtel,Mobile,0
+917247456918,Meera Chatterjee,Madurai,Tamil Nadu,BSNL,Mobile,0
+917939889128,Sara Pant,Madurai,Tamil Nadu,Vodafone Idea,Mobile,0
+917868024337,Pankaj Pillai,Jaipur,Rajasthan,BSNL,Mobile,0
+919834655805,Jayesh Naidu,Tiruchirappalli,Tamil Nadu,Airtel,Mobile,0
+918231382595,Advik Tomar,Chennai,Tamil Nadu,Airtel,Mobile,0
+917120334424,Amit Kumar,Kolkata,West Bengal,Jio,Mobile,0
+917732565767,Rohan Dey,Agra,Uttar Pradesh,Airtel,Mobile,0
+917525552303,Sandeep Tandon,Rajkot,Gujarat,Jio,Mobile,0
+918681597226,Reema Joshi,Ranchi,Jharkhand,Jio,Mobile,0
+918137670928,Vihaan Iyer,Surat,Gujarat,Jio,Mobile,0
+917841901825,Naveen Gogoi,Salem,Tamil Nadu,BSNL,Mobile,0
+919549194932,Smita Khare,Ghaziabad,Uttar Pradesh,Jio,Mobile,0
+917699232530,Suresh Gowda,Agra,Uttar Pradesh,Jio,Mobile,0
+919451348673,Rashmi Mir,Coimbatore,Tamil Nadu,Airtel,Mobile,0
+917193175680,Mukul Dutta,Raipur,Chhattisgarh,Vodafone Idea,Mobile,0
+918487810722,Lalit Suri,Dehradun,Uttarakhand,Vodafone Idea,Mobile,0
+918877940208,Sarita Pawar,Mysore,Karnataka,Vodafone Idea,Mobile,0
+919161986348,Roshan Singhal,Thiruvananthapuram,Kerala,BSNL,Mobile,0
+917047094084,Sarita Saikia,Mysore,Karnataka,Vodafone Idea,Mobile,0
+916037204791,Swati Mir,Udaipur,Rajasthan,Airtel,Mobile,0
+917668767876,Manish Saxena,Salem,Tamil Nadu,Vodafone Idea,Mobile,0
+918288231635,Swati Suri,Hyderabad,Telangana,Vodafone Idea,Mobile,0
+918648564291,Yash Mishra,Hyderabad,Telangana,Jio,Mobile,0
+918577324558,Rashmi Bhat,Chennai,Tamil Nadu,Jio,Mobile,0
+919525079718,Sushma Kapoor,Belgaum,Karnataka,Vodafone Idea,Mobile,0
+919270754915,Shalini Reddy,Ludhiana,Punjab,Jio,Mobile,0
+918487605418,Roshan Kumar,Mysore,Karnataka,Jio,Mobile,0
+919438925323,Arnav Suri,Kochi,Kerala,Airtel,Mobile,0
+916376395281,Anjali Iyer,Thiruvananthapuram,Kerala,Airtel,Mobile,0
+917649636752,Rudra Warrier,Jammu,Jammu & Kashmir,BSNL,Mobile,0
+918968685311,Satish Mir,Aurangabad,Maharashtra,Airtel,Mobile,0
+918218615249,Kiran Pawar,Ranchi,Jharkhand,Airtel,Mobile,0
+919214651452,Padma Nair,Mangalore,Karnataka,Vodafone Idea,Mobile,0
+918868875309,Mahesh Garg,Bangalore,Karnataka,Vodafone Idea,Mobile,0
+916216416409,Naresh Pant,Hyderabad,Telangana,Airtel,Mobile,0
+916384060218,Sushma Desai,Shimla,Himachal Pradesh,BSNL,Mobile,0
+919694849114,Mukul Malhotra,Srinagar,Jammu & Kashmir,BSNL,Mobile,0
+919842235575,Kavita Tripathi,Thiruvananthapuram,Kerala,Airtel,Mobile,0
+918698938778,Rekha Bajaj,Chennai,Tamil Nadu,Vodafone Idea,Mobile,0
+918128303756,Kuldeep Singh,Bangalore,Karnataka,Airtel,Mobile,0
+919116264788,Manju Biswas,Thane,Maharashtra,Vodafone Idea,Mobile,0
+916348007128,Rashmi Shinde,Mumbai,Maharashtra,Airtel,Mobile,0
+919584151147,Ayaan Rathore,Pune,Maharashtra,Vodafone Idea,Mobile,0
+918125203946,Swapna Sarkar,Kanpur,Uttar Pradesh,Vodafone Idea,Mobile,0
+918254297826,Sneha Saxena,Gwalior,Madhya Pradesh,BSNL,Mobile,0
+919931319474,Rupesh Pawar,Gwalior,Madhya Pradesh,Jio,Mobile,0
+917286111337,Nikhil Bisht,Delhi,Delhi,Airtel,Mobile,0
+919485090915,Navpreet Rawat,Raipur,Chhattisgarh,Vodafone Idea,Mobile,0
+916330887367,Manju Reddy,Bhopal,Madhya Pradesh,Jio,Mobile,0
+917165308392,Ritesh Thakur,Nagpur,Maharashtra,Vodafone Idea,Mobile,0
+919731665364,Kiran Chopra,Srinagar,Jammu & Kashmir,Vodafone Idea,Mobile,0
+918755910217,Pradeep Suri,Lucknow,Uttar Pradesh,BSNL,Mobile,0
+916294528650,Nitin Saikia,Belgaum,Karnataka,Airtel,Mobile,0
+919585080919,Dhruv Singh,Ludhiana,Punjab,Jio,Mobile,0
+918240749205,Sunita Vaghela,Dehradun,Uttarakhand,Jio,Mobile,0
+919764245886,Raman Tiwari,Tiruchirappalli,Tamil Nadu,Vodafone Idea,Mobile,0
+917471003245,Bhavna Kamath,Kanpur,Uttar Pradesh,Airtel,Mobile,0
+918870706842,Anika Menon,Navi Mumbai,Maharashtra,Jio,Mobile,0
+918941160916,Rakesh Goyal,Mangalore,Karnataka,Airtel,Mobile,0
+917495901993,Lalita Dubey,Gwalior,Madhya Pradesh,Airtel,Mobile,0
+919922125406,Ganesh Warrier,Bhubaneswar,Odisha,BSNL,Mobile,0
+918796760088,Ritu Patil,Jabalpur,Madhya Pradesh,Jio,Mobile,0
+917750636523,Anjali Tomar,Visakhapatnam,Andhra Pradesh,BSNL,Mobile,0
+919655691010,Hitesh Pai,Srinagar,Jammu & Kashmir,Vodafone Idea,Mobile,0
+919421816707,Vishal Bhat,Tiruchirappalli,Tamil Nadu,Vodafone Idea,Mobile,0
+919774552546,Naman Mathur,Ludhiana,Punjab,BSNL,Mobile,0
+919839817222,Mukesh Kapoor,Pune,Maharashtra,Airtel,Mobile,0
+919842885619,Swapna Chauhan,Shimla,Himachal Pradesh,BSNL,Mobile,0
+917692815208,Priya Bora,Faridabad,Haryana,Jio,Mobile,0
+919258825984,Deepak Ahuja,Navi Mumbai,Maharashtra,BSNL,Mobile,0
+918063508011,Anvi Mukherjee,Surat,Gujarat,Airtel,Mobile,0
+916015662094,Sunanda Reddy,Pune,Maharashtra,Airtel,Mobile,0
+918413374610,Amanpreet Mandal,Gurugram,Haryana,Airtel,Mobile,0
+917534735974,Aarohi Mathur,Delhi,Delhi,BSNL,Mobile,0
+919712467679,Dhruv Bora,Mumbai,Maharashtra,Jio,Mobile,0
+918823256188,Pradeep Modi,Chandigarh,Punjab,Airtel,Mobile,0
+917025092967,Lakhan Reddy,Jammu,Jammu & Kashmir,Airtel,Mobile,0
+917882354304,Smita Pawar,Patna,Bihar,Jio,Mobile,0
+919827521358,Arnav Deshmukh,Visakhapatnam,Andhra Pradesh,Vodafone Idea,Mobile,0
+918862613691,Lalit Bhatia,Jammu,Jammu & Kashmir,Jio,Mobile,0
+917752862302,Atharv Shah,Tiruchirappalli,Tamil Nadu,BSNL,Mobile,0
+917724031343,Puneet Rathore,Mysore,Karnataka,BSNL,Mobile,0
+918051485780,Anika Rawat,Gurugram,Haryana,BSNL,Mobile,0
+919876952016,Ajay Pawar,Raipur,Chhattisgarh,Vodafone Idea,Mobile,0
+917692601421,Uma Gowda,Noida,Uttar Pradesh,Jio,Mobile,0
+918243801291,Jaspreet Chopra,Bhopal,Madhya Pradesh,Vodafone Idea,Mobile,0
+918185346644,Sara Bhat,Indore,Madhya Pradesh,Vodafone Idea,Mobile,0
+919347881269,Vineet Shekhawat,Vadodara,Gujarat,Vodafone Idea,Mobile,0
+918556407489,Naman Garg,Hubli,Karnataka,Jio,Mobile,0
+917916460539,Anjali Negi,Thiruvananthapuram,Kerala,Jio,Mobile,0
+917846854095,Aanya Verma,Pune,Maharashtra,BSNL,Mobile,0
+918310072901,Namita Mehra,Varanasi,Uttar Pradesh,BSNL,Mobile,0
+917755537691,Manoj Vaghela,Udaipur,Rajasthan,Airtel,Mobile,0
+919591200158,Reyansh Mathur,Guwahati,Assam,Vodafone Idea,Mobile,0
+916133407879,Geeta Raina,Kolkata,West Bengal,Airtel,Mobile,0
+918071481318,Simran Dubey,Udaipur,Rajasthan,Vodafone Idea,Mobile,0
+918272006117,Garima Verma,Gurugram,Haryana,Jio,Mobile,0
+919339679190,Kiran Mehta,Noida,Uttar Pradesh,Vodafone Idea,Mobile,0
+917049537684,Rahul Khanna,Delhi,Delhi,Jio,Mobile,0
+918214702416,Sukhpreet Kurup,Kanpur,Uttar Pradesh,Jio,Mobile,0
+917455539829,Sunanda Jain,Salem,Tamil Nadu,BSNL,Mobile,0
+918151581645,Usha Garg,Patna,Bihar,Vodafone Idea,Mobile,0
+916288375065,Kabir Yadav,Gurugram,Haryana,Jio,Mobile,0
+916333046347,Deepak Patel,Nashik,Maharashtra,Vodafone Idea,Mobile,0
+916341588359,Navpreet Chatterjee,Patna,Bihar,Vodafone Idea,Mobile,0
+917451952866,Arjun Garg,Kolkata,West Bengal,Airtel,Mobile,0
+916165665102,Chetan Joshi,Tiruchirappalli,Tamil Nadu,Airtel,Mobile,0
+916281410723,Dinesh Mathur,Lucknow,Uttar Pradesh,Airtel,Mobile,0
+918267433595,Neelam Thakur,Raipur,Chhattisgarh,Airtel,Mobile,0
+917460444359,Aman Yadav,Mumbai,Maharashtra,Airtel,Mobile,0
+916230930048,Anvi Sharma,Ludhiana,Punjab,BSNL,Mobile,0
+917332177034,Aarohi Agarwal,Hubli,Karnataka,Vodafone Idea,Mobile,0
+916070071451,Mukul Saxena,Delhi,Delhi,Vodafone Idea,Mobile,0
+918486670186,Rohit Pillai,Aurangabad,Maharashtra,Airtel,Mobile,0
+918621938849,Neha Pandey,Thane,Maharashtra,Vodafone Idea,Mobile,0
+918544248884,Nandini Bisht,Amritsar,Punjab,Airtel,Mobile,0
+917928428660,Neelam Kapoor,Jabalpur,Madhya Pradesh,Airtel,Mobile,0
+919057762246,Pari Tandon,Rajkot,Gujarat,Vodafone Idea,Mobile,0
+916335226823,Lokesh Kurup,Faridabad,Haryana,Vodafone Idea,Mobile,0
+919599750736,Bhavna Rawat,Srinagar,Jammu & Kashmir,Airtel,Mobile,0
+917943593004,Namita Khare,Surat,Gujarat,BSNL,Mobile,0
+917150523052,Meera Shinde,Navi Mumbai,Maharashtra,Vodafone Idea,Mobile,0
+918064498280,Amit Sharma,Udaipur,Rajasthan,Vodafone Idea,Mobile,0
+918731186235,Ajay Pandey,Gwalior,Madhya Pradesh,Vodafone Idea,Mobile,0
+918699702958,Vijay Warrier,Agra,Uttar Pradesh,Airtel,Mobile,0
+918474564657,Rudra Jadeja,Bangalore,Karnataka,Vodafone Idea,Mobile,0
+916041880317,Uma Negi,Nashik,Maharashtra,Airtel,Mobile,0
+916183223487,Manoj Kapoor,Dehradun,Uttarakhand,Jio,Mobile,0
+919626896904,Manoj Nair,Nagpur,Maharashtra,Jio,Mobile,0
+919570878230,Vipul Kulkarni,Ludhiana,Punjab,Airtel,Mobile,0
+918672460974,Lalita Singhal,Mysore,Karnataka,Airtel,Mobile,0
+918144090578,Yash Gogoi,Varanasi,Uttar Pradesh,Airtel,Mobile,0
+919592650088,Sunanda Chopra,Gurugram,Haryana,Airtel,Mobile,0
+917383383159,Karun Rajput,Varanasi,Uttar Pradesh,Vodafone Idea,Mobile,0
+917332516418,Vinod Yadav,Jodhpur,Rajasthan,Vodafone Idea,Mobile,0
+918930754900,Anita Saikia,Mysore,Karnataka,Airtel,Mobile,0
+917389320309,Shaurya Singhal,Navi Mumbai,Maharashtra,Jio,Mobile,0
+918645576832,Nisha More,Nashik,Maharashtra,Airtel,Mobile,0
+917583804351,Mohan Chopra,Kanpur,Uttar Pradesh,Airtel,Mobile,0
+919057568802,Manoj Mir,Tiruchirappalli,Tamil Nadu,Airtel,Mobile,0
+917412744009,Reshma Hegde,Noida,Uttar Pradesh,BSNL,Mobile,0
+916244444086,Kiran Pawar,Ahmedabad,Gujarat,Vodafone Idea,Mobile,0
+919668820230,Rudra Saikia,Hubli,Karnataka,Jio,Mobile,0
+919470167078,Preeti Solanki,Varanasi,Uttar Pradesh,Airtel,Mobile,0
+917446209096,Roshan Shetty,Mysore,Karnataka,BSNL,Mobile,0
+918460081545,Sukhpreet Bisht,Visakhapatnam,Andhra Pradesh,Airtel,Mobile,0
+917326201457,Meera Bhatia,Vijayawada,Andhra Pradesh,Vodafone Idea,Mobile,0
+918644631338,Amanpreet Kumar,Dehradun,Uttarakhand,Vodafone Idea,Mobile,0
+917089460097,Savita Mandal,Salem,Tamil Nadu,BSNL,Mobile,0
+917877696240,Sarita Kumar,Salem,Tamil Nadu,Airtel,Mobile,0
+916322482580,Manoj Bhatia,Aurangabad,Maharashtra,Jio,Mobile,0
+917188536727,Vijay Pai,Allahabad,Uttar Pradesh,BSNL,Mobile,0
+917771169315,Rohit Chatterjee,Nagpur,Maharashtra,Jio,Mobile,0
+918469965164,Uma Singh,Hyderabad,Telangana,BSNL,Mobile,0
+919861776309,Savita Dey,Thiruvananthapuram,Kerala,Jio,Mobile,0
+917199975207,Ishaan Kaul,Thane,Maharashtra,BSNL,Mobile,0
+917471829562,Rohit Patel,Lucknow,Uttar Pradesh,BSNL,Mobile,0
+916079959444,Dhruv Solanki,Aurangabad,Maharashtra,Airtel,Mobile,0
+916196082521,Brijesh Singh,Lucknow,Uttar Pradesh,BSNL,Mobile,0
+917924426243,Amanpreet Malhotra,Ranchi,Jharkhand,BSNL,Mobile,0
+917827214305,Lalita Parmar,Bhopal,Madhya Pradesh,Vodafone Idea,Mobile,0
+917935186749,Arun Biswas,Mysore,Karnataka,BSNL,Mobile,0
+917735031563,Rohan Hegde,Surat,Gujarat,Vodafone Idea,Mobile,0
+917990221186,Kunal Shukla,Ranchi,Jharkhand,Airtel,Mobile,0
+918612645631,Kiran Shekhawat,Bhopal,Madhya Pradesh,Jio,Mobile,0
+917957257811,Padma Singh,Thiruvananthapuram,Kerala,Vodafone Idea,Mobile,0
+918835342274,Pooja Choudhary,Udaipur,Rajasthan,Airtel,Mobile,0
+917530043066,Namita Singh,Agra,Uttar Pradesh,Jio,Mobile,0
+918235199331,Alpesh Chopra,Coimbatore,Tamil Nadu,BSNL,Mobile,0
+919486439242,Deepa Sethi,Hubli,Karnataka,Jio,Mobile,0
+917970959290,Jitesh Pandey,Thiruvananthapuram,Kerala,BSNL,Mobile,0
+919989556093,Meera Rawat,Hyderabad,Telangana,BSNL,Mobile,0
+919714907982,Varun Bhat,Nagpur,Maharashtra,Airtel,Mobile,0
+917050654731,Aarav Khare,Patna,Bihar,Airtel,Mobile,0
+917096838324,Sanjiv Paul,Mysore,Karnataka,Jio,Mobile,0
+916222454136,Sunita Rao,Surat,Gujarat,Airtel,Mobile,0
+918689081593,Mohan Jadeja,Bhopal,Madhya Pradesh,Vodafone Idea,Mobile,0
+918397130516,Sumit Kumar,Ranchi,Jharkhand,Airtel,Mobile,0
+918746213442,Ishaan Gogoi,Noida,Uttar Pradesh,Jio,Mobile,0
+916330119817,Tushar Kurup,Bhubaneswar,Odisha,BSNL,Mobile,0
+918635689333,Savita Kamath,Faridabad,Haryana,Vodafone Idea,Mobile,0
+917795284578,Savita Gogoi,Hubli,Karnataka,Airtel,Mobile,0
+919240631726,Manpreet Patil,Dehradun,Uttarakhand,Airtel,Mobile,0
+918166451355,Amita Pai,Vijayawada,Andhra Pradesh,Vodafone Idea,Mobile,0
+919564489829,Pankaj Mathur,Faridabad,Haryana,Jio,Mobile,0
+917753015879,Alpesh Bhatia,Patna,Bihar,BSNL,Mobile,0
+917871180238,Vijay Talwar,Bangalore,Karnataka,Jio,Mobile,0
+919429582907,Varun Negi,Indore,Madhya Pradesh,Airtel,Mobile,0
+918716995558,Sunita Chopra,Tiruchirappalli,Tamil Nadu,Vodafone Idea,Mobile,0
+918333235804,Jaspreet Kurup,Chennai,Tamil Nadu,Airtel,Mobile,0
+919628519960,Usha Chatterjee,Allahabad,Uttar Pradesh,Vodafone Idea,Mobile,0
+918473884670,Preeti Yadav,Jodhpur,Rajasthan,Vodafone Idea,Mobile,0
+917578568214,Dinesh Mishra,Agra,Uttar Pradesh,Vodafone Idea,Mobile,0
+917825703317,Vijay Rawat,Delhi,Delhi,Vodafone Idea,Mobile,0
+917373283706,Shalini Jadeja,Jodhpur,Rajasthan,Airtel,Mobile,0
+918924087151,Seema Ahuja,Vadodara,Gujarat,Jio,Mobile,0
+919047665382,Tarun Tripathi,Guwahati,Assam,Jio,Mobile,0
+918725055490,Aman Mehra,Jaipur,Rajasthan,Jio,Mobile,0
+919755181418,Aadhya Pandey,Agra,Uttar Pradesh,Airtel,Mobile,0
+919452624324,Naresh Rawat,Ahmedabad,Gujarat,Airtel,Mobile,0
+917732296530,Aanya Kamath,Tiruchirappalli,Tamil Nadu,Jio,Mobile,0
+916392094763,Sukhpreet Barua,Ghaziabad,Uttar Pradesh,Jio,Mobile,0
+918380972400,Shaurya Chatterjee,Ghaziabad,Uttar Pradesh,Airtel,Mobile,0
+919936090199,Tejinder More,Jabalpur,Madhya Pradesh,BSNL,Mobile,0
+918436089586,Lalita Arora,Pune,Maharashtra,Vodafone Idea,Mobile,0
+918424063374,Asha Sarkar,Thane,Maharashtra,Jio,Mobile,0
+917315539719,Sunita Menon,Chennai,Tamil Nadu,Airtel,Mobile,0
+919332525061,Karthik Tandon,Jodhpur,Rajasthan,Vodafone Idea,Mobile,0
+918449438920,Nitin Kumar,Visakhapatnam,Andhra Pradesh,Vodafone Idea,Mobile,0
+918564177864,Neha Parmar,Dehradun,Uttarakhand,BSNL,Mobile,0
+919342526266,Simran Shukla,Kochi,Kerala,Vodafone Idea,Mobile,0
+918887940282,Varun Iyer,Kochi,Kerala,BSNL,Mobile,0
+917435971118,Swapna Sarkar,Aurangabad,Maharashtra,Jio,Mobile,0
+918215599979,Vineet Mandal,Hyderabad,Telangana,Airtel,Mobile,0
+917155217666,Reyansh Roy,Nagpur,Maharashtra,Jio,Mobile,0
+916168557586,Advik Chakraborty,Ghaziabad,Uttar Pradesh,Airtel,Mobile,0
+919116520840,Yash More,Hyderabad,Telangana,BSNL,Mobile,0
+917368691383,Tejinder Talwar,Kolkata,West Bengal,Airtel,Mobile,0
+917557006833,Sunanda Chakraborty,Mangalore,Karnataka,Airtel,Mobile,0
+916159027058,Umesh Shetty,Mysore,Karnataka,Jio,Mobile,0
+918623525613,Mohan Saikia,Pune,Maharashtra,Airtel,Mobile,0
+917022549965,Ajay Chauhan,Jammu,Jammu & Kashmir,Airtel,Mobile,0
+917846774417,Kavita Jadhav,Tiruchirappalli,Tamil Nadu,Jio,Mobile,0
+917811604393,Krishna Bajaj,Salem,Tamil Nadu,Jio,Mobile,0
+918823493784,Swati Nair,Kochi,Kerala,Airtel,Mobile,0
+917835320310,Preeti Solanki,Tiruchirappalli,Tamil Nadu,BSNL,Mobile,0
+919134412603,Sai Talwar,Chennai,Tamil Nadu,Vodafone Idea,Mobile,0
+917530995990,Kapil Saxena,Srinagar,Jammu & Kashmir,BSNL,Mobile,0
+916363510746,Meera Tripathi,Surat,Gujarat,BSNL,Mobile,0
+917066116442,Dhruv Naidu,Kanpur,Uttar Pradesh,BSNL,Mobile,0
+919675104023,Anvi Jadhav,Guwahati,Assam,Airtel,Mobile,0
+919717228541,Rachna Bhat,Varanasi,Uttar Pradesh,Jio,Mobile,0
+916041499049,Mahesh Arora,Gurugram,Haryana,BSNL,Mobile,0
+919173451999,Vineet Jadhav,Chandigarh,Punjab,Airtel,Mobile,0
+917524161470,Sara Kapoor,Nashik,Maharashtra,Jio,Mobile,0
+919021656502,Manpreet Patel,Ghaziabad,Uttar Pradesh,Vodafone Idea,Mobile,0
+917343377964,Ritu Gupta,Ahmedabad,Gujarat,Jio,Mobile,0
+916372870197,Vishal Mathur,Bhubaneswar,Odisha,Vodafone Idea,Mobile,0
+917392115611,Nikhil Chakraborty,Jabalpur,Madhya Pradesh,Jio,Mobile,0
+919376799543,Ramesh Jain,Thiruvananthapuram,Kerala,Jio,Mobile,0
+919315730276,Anika Kulkarni,Noida,Uttar Pradesh,Airtel,Mobile,0
+918941914676,Aadhya Naidu,Belgaum,Karnataka,Jio,Mobile,0
+918295623006,Tarun Paul,Kanpur,Uttar Pradesh,BSNL,Mobile,0
+917798718899,Tejinder Pawar,Gwalior,Madhya Pradesh,Airtel,Mobile,0
+916326427597,Manpreet Roy,Bhubaneswar,Odisha,Jio,Mobile,0
+917987386735,Sara Thakur,Thane,Maharashtra,Airtel,Mobile,0
+919590807220,Radha More,Mangalore,Karnataka,Airtel,Mobile,0
+918036191589,Priya Mir,Hubli,Karnataka,BSNL,Mobile,0
+919364397681,Alpesh Choudhary,Jammu,Jammu & Kashmir,Vodafone Idea,Mobile,0
+916051268426,Aadhya Kulkarni,Bangalore,Karnataka,Vodafone Idea,Mobile,0
+917849757707,Ayaan Negi,Delhi,Delhi,Vodafone Idea,Mobile,0
+919597774540,Raman Vaghela,Aurangabad,Maharashtra,BSNL,Mobile,0
+918457866959,Garima Bhatia,Madurai,Tamil Nadu,Vodafone Idea,Mobile,0
+919163802158,Smita Dubey,Ghaziabad,Uttar Pradesh,Vodafone Idea,Mobile,0
+916352221473,Sanjay Mehta,Tiruchirappalli,Tamil Nadu,Vodafone Idea,Mobile,0
+918678184897,Seema Bora,Thane,Maharashtra,Airtel,Mobile,0
+919548368783,Yogesh Shetty,Srinagar,Jammu & Kashmir,Airtel,Mobile,0
+919679222972,Arnav Tomar,Guwahati,Assam,BSNL,Mobile,0
+918159090405,Aarohi Reddy,Bhubaneswar,Odisha,Airtel,Mobile,0
+917468352288,Sarita Mukherjee,Kochi,Kerala,Vodafone Idea,Mobile,0
+917473479369,Nitin Biswas,Indore,Madhya Pradesh,Jio,Mobile,0
+917553593587,Aditya Dey,Rajkot,Gujarat,BSNL,Mobile,0
+918889064761,Kavita Chatterjee,Bangalore,Karnataka,BSNL,Mobile,0
+917479654912,Jitesh Rao,Agra,Uttar Pradesh,Airtel,Mobile,0
+918114226894,Neelam Mehra,Bangalore,Karnataka,Airtel,Mobile,0
+919173421260,Chetan Ahuja,Dehradun,Uttarakhand,BSNL,Mobile,0
+917184547392,Ashish Saikia,Dehradun,Uttarakhand,Jio,Mobile,0
+917855172425,Tushar Ghosh,Belgaum,Karnataka,Airtel,Mobile,0
+918067136556,Garima More,Srinagar,Jammu & Kashmir,BSNL,Mobile,0
+919125411187,Satish Gupta,Surat,Gujarat,Jio,Mobile,0
+917453519349,Sapna Singh,Rajkot,Gujarat,Jio,Mobile,0
+918619776895,Sunil Das,Navi Mumbai,Maharashtra,Jio,Mobile,0
+917272877033,Kiran Arora,Vadodara,Gujarat,Vodafone Idea,Mobile,0
+916031010745,Nikhil Chauhan,Delhi,Delhi,Jio,Mobile,0
+917478774187,Manju Hegde,Thiruvananthapuram,Kerala,Vodafone Idea,Mobile,0
+918330815220,Swapna Tandon,Udaipur,Rajasthan,BSNL,Mobile,0
+919975440600,Lakhan Rathore,Navi Mumbai,Maharashtra,Vodafone Idea,Mobile,0
+916310203151,Anika Pillai,Chandigarh,Punjab,Vodafone Idea,Mobile,0
+917932294035,Myra Menon,Salem,Tamil Nadu,Jio,Mobile,0
+917315206170,Brijesh Choudhary,Mysore,Karnataka,BSNL,Mobile,0
+919450570393,Manju Saxena,Vadodara,Gujarat,BSNL,Mobile,0
+917142892300,Anvi Sethi,Visakhapatnam,Andhra Pradesh,Airtel,Mobile,0
+917012229322,Reema Biswas,Kochi,Kerala,Jio,Mobile,0
+916124950820,Aanya Verma,Faridabad,Haryana,Airtel,Mobile,0
+919652591400,Vijay Shetty,Chennai,Tamil Nadu,Vodafone Idea,Mobile,0
+919910271213,Arun Hegde,Agra,Uttar Pradesh,Jio,Mobile,0
+919887431862,Pavan Negi,Bhubaneswar,Odisha,Jio,Mobile,0
+918016242609,Ishaan Joshi,Bangalore,Karnataka,Jio,Mobile,0
+917345550792,Rupesh Chauhan,Ghaziabad,Uttar Pradesh,Jio,Mobile,0
+917463533110,Uma Raina,Hyderabad,Telangana,BSNL,Mobile,0
+918641884019,Poonam Singhal,Hyderabad,Telangana,Jio,Mobile,0
+916069386529,Sara Shukla,Jaipur,Rajasthan,Vodafone Idea,Mobile,0
+919399368871,Manpreet Dey,Jodhpur,Rajasthan,Jio,Mobile,0
+916023197709,Pradeep Sharma,Salem,Tamil Nadu,BSNL,Mobile,0
+919181148138,Namita Mehta,Vijayawada,Andhra Pradesh,BSNL,Mobile,0
+918450906899,Aadhya Reddy,Vijayawada,Andhra Pradesh,Vodafone Idea,Mobile,0
+916386816684,Rohan Pandey,Jammu,Jammu & Kashmir,BSNL,Mobile,0
+918579175058,Ishaan Tandon,Raipur,Chhattisgarh,Jio,Mobile,0
+919344420179,Manju Dar,Allahabad,Uttar Pradesh,Vodafone Idea,Mobile,0
+917055093903,Shalini Agarwal,Allahabad,Uttar Pradesh,Jio,Mobile,0
+916250558041,Aarohi Mitra,Rajkot,Gujarat,Airtel,Mobile,0
+918624048585,Sapna Kumar,Kochi,Kerala,BSNL,Mobile,0
+917396217184,Aditya Bora,Salem,Tamil Nadu,Vodafone Idea,Mobile,0
+916290813541,Pari Singhal,Madurai,Tamil Nadu,BSNL,Mobile,0
+917893136086,Shravan Arora,Dehradun,Uttarakhand,Airtel,Mobile,0
+919064188998,Bhavna Jain,Udaipur,Rajasthan,Jio,Mobile,0
+919177186471,Shravan Warrier,Gwalior,Madhya Pradesh,Airtel,Mobile,0
+919256719465,Umesh Gogoi,Thane,Maharashtra,BSNL,Mobile,0
+917560086008,Satish Tiwari,Bhopal,Madhya Pradesh,Airtel,Mobile,0
+919550455040,Vihaan Kaul,Thiruvananthapuram,Kerala,Vodafone Idea,Mobile,0
+917984768057,Sushma Kurup,Amritsar,Punjab,Vodafone Idea,Mobile,0
+916213821269,Raman Rawat,Chandigarh,Punjab,Vodafone Idea,Mobile,0
+919924871981,Amanpreet Mandal,Madurai,Tamil Nadu,Airtel,Mobile,0
+918921946077,Atharv Chauhan,Thane,Maharashtra,Jio,Mobile,0
+919072748517,Aanya Tandon,Mangalore,Karnataka,Vodafone Idea,Mobile,0
+919352503635,Shaurya Sethi,Nagpur,Maharashtra,Vodafone Idea,Mobile,0
+918644993020,Anita Mitra,Noida,Uttar Pradesh,Airtel,Mobile,0
+917357880755,Dinesh Agarwal,Jammu,Jammu & Kashmir,BSNL,Mobile,0
+919684619280,Sara Dutta,Tiruchirappalli,Tamil Nadu,BSNL,Mobile,0
+919675357937,Jitesh Kurup,Nashik,Maharashtra,Jio,Mobile,0
+919026731232,Garima Bora,Ranchi,Jharkhand,Jio,Mobile,0
+918746539500,Puneet Verma,Bhubaneswar,Odisha,Airtel,Mobile,0
+918842334618,Savita Kulkarni,Madurai,Tamil Nadu,Jio,Mobile,0
+917619950932,Naresh Pawar,Nashik,Maharashtra,Jio,Mobile,0
+919272826683,Yogesh Ghosh,Dehradun,Uttarakhand,Airtel,Mobile,0
+918973894385,Reema Yadav,Jaipur,Rajasthan,Jio,Mobile,0
+916160180803,Aarohi Parmar,Chandigarh,Punjab,Jio,Mobile,0
+919089527000,Nisha Iyer,Lucknow,Uttar Pradesh,Airtel,Mobile,0
+918759068403,Lalita Saxena,Varanasi,Uttar Pradesh,Jio,Mobile,0
+918459620839,Vandana Chauhan,Vadodara,Gujarat,Jio,Mobile,0
+917956788011,Sai Naidu,Belgaum,Karnataka,BSNL,Mobile,0
+919958487454,Deepa Ghosh,Jaipur,Rajasthan,Vodafone Idea,Mobile,0
+919971850206,Diya Bisht,Ranchi,Jharkhand,Jio,Mobile,0
+917564627507,Vivaan Sethi,Bhopal,Madhya Pradesh,Jio,Mobile,0
+918590604473,Sneha Warrier,Delhi,Delhi,BSNL,Mobile,0
+919110507712,Aanya Garg,Bhopal,Madhya Pradesh,Vodafone Idea,Mobile,0
+918017862615,Arun Bhatia,Chennai,Tamil Nadu,BSNL,Mobile,0
+916284609324,Suresh Vaghela,Udaipur,Rajasthan,Jio,Mobile,0
+918799339690,Kiran Roy,Lucknow,Uttar Pradesh,Jio,Mobile,0
+919937826432,Divya Chauhan,Bhubaneswar,Odisha,Airtel,Mobile,0
+918358551433,Pankaj Das,Bhubaneswar,Odisha,Airtel,Mobile,0
+919530000772,Meera Mehra,Nashik,Maharashtra,Airtel,Mobile,0
+917538531952,Naveen Kapoor,Gwalior,Madhya Pradesh,BSNL,Mobile,0
+917410000273,Ayaan Gowda,Noida,Uttar Pradesh,Airtel,Mobile,0
+918784226812,Pooja Gupta,Mysore,Karnataka,BSNL,Mobile,0
+917854629361,Satish Chopra,Faridabad,Haryana,Airtel,Mobile,0
+916349605170,Kapil Wani,Kolkata,West Bengal,Jio,Mobile,0
+917553088761,Priya Banerjee,Gurugram,Haryana,Airtel,Mobile,0
+918895140907,Karun Sharma,Mysore,Karnataka,Airtel,Mobile,0
+916020126671,Ritesh Shukla,Coimbatore,Tamil Nadu,Vodafone Idea,Mobile,0
+917479425544,Anvi Mathur,Jabalpur,Madhya Pradesh,BSNL,Mobile,0
+917588414402,Radha Sen,Hubli,Karnataka,BSNL,Mobile,0
+917378590213,Mohit Barua,Patna,Bihar,Jio,Mobile,0
+917770117602,Deepa Pawar,Patna,Bihar,Vodafone Idea,Mobile,0
+917827325936,Lalit Gogoi,Patna,Bihar,Jio,Mobile,0
+917484441042,Manpreet Joshi,Ahmedabad,Gujarat,Jio,Mobile,0
+918919691736,Lalit Bhat,Kochi,Kerala,BSNL,Mobile,0
+919820744904,Rekha Solanki,Ranchi,Jharkhand,Jio,Mobile,0
+918814706866,Rahul Thakur,Agra,Uttar Pradesh,Vodafone Idea,Mobile,0
+917688120909,Manpreet Reddy,Nashik,Maharashtra,Airtel,Mobile,0
+917431613343,Neha Patel,Vadodara,Gujarat,Jio,Mobile,0
+918863477106,Ishaan Sethi,Ghaziabad,Uttar Pradesh,Vodafone Idea,Mobile,0
+917831169924,Meera Arora,Nagpur,Maharashtra,Jio,Mobile,0
+919515783051,Sarita Rawat,Vijayawada,Andhra Pradesh,Jio,Mobile,0
+918345800837,Lakshmi Negi,Srinagar,Jammu & Kashmir,Airtel,Mobile,0
+918310341893,Naresh Choudhary,Dehradun,Uttarakhand,BSNL,Mobile,0
+918416647234,Kavita Khare,Jabalpur,Madhya Pradesh,Jio,Mobile,0
+917751584641,Vinita Kaul,Vijayawada,Andhra Pradesh,Vodafone Idea,Mobile,0
+919171663787,Kapil Modi,Udaipur,Rajasthan,BSNL,Mobile,0
+916132535070,Aarohi Paul,Gurugram,Haryana,Vodafone Idea,Mobile,0
+917170059009,Nisha Sharma,Amritsar,Punjab,Jio,Mobile,0
+917946377840,Navpreet Chopra,Guwahati,Assam,BSNL,Mobile,0
+918176931033,Rajesh Choudhary,Chennai,Tamil Nadu,Jio,Mobile,0
+918094434034,Rahul Kapoor,Mysore,Karnataka,Vodafone Idea,Mobile,0
+918271109788,Manju Kamath,Guwahati,Assam,Airtel,Mobile,0
+919313684003,Vinod Sen,Jammu,Jammu & Kashmir,BSNL,Mobile,0
+917944686625,Harish Saxena,Navi Mumbai,Maharashtra,BSNL,Mobile,0
+918163584382,Ansh Sharma,Agra,Uttar Pradesh,Airtel,Mobile,0
+916317244235,Jaspreet Bose,Noida,Uttar Pradesh,BSNL,Mobile,0
+918748850157,Atharv Agarwal,Belgaum,Karnataka,Airtel,Mobile,0
+919351782044,Anita Khanna,Vadodara,Gujarat,Jio,Mobile,0
+917212580144,Aanya Mehra,Hubli,Karnataka,Jio,Mobile,0
+917877756033,Manish Biswas,Faridabad,Haryana,BSNL,Mobile,0
+917553748985,Priya Rawat,Faridabad,Haryana,Jio,Mobile,0
+919311054298,Nandini Chopra,Gwalior,Madhya Pradesh,Vodafone Idea,Mobile,0
+918943027582,Mahesh Chauhan,Srinagar,Jammu & Kashmir,BSNL,Mobile,0
+919164552402,Asha Mehra,Mumbai,Maharashtra,BSNL,Mobile,0
+917896853260,Ansh Patel,Allahabad,Uttar Pradesh,BSNL,Mobile,0
+917551174082,Mohit Jain,Vijayawada,Andhra Pradesh,Jio,Mobile,0
+917991975986,Geeta Dey,Raipur,Chhattisgarh,BSNL,Mobile,0
+917458033632,Arnav Nair,Patna,Bihar,Airtel,Mobile,0
+918136957146,Neha Patel,Coimbatore,Tamil Nadu,Jio,Mobile,0
+918938926291,Archana Khanna,Belgaum,Karnataka,Vodafone Idea,Mobile,0
+919941098976,Nisha Choudhary,Madurai,Tamil Nadu,Airtel,Mobile,0
+917621918904,Vandana Naidu,Varanasi,Uttar Pradesh,BSNL,Mobile,0
+919463338126,Rajesh Shah,Hubli,Karnataka,Jio,Mobile,0
+919791509923,Jyoti Mehra,Salem,Tamil Nadu,BSNL,Mobile,0
+917145334742,Advik Solanki,Srinagar,Jammu & Kashmir,Vodafone Idea,Mobile,0
+919222083985,Rashmi Chatterjee,Delhi,Delhi,Vodafone Idea,Mobile,0
+917362245722,Advik Chauhan,Mysore,Karnataka,Jio,Mobile,0
+917165722497,Sandeep Rathore,Kolkata,West Bengal,BSNL,Mobile,0
+919541471712,Arnav Reddy,Coimbatore,Tamil Nadu,Vodafone Idea,Mobile,0
+919683502207,Rajeev Khanna,Surat,Gujarat,BSNL,Mobile,0
+919918580247,Sunil Das,Kanpur,Uttar Pradesh,Vodafone Idea,Mobile,0
+916031117638,Rohit Saikia,Mumbai,Maharashtra,Vodafone Idea,Mobile,0
+919814402478,Ramesh Thakur,Kolkata,West Bengal,Jio,Mobile,0
+916289472519,Myra Gupta,Ahmedabad,Gujarat,Vodafone Idea,Mobile,0
+917013017894,Sukhpreet Tiwari,Lucknow,Uttar Pradesh,Airtel,Mobile,0
+919598982145,Kunal Kapoor,Amritsar,Punjab,Vodafone Idea,Mobile,0
+919217424131,Ananya Khanna,Ghaziabad,Uttar Pradesh,BSNL,Mobile,0
+919677989827,Anika Mandal,Mumbai,Maharashtra,Airtel,Mobile,0
+918726746932,Shikha Shinde,Srinagar,Jammu & Kashmir,Jio,Mobile,0
+916183582725,Sneha Mukherjee,Kolkata,West Bengal,Jio,Mobile,0
+917440687630,Preeti Sharma,Coimbatore,Tamil Nadu,Vodafone Idea,Mobile,0
+919582149707,Lalit Tandon,Belgaum,Karnataka,Vodafone Idea,Mobile,0
+916338221424,Alpesh Jadhav,Delhi,Delhi,BSNL,Mobile,0
+917249027968,Rudra Khare,Dehradun,Uttarakhand,Vodafone Idea,Mobile,0
+919133946176,Aarush Chauhan,Hyderabad,Telangana,Jio,Mobile,0
+918991602983,Jyoti Pawar,Ludhiana,Punjab,Vodafone Idea,Mobile,0
+918480746028,Amit Chauhan,Thiruvananthapuram,Kerala,BSNL,Mobile,0
+917238023290,Karun Dey,Aurangabad,Maharashtra,Jio,Mobile,0
+916059347656,Rohit Shinde,Thiruvananthapuram,Kerala,Vodafone Idea,Mobile,0
+918780608523,Uma Shukla,Tiruchirappalli,Tamil Nadu,Airtel,Mobile,0
+918072796098,Aadhya Pai,Delhi,Delhi,Jio,Mobile,0
+919174520027,Radha Kurup,Kanpur,Uttar Pradesh,Airtel,Mobile,0
+916348231446,Bhavna Shekhawat,Allahabad,Uttar Pradesh,BSNL,Mobile,0
+917655024302,Sarita Chauhan,Madurai,Tamil Nadu,Vodafone Idea,Mobile,0
+919111069085,Vivaan Shekhawat,Ahmedabad,Gujarat,Airtel,Mobile,0
+918927163887,Puneet Pant,Madurai,Tamil Nadu,Airtel,Mobile,0
+918966700391,Poonam Dey,Udaipur,Rajasthan,Jio,Mobile,0
+918190128081,Ritu Vaghela,Udaipur,Rajasthan,Vodafone Idea,Mobile,0
+918154518024,Jaspreet Talwar,Delhi,Delhi,Vodafone Idea,Mobile,0
+917028912905,Brijesh Shukla,Mangalore,Karnataka,BSNL,Mobile,0
+917927400898,Raman Desai,Hyderabad,Telangana,BSNL,Mobile,0
+919097045715,Kapil Paul,Jaipur,Rajasthan,Jio,Mobile,0
+919428396478,Manju Biswas,Bhopal,Madhya Pradesh,Vodafone Idea,Mobile,0
+917133642242,Diya Jadeja,Vadodara,Gujarat,Vodafone Idea,Mobile,0
+918257740869,Anita Garg,Ranchi,Jharkhand,Airtel,Mobile,0
+918131162208,Priya Vaghela,Jammu,Jammu & Kashmir,Jio,Mobile,0
+918195986968,Shikha Solanki,Thane,Maharashtra,Airtel,Mobile,0
+918080413836,Sohan Bhat,Dehradun,Uttarakhand,Jio,Mobile,0
+917089555551,Mohan Bhat,Ahmedabad,Gujarat,Vodafone Idea,Mobile,0
+916045609455,Navpreet Shah,Indore,Madhya Pradesh,Jio,Mobile,0
+918884534614,Ashish Tomar,Vadodara,Gujarat,Airtel,Mobile,0
+917741450121,Sanjiv More,Ahmedabad,Gujarat,Vodafone Idea,Mobile,0
+916236731800,Priya Sen,Kochi,Kerala,Vodafone Idea,Mobile,0
+916357110840,Sara Singhal,Surat,Gujarat,Vodafone Idea,Mobile,0
+917358660698,Sneha Modi,Delhi,Delhi,Jio,Mobile,0
+919484444070,Nikhil Iyer,Kolkata,West Bengal,Airtel,Mobile,0
+917744198910,Vijay Kurup,Aurangabad,Maharashtra,Airtel,Mobile,0
+919722570753,Padma Tiwari,Vadodara,Gujarat,Airtel,Mobile,0
+917739259488,Sara Saxena,Thane,Maharashtra,Airtel,Mobile,0
+919443591266,Ritesh Chauhan,Raipur,Chhattisgarh,Vodafone Idea,Mobile,0
+916295745149,Jyoti Shah,Bhubaneswar,Odisha,BSNL,Mobile,0
+918690230599,Aarohi Mukherjee,Vadodara,Gujarat,BSNL,Mobile,0
+917586527534,Rohan Paul,Pune,Maharashtra,Jio,Mobile,0
+919931161949,Shalini Jain,Lucknow,Uttar Pradesh,Jio,Mobile,0
+918421372216,Sohan Goyal,Navi Mumbai,Maharashtra,Vodafone Idea,Mobile,0
+918281921706,Tushar Pillai,Noida,Uttar Pradesh,Airtel,Mobile,0
+916384738347,Manoj Goyal,Vadodara,Gujarat,Jio,Mobile,0
+919215054029,Vikram Tripathi,Jaipur,Rajasthan,Airtel,Mobile,0
+917483535529,Gaurav Chatterjee,Shimla,Himachal Pradesh,BSNL,Mobile,0
+918084166810,Pavan Joshi,Belgaum,Karnataka,Airtel,Mobile,0
+919042099470,Mukul Chauhan,Ranchi,Jharkhand,Jio,Mobile,0
+918420701997,Smita More,Vijayawada,Andhra Pradesh,BSNL,Mobile,0
+918878027309,Pradeep Rawat,Nagpur,Maharashtra,Vodafone Idea,Mobile,0
+916354122175,Sunanda Bhatia,Bhopal,Madhya Pradesh,Jio,Mobile,0
+918767297244,Jitesh Negi,Visakhapatnam,Andhra Pradesh,Vodafone Idea,Mobile,0
+917739856973,Mahesh Ghosh,Chennai,Tamil Nadu,Airtel,Mobile,0
+917725924216,Lalita Banerjee,Jabalpur,Madhya Pradesh,Airtel,Mobile,0
+919765639662,Lakshmi Shah,Ahmedabad,Gujarat,Jio,Mobile,0
+917334812496,Aarohi Bhat,Allahabad,Uttar Pradesh,Jio,Mobile,0
+918464268077,Anika Paul,Chandigarh,Punjab,Airtel,Mobile,0
+919647659752,Sunanda Reddy,Madurai,Tamil Nadu,Jio,Mobile,0
+916227899510,Sara Dar,Bangalore,Karnataka,BSNL,Mobile,0
+917479043890,Advik Mehra,Kolkata,West Bengal,BSNL,Mobile,0
+918060786905,Sanjiv Negi,Udaipur,Rajasthan,BSNL,Mobile,0
+918640979571,Rudra Mitra,Agra,Uttar Pradesh,Vodafone Idea,Mobile,0
+917566586070,Nandini Pant,Mumbai,Maharashtra,Vodafone Idea,Mobile,0
+919719664041,Dinesh Ahuja,Faridabad,Haryana,Jio,Mobile,0
+919360101438,Arun Chatterjee,Bhubaneswar,Odisha,Airtel,Mobile,0
+917515056158,Garima Sarkar,Delhi,Delhi,BSNL,Mobile,0
+916062971639,Arnav Sharma,Navi Mumbai,Maharashtra,BSNL,Mobile,0
+917053501183,Ritesh Yadav,Delhi,Delhi,Vodafone Idea,Mobile,0
+918019785454,Vikram Khanna,Jabalpur,Madhya Pradesh,Airtel,Mobile,0
+917236891179,Aarav Paul,Udaipur,Rajasthan,Vodafone Idea,Mobile,0
+918253036252,Vineet Mir,Nagpur,Maharashtra,Airtel,Mobile,0
+919537133154,Pradeep Goyal,Nagpur,Maharashtra,BSNL,Mobile,0
+919395761577,Myra Mathur,Mysore,Karnataka,Airtel,Mobile,0
+917532457784,Ramesh Patel,Faridabad,Haryana,Vodafone Idea,Mobile,0
+919655446818,Tushar Chatterjee,Vadodara,Gujarat,Vodafone Idea,Mobile,0
+917045328861,Kuldeep Mehra,Mysore,Karnataka,Vodafone Idea,Mobile,0
+919544201393,Sukhpreet Mitra,Kochi,Kerala,Vodafone Idea,Mobile,0
+917014971385,Sara Kumar,Ahmedabad,Gujarat,BSNL,Mobile,0
+918838152326,Neha Bora,Gurugram,Haryana,Airtel,Mobile,0
+917482145355,Vikram Bose,Gwalior,Madhya Pradesh,Vodafone Idea,Mobile,0
+917683616208,Shikha Mehta,Allahabad,Uttar Pradesh,Jio,Mobile,0
+919098017607,Usha Kulkarni,Mysore,Karnataka,BSNL,Mobile,0
+919986381848,Sunil Pai,Ghaziabad,Uttar Pradesh,Jio,Mobile,0
+919720412101,Arjun Sarkar,Shimla,Himachal Pradesh,Vodafone Idea,Mobile,0
+918474111802,Ayaan Modi,Surat,Gujarat,BSNL,Mobile,0
+919334184844,Ajay Pandey,Amritsar,Punjab,BSNL,Mobile,0
+917768234034,Swati Sen,Aurangabad,Maharashtra,Vodafone Idea,Mobile,0
+916047318767,Amita Saxena,Belgaum,Karnataka,Vodafone Idea,Mobile,0
+917414615198,Uma Sharma,Madurai,Tamil Nadu,BSNL,Mobile,0
+917267775035,Mukesh Bajaj,Patna,Bihar,BSNL,Mobile,0
+918619539661,Advik Verma,Agra,Uttar Pradesh,BSNL,Mobile,0
+918843858017,Vijay Chopra,Visakhapatnam,Andhra Pradesh,Airtel,Mobile,0
+918675146383,Rupesh Vaghela,Bangalore,Karnataka,BSNL,Mobile,0
+918164246173,Reshma Dar,Surat,Gujarat,BSNL,Mobile,0
+917979447272,Roshan Das,Dehradun,Uttarakhand,Airtel,Mobile,0
+918413992012,Karun Bora,Ludhiana,Punjab,Vodafone Idea,Mobile,0
+918581093489,Namita Dar,Shimla,Himachal Pradesh,Vodafone Idea,Mobile,0
+916058801788,Gurpreet Negi,Thiruvananthapuram,Kerala,Airtel,Mobile,0
+919246243534,Dhruv Chauhan,Chennai,Tamil Nadu,Airtel,Mobile,0
+917267793167,Ayaan Mathur,Ranchi,Jharkhand,Vodafone Idea,Mobile,0
+917249785786,Savita Tripathi,Bhopal,Madhya Pradesh,Jio,Mobile,0
+917580586904,Yogesh Patil,Ludhiana,Punjab,Vodafone Idea,Mobile,0
+917757471301,Neelam Joshi,Udaipur,Rajasthan,Airtel,Mobile,0
+917780220732,Yogesh Kulkarni,Mangalore,Karnataka,BSNL,Mobile,0
+917046544087,Nisha Rawat,Dehradun,Uttarakhand,Jio,Mobile,0
+916027783100,Rohit Rajput,Jammu,Jammu & Kashmir,Vodafone Idea,Mobile,0
+916222784154,Divya Saxena,Faridabad,Haryana,Vodafone Idea,Mobile,0
+917931764513,Ritesh Jain,Nashik,Maharashtra,Vodafone Idea,Mobile,0
+917085354525,Nandini Shukla,Salem,Tamil Nadu,Airtel,Mobile,0
+917571151363,Neelam Joshi,Ahmedabad,Gujarat,Vodafone Idea,Mobile,0
+917785820843,Paresh Tripathi,Coimbatore,Tamil Nadu,Jio,Mobile,0
+919141669764,Rohan Tomar,Navi Mumbai,Maharashtra,Jio,Mobile,0
+918183543409,Lakshmi Menon,Mysore,Karnataka,Jio,Mobile,0
+919026493567,Sanjiv Roy,Jaipur,Rajasthan,Airtel,Mobile,0
+918734955721,Lakhan Biswas,Vadodara,Gujarat,Jio,Mobile,0
+917235508755,Sanjiv Kulkarni,Gwalior,Madhya Pradesh,Jio,Mobile,0
+919574337677,Nitin Rajput,Hyderabad,Telangana,Airtel,Mobile,0
+916340678870,Lakshmi Hegde,Bhubaneswar,Odisha,BSNL,Mobile,0
+919984819598,Radha Modi,Mysore,Karnataka,Jio,Mobile,0
+917572417130,Deepa Pillai,Jabalpur,Madhya Pradesh,BSNL,Mobile,0
+917570703585,Rohit Barua,Agra,Uttar Pradesh,Airtel,Mobile,0
+917797298340,Sunanda Mir,Thane,Maharashtra,Jio,Mobile,0
+918943441688,Meera Saxena,Agra,Uttar Pradesh,Airtel,Mobile,0
+919844757355,Savita Naidu,Ludhiana,Punjab,Jio,Mobile,0
+917388857112,Rajeev Sethi,Navi Mumbai,Maharashtra,BSNL,Mobile,0
+917912853798,Tarun Thakur,Ghaziabad,Uttar Pradesh,Jio,Mobile,0
+917982618962,Kabir Mitra,Raipur,Chhattisgarh,Vodafone Idea,Mobile,0
+919863680350,Nisha Suri,Coimbatore,Tamil Nadu,Vodafone Idea,Mobile,0
+919468753344,Seema Hegde,Patna,Bihar,Vodafone Idea,Mobile,0
+918385576129,Puneet Khare,Tiruchirappalli,Tamil Nadu,Vodafone Idea,Mobile,0
+918915808435,Vipul Verma,Belgaum,Karnataka,Vodafone Idea,Mobile,0
+918099214247,Usha Shukla,Bangalore,Karnataka,Airtel,Mobile,0
+918954818890,Deepak Hegde,Mumbai,Maharashtra,Vodafone Idea,Mobile,0
+918448006566,Anita Desai,Bhubaneswar,Odisha,Airtel,Mobile,0
+919136975707,Namita Ahuja,Kanpur,Uttar Pradesh,Vodafone Idea,Mobile,0
+916331723455,Pradeep Dhawan,Hyderabad,Telangana,Vodafone Idea,Mobile,0
+917229302629,Hitesh Sethi,Thane,Maharashtra,Airtel,Mobile,0
+919327155676,Priya Tomar,Thiruvananthapuram,Kerala,Vodafone Idea,Mobile,0
+919052081434,Suresh Ahuja,Mumbai,Maharashtra,Jio,Mobile,0
+919912494913,Lalita Malhotra,Rajkot,Gujarat,Airtel,Mobile,0
+918697967705,Mohan Warrier,Thane,Maharashtra,Airtel,Mobile,0
+919450939478,Lakhan Mishra,Hyderabad,Telangana,Airtel,Mobile,0
+917184646396,Vikram Tripathi,Navi Mumbai,Maharashtra,Jio,Mobile,0
+919221699979,Preeti Rao,Shimla,Himachal Pradesh,Vodafone Idea,Mobile,0
+919470729775,Manju Goyal,Rajkot,Gujarat,Vodafone Idea,Mobile,0
+916265569024,Navpreet Bisht,Dehradun,Uttarakhand,Airtel,Mobile,0
+918415384612,Rekha Iyer,Lucknow,Uttar Pradesh,Airtel,Mobile,0
+918516164696,Raman Dhawan,Guwahati,Assam,BSNL,Mobile,0
+916054668103,Aditya Deshmukh,Ludhiana,Punjab,Airtel,Mobile,0
+917942284768,Tushar Dar,Raipur,Chhattisgarh,Vodafone Idea,Mobile,0
+917360305338,Pari Rajput,Mumbai,Maharashtra,Jio,Mobile,0
+919549071166,Swapna Chauhan,Pune,Maharashtra,Vodafone Idea,Mobile,0
+919368532177,Lakshmi Dubey,Allahabad,Uttar Pradesh,Airtel,Mobile,0
+917435442746,Lokesh Ahuja,Amritsar,Punjab,BSNL,Mobile,0
+916085767439,Anjali Joshi,Gurugram,Haryana,Airtel,Mobile,0
+917862338860,Nitin Shinde,Aurangabad,Maharashtra,Airtel,Mobile,0
+917551728745,Vandana Mitra,Vijayawada,Andhra Pradesh,Vodafone Idea,Mobile,0
+917762034340,Tarun Bora,Varanasi,Uttar Pradesh,Jio,Mobile,0
+918163409816,Ajay Kulkarni,Noida,Uttar Pradesh,Jio,Mobile,0
+919113265511,Sunil Dar,Shimla,Himachal Pradesh,BSNL,Mobile,0
+918884445781,Karun Jadeja,Belgaum,Karnataka,BSNL,Mobile,0
+918157177278,Sunita Tripathi,Gwalior,Madhya Pradesh,Airtel,Mobile,0
+919133795673,Karthik Gogoi,Kochi,Kerala,Vodafone Idea,Mobile,0
+918412254000,Chetan Khanna,Hubli,Karnataka,BSNL,Mobile,0
+918353820834,Roshan Ghosh,Ahmedabad,Gujarat,Jio,Mobile,0
+917928745020,Nisha Patil,Visakhapatnam,Andhra Pradesh,Jio,Mobile,0
+917726671129,Namita Gupta,Hubli,Karnataka,Jio,Mobile,0
+917565674841,Nandini Tripathi,Guwahati,Assam,BSNL,Mobile,0
+916332653101,Rahul Jadhav,Tiruchirappalli,Tamil Nadu,Jio,Mobile,0
+917516513086,Karthik Agarwal,Noida,Uttar Pradesh,Jio,Mobile,0
+917823933394,Reema Goyal,Delhi,Delhi,Airtel,Mobile,0
+918844786600,Arjun Sethi,Allahabad,Uttar Pradesh,Vodafone Idea,Mobile,0
+918845529356,Rupesh Reddy,Kanpur,Uttar Pradesh,BSNL,Mobile,0
+916399530375,Shaurya Saxena,Nagpur,Maharashtra,Vodafone Idea,Mobile,0
+918027365581,Karun Sarkar,Agra,Uttar Pradesh,Jio,Mobile,0
+919134231990,Girish Shukla,Patna,Bihar,Jio,Mobile,0
+917435589722,Reema Desai,Hyderabad,Telangana,Vodafone Idea,Mobile,0
+916198339230,Varun Joshi,Srinagar,Jammu & Kashmir,Jio,Mobile,0
+918358457629,Asha Reddy,Ranchi,Jharkhand,BSNL,Mobile,0
+917562622063,Shaurya Hegde,Srinagar,Jammu & Kashmir,BSNL,Mobile,0
+917334131577,Aarush Malhotra,Faridabad,Haryana,Vodafone Idea,Mobile,0
+917139460724,Uma Pant,Coimbatore,Tamil Nadu,Jio,Mobile,0
+918944273773,Archana Bhatia,Raipur,Chhattisgarh,Vodafone Idea,Mobile,0
+918183386658,Advik Raina,Hubli,Karnataka,Vodafone Idea,Mobile,0
+919292460193,Rahul Arora,Noida,Uttar Pradesh,Jio,Mobile,0
+917343733028,Dinesh Gowda,Noida,Uttar Pradesh,Airtel,Mobile,0
+917652998800,Navpreet Nair,Agra,Uttar Pradesh,Airtel,Mobile,0
+916171580769,Raman Mehta,Ludhiana,Punjab,Vodafone Idea,Mobile,0
+919828082958,Swati Wani,Noida,Uttar Pradesh,Jio,Mobile,0
+918712200615,Padma Shinde,Rajkot,Gujarat,Jio,Mobile,0
+916287395404,Rashmi Pai,Nashik,Maharashtra,Vodafone Idea,Mobile,0
+918869381006,Nitin Garg,Lucknow,Uttar Pradesh,Jio,Mobile,0
+917256913448,Nitin Mandal,Agra,Uttar Pradesh,Vodafone Idea,Mobile,0
+919065322671,Sapna Parmar,Thane,Maharashtra,BSNL,Mobile,0
+918121701030,Girish Mir,Shimla,Himachal Pradesh,Vodafone Idea,Mobile,0
+917452410236,Mohan Parmar,Delhi,Delhi,BSNL,Mobile,0
+919240201845,Manoj Bisht,Pune,Maharashtra,BSNL,Mobile,0
+917466119856,Priya Thakur,Tiruchirappalli,Tamil Nadu,Jio,Mobile,0
+918834373971,Karthik Mandal,Madurai,Tamil Nadu,Airtel,Mobile,0
+919835078862,Umesh Chakraborty,Aurangabad,Maharashtra,Jio,Mobile,0
+917915116823,Uma Dhawan,Bhubaneswar,Odisha,Jio,Mobile,0
+919783008681,Lalita Chatterjee,Delhi,Delhi,BSNL,Mobile,0
+917922359988,Sunita Choudhary,Guwahati,Assam,Jio,Mobile,0
+916210166129,Nandini Chatterjee,Hubli,Karnataka,Airtel,Mobile,0
+917163843260,Deepak Kapoor,Srinagar,Jammu & Kashmir,Airtel,Mobile,0
+917563695648,Aarush Mir,Salem,Tamil Nadu,Vodafone Idea,Mobile,0
+917874333822,Anita Kulkarni,Jaipur,Rajasthan,Jio,Mobile,0
+917673253382,Shalini Chopra,Visakhapatnam,Andhra Pradesh,BSNL,Mobile,0
+918146044752,Meera Chakraborty,Guwahati,Assam,Jio,Mobile,0
+919675677827,Karthik Bhatia,Navi Mumbai,Maharashtra,Airtel,Mobile,0
+917760913352,Pradeep Gupta,Mumbai,Maharashtra,Jio,Mobile,0
+919439820412,Gurpreet Ghosh,Ranchi,Jharkhand,Airtel,Mobile,0
+917019964648,Bhavna Choudhary,Mysore,Karnataka,Vodafone Idea,Mobile,0
+918015502138,Sumit Das,Mumbai,Maharashtra,Airtel,Mobile,0
+919818166305,Jyoti Tandon,Mumbai,Maharashtra,Vodafone Idea,Mobile,0
+916346309543,Sumit Ghosh,Ghaziabad,Uttar Pradesh,BSNL,Mobile,0
+919664378808,Tushar Goyal,Vadodara,Gujarat,Vodafone Idea,Mobile,0
+917148026793,Swapna Gogoi,Ludhiana,Punjab,Vodafone Idea,Mobile,0
+917159802206,Advik Iyer,Srinagar,Jammu & Kashmir,Jio,Mobile,0
+918433129946,Sai Singh,Bangalore,Karnataka,Airtel,Mobile,0
+917098846545,Sapna Agarwal,Delhi,Delhi,Airtel,Mobile,0
+918955843045,Manish Arora,Kolkata,West Bengal,BSNL,Mobile,0
+917632049063,Nisha Shetty,Ludhiana,Punjab,BSNL,Mobile,0
+918232655646,Savita Khanna,Chandigarh,Punjab,BSNL,Mobile,0
+917889520741,Aarohi Raina,Dehradun,Uttarakhand,Vodafone Idea,Mobile,0
+916396101414,Sachin Bhatia,Chandigarh,Punjab,Vodafone Idea,Mobile,0
+916044167916,Sapna Negi,Bangalore,Karnataka,Jio,Mobile,0
+919814571414,Sunita Choudhary,Vijayawada,Andhra Pradesh,Jio,Mobile,0
+916269815739,Anvi Dey,Nashik,Maharashtra,Vodafone Idea,Mobile,0
+917183442206,Sarita Warrier,Jaipur,Rajasthan,Jio,Mobile,0
+919471174313,Smita Hegde,Srinagar,Jammu & Kashmir,Vodafone Idea,Mobile,0
+919461921973,Rahul Pillai,Raipur,Chhattisgarh,Airtel,Mobile,0
+918618690557,Vivaan Mehra,Navi Mumbai,Maharashtra,Jio,Mobile,0
+919920103124,Reema Chauhan,Amritsar,Punjab,Jio,Mobile,0
+919533567998,Aarush Chauhan,Ahmedabad,Gujarat,Vodafone Idea,Mobile,0
+919832266881,Anika Naidu,Surat,Gujarat,Vodafone Idea,Mobile,0
+917669832374,Vinita Dubey,Mangalore,Karnataka,Airtel,Mobile,0
+919573292955,Kabir Verma,Mumbai,Maharashtra,BSNL,Mobile,0
+917897685633,Aadhya Gogoi,Navi Mumbai,Maharashtra,Jio,Mobile,0
+917071183702,Reyansh Mehra,Delhi,Delhi,BSNL,Mobile,0
+919298808830,Anvi Chauhan,Vadodara,Gujarat,Jio,Mobile,0
+918069669398,Naman Pawar,Patna,Bihar,Jio,Mobile,0
+919059673357,Rajesh Patel,Amritsar,Punjab,Jio,Mobile,0
+919761141610,Yogesh Dar,Bhubaneswar,Odisha,Vodafone Idea,Mobile,0
+918691505532,Ashish Mehta,Chandigarh,Punjab,Vodafone Idea,Mobile,0
+918471491460,Anika Khanna,Agra,Uttar Pradesh,BSNL,Mobile,0
+919334580557,Bhavna Dutta,Hubli,Karnataka,Airtel,Mobile,0
+916311643949,Mukesh Dar,Faridabad,Haryana,Airtel,Mobile,0
+918612436540,Arjun Negi,Tiruchirappalli,Tamil Nadu,BSNL,Mobile,0
+918173151417,Ajay Dar,Amritsar,Punjab,Vodafone Idea,Mobile,0
+917676841307,Garima Jadhav,Faridabad,Haryana,Jio,Mobile,0
+916012097288,Aarush Shetty,Mangalore,Karnataka,Vodafone Idea,Mobile,0
+917085676763,Bhavna Khanna,Vadodara,Gujarat,Jio,Mobile,0
+919333531556,Asha More,Raipur,Chhattisgarh,Airtel,Mobile,0
+918091547698,Nisha Sen,Hyderabad,Telangana,Jio,Mobile,0
+919994962952,Pari Kaul,Jabalpur,Madhya Pradesh,Airtel,Mobile,0
+919772441933,Mukesh Patel,Bhubaneswar,Odisha,Jio,Mobile,0
+919344598252,Uma Mehra,Gwalior,Madhya Pradesh,BSNL,Mobile,0
+917660188349,Ishaan Kamath,Bhubaneswar,Odisha,Airtel,Mobile,0
+917999661131,Lalita Mathur,Kanpur,Uttar Pradesh,Jio,Mobile,0
+917869526613,Priya Dar,Ludhiana,Punjab,Jio,Mobile,0
+919628795502,Sohan Dutta,Pune,Maharashtra,Vodafone Idea,Mobile,0
+919797765293,Vandana Bajaj,Thiruvananthapuram,Kerala,Airtel,Mobile,0
+917717655402,Simran Sharma,Agra,Uttar Pradesh,BSNL,Mobile,0
+917759046852,Manish Negi,Vijayawada,Andhra Pradesh,Jio,Mobile,0
+917216125253,Gurpreet Kumar,Patna,Bihar,BSNL,Mobile,0
+917436131795,Manpreet Pandey,Ranchi,Jharkhand,Vodafone Idea,Mobile,0
+918071769123,Chetan Singh,Rajkot,Gujarat,Vodafone Idea,Mobile,0
+917925783729,Vandana Mehra,Mangalore,Karnataka,BSNL,Mobile,0
+918824268727,Poonam Nair,Chennai,Tamil Nadu,Airtel,Mobile,0
+918480893415,Aditya Modi,Rajkot,Gujarat,BSNL,Mobile,0
+917213369012,Krishna Shekhawat,Guwahati,Assam,Jio,Mobile,0
+917293372694,Poonam Suri,Pune,Maharashtra,BSNL,Mobile,0
+919522380811,Tushar Saxena,Patna,Bihar,BSNL,Mobile,0
+917895877204,Manpreet Singhal,Hyderabad,Telangana,Airtel,Mobile,0
+917981803791,Ishaan Shekhawat,Kochi,Kerala,Vodafone Idea,Mobile,0
+917517900812,Aadhya Garg,Visakhapatnam,Andhra Pradesh,Vodafone Idea,Mobile,0
+919985660114,Hitesh Shah,Salem,Tamil Nadu,Vodafone Idea,Mobile,0
+919555446051,Anika Rajput,Hyderabad,Telangana,Airtel,Mobile,0
+918530135104,Nitin Shukla,Ludhiana,Punjab,Jio,Mobile,0
+916038872189,Girish Bhat,Ahmedabad,Gujarat,Vodafone Idea,Mobile,0
+919396159124,Aanya Parmar,Thiruvananthapuram,Kerala,Airtel,Mobile,0
+919432442787,Ritu Chauhan,Mysore,Karnataka,Vodafone Idea,Mobile,0
+916333028235,Anjali Menon,Kochi,Kerala,BSNL,Mobile,0
+917385228120,Geeta Sethi,Bhubaneswar,Odisha,Jio,Mobile,0
