PhoneNumber,Name,Location,Carrier,Type,SpamScore
+917348119936,Rahul Sharma,Hyderabad,Vodafone Idea,Mobile,0
+916679924889,Pradeep Yadav 4,Vadodara,BSNL,Mobile,0
+916732729690,Nandini Agarwal,Coimbatore,Airtel,Mobile,0
+918376570209,Sunita Chauhan,Surat,Airtel,Mobile,0
+919755469275,Suresh Reddy,Kochi,Vodafone Idea,Mobile,0
+919646840352,Swati Iyer,Mysore,Vodafone Idea,Mobile,0
+917021052241,Geeta Saxena 87,Lucknow,Vodafone Idea,Mobile,0
+916023745249,Nandini Agarwal 40,Ahmedabad,BSNL,Mobile,0
+917687193924,Gaurav Thakur,Nagpur,Vodafone Idea,Mobile,0
+916329744773,Gaurav Thakur,Nagpur,Vodafone Idea,Mobile,0
+917911401745,Priya Sharma,Coimbatore,Jio,Mobile,0
+917891041333,Anjali Singh 12,Indore,BSNL,Mobile,0
+918791731975,Meera Joshi,Lucknow,Jio,Mobile,0
+919679940701,Rekha Mishra,Nagpur,Jio,Mobile,0
+918824286697,Rohit Mishra 38,Mysore,Vodafone Idea,Mobile,0
+918848039249,Karthik Iyer 76,Chennai,Airtel,Mobile,0
+916940617238,Lakshmi Thakur,Coimbatore,Vodafone Idea,Mobile,0
+918369641439,Anjali Singh,Mysore,Vodafone Idea,Mobile,0
+916237960772,Sneha Verma 25,Vizag,Vodafone Idea,Mobile,0
+916970147308,Sneha Verma 24,Vadodara,BSNL,Mobile,0
+918386447880,Suresh Reddy,Lucknow,Vodafone Idea,Mobile,0
+918621458484,Shalini Bhat,Surat,BSNL,Mobile,0
+919355160299,Gaurav Thakur 69,Hyderabad,Vodafone Idea,Mobile,0
+917979973785,Priya Sharma,Chennai,BSNL,Mobile,0
+918185417323,Radha Pandey 44,Hyderabad,BSNL,Mobile,0
+918296697594,Rahul Sharma,Coimbatore,Jio,Mobile,0
+916617572908,Kavita Gupta 32,Vizag,Airtel,Mobile,0
+916586184560,Priya Sharma,Vadodara,Jio,Mobile,0
+916140496449,Lakshmi Thakur,Delhi,Jio,Mobile,0
+919358633753,Vikram Singh,Pune,Airtel,Mobile,0
+918717579289,Gaurav Thakur,Ahmedabad,Jio,Mobile,0
+917421001787,Ramesh Agarwal,Nagpur,BSNL,Mobile,0
+918264916011,Suresh Reddy,Coimbatore,Vodafone Idea,Mobile,0
+916270230301,Geeta Saxena,Jaipur,Jio,Mobile,0
+917017964944,Swati Iyer,Ahmedabad,Jio,Mobile,0
+917734061522,Nitin Mehta,Lucknow,Jio,Mobile,0
+917876074152,Anjali Singh,Pune,BSNL,Mobile,0
+917869436228,Ramesh Agarwal 1,Jaipur,Vodafone Idea,Mobile,0
+918716411078,Swati Iyer,Mumbai,Vodafone Idea,Mobile,0
+918316738567,Karthik Iyer,Coimbatore,BSNL,Mobile,0
+917333837771,Anita Mehta,Kolkata,Jio,Mobile,0
+918419821053,Raj Patel,Delhi,Airtel,Mobile,0
+919315901554,Ajay Chauhan,Vadodara,Jio,Mobile,0
+917011991789,Divya Nair 41,Vadodara,BSNL,Mobile,0
+916898965070,Anita Mehta,Chennai,Vodafone Idea,Mobile,0
+918671362983,Amit Kumar 20,Jaipur,Jio,Mobile,0
+918280622046,Lakshmi Thakur,Pune,Airtel,Mobile,0
+916263785589,Pooja Reddy,Mysore,BSNL,Mobile,0
+916794555183,Geeta Saxena 2,Mysore,BSNL,Mobile,0
+919355555511,Anita Mehta,Ahmedabad,Vodafone Idea,Mobile,0
+916728569848,Sunil Menon 22,Chandigarh,Airtel,Mobile,0
+916982840605,Kavita Gupta,Mumbai,Vodafone Idea,Mobile,0
+918915114866,Sunita Chauhan,Kochi,BSNL,Mobile,0
+916690063996,Geeta Saxena 38,Hyderabad,Airtel,Mobile,0
+918762876582,Sneha Verma,Vizag,Jio,Mobile,0
+917487192460,Rohit Mishra 57,Indore,Vodafone Idea,Mobile,0
+919753417748,Naveen Saxena,Mysore,Vodafone Idea,Mobile,0
+918494873512,Ajay Chauhan,Kochi,Vodafone Idea,Mobile,0
+916586426792,Meera Joshi,Mumbai,Vodafone Idea,Mobile,0
+916630604625,Sunita Chauhan,Surat,Jio,Mobile,0
+918347721257,Nitin Mehta,Kochi,BSNL,Mobile,0
+917280528889,Padma Das 17,Mysore,Jio,Mobile,0
+917293830333,Rahul Sharma,Indore,Vodafone Idea,Mobile,0
+916533250643,Geeta Saxena,Jaipur,BSNL,Mobile,0
+918593582244,Neha Patel,Lucknow,Jio,Mobile,0
+916060369227,Rashmi Yadav,Ahmedabad,Airtel,Mobile,0
+918215739653,Ajay Chauhan,Lucknow,Jio,Mobile,0
+919670923081,Anjali Singh 45,Vizag,Airtel,Mobile,0
+918397482783,Manoj Gupta,Bangalore,Jio,Mobile,0
+917875497379,Gaurav Thakur,Bangalore,BSNL,Mobile,0
+919850769664,Nitin Mehta 10,Bangalore,Vodafone Idea,Mobile,0
+919158520300,Vinod Pandey,Kochi,BSNL,Mobile,0
+917447828765,Sunil Menon,Pune,BSNL,Mobile,0
+917897898279,Ajay Chauhan,Mumbai,Airtel,Mobile,0
+916848769761,Naveen Saxena,Jaipur,BSNL,Mobile,0
+918339328054,Nitin Mehta,Vadodara,Jio,Mobile,0
+918344487264,Sanjay Joshi,Lucknow,Airtel,Mobile,0
+916557066488,Harish Bhat,Chennai,Jio,Mobile,0
+919073601263,Harish Bhat,Mumbai,Vodafone Idea,Mobile,0
+918670488077,Harish Bhat,Nagpur,Vodafone Idea,Mobile,0
+916646635297,Uma Menon 21,Kochi,Jio,Mobile,0
+916185945425,Rahul Sharma 40,Delhi,BSNL,Mobile,0
+917688602853,Rekha Mishra,Coimbatore,Jio,Mobile,0
+916568375608,Geeta Saxena,Vadodara,Airtel,Mobile,0
+918840324497,Shalini Bhat,Mysore,Vodafone Idea,Mobile,0
+916611603256,Rahul Sharma,Vizag,Airtel,Mobile,0
+917638906095,Neha Patel,Ahmedabad,BSNL,Mobile,0
+917665148746,Lakshmi Thakur,Mumbai,BSNL,Mobile,0
+916556788240,Meera Joshi,Nagpur,BSNL,Mobile,0
+918935289259,Vikram Singh,Indore,BSNL,Mobile,0
+917759895927,Lakshmi Thakur 93,Delhi,Jio,Mobile,0
+918284820673,Ramesh Agarwal,Bhopal,Jio,Mobile,0
+916312424337,Lakshmi Thakur,Chennai,BSNL,Mobile,0
+918171835754,Sanjay Joshi,Chandigarh,Vodafone Idea,Mobile,0
+917366410900,Geeta Saxena 20,Jaipur,Vodafone Idea,Mobile,0
+918048159670,Nandini Agarwal,Ahmedabad,Jio,Mobile,0
+919813893322,Meera Joshi 17,Indore,BSNL,Mobile,0
+917345288461,Radha Pandey,Lucknow,Airtel,Mobile,0
+916665451572,Naveen Saxena,Mumbai,BSNL,Mobile,0
+918857855727,Ajay Chauhan,Nagpur,Vodafone Idea,Mobile,0
+918815639312,Naveen Saxena 55,Surat,BSNL,Mobile,0
+919693594550,Harish Bhat 91,Chennai,Airtel,Mobile,0
+918070052754,Anita Mehta,Chennai,BSNL,Mobile,0
+917473760898,Rahul Sharma 45,Bhopal,Airtel,Mobile,0
+918228057277,Sunil Menon,Chandigarh,Vodafone Idea,Mobile,0
+918397233870,Rashmi Yadav,Mumbai,Airtel,Mobile,0
+916978228623,Geeta Saxena,Hyderabad,Airtel,Mobile,0
+919799618836,Rekha Mishra,Vadodara,Jio,Mobile,0
+918240064099,Pradeep Yadav,Indore,BSNL,Mobile,0
+916519538865,Kavita Gupta,Indore,Jio,Mobile,0
+918645441211,Ajay Chauhan,Vadodara,Airtel,Mobile,0
+919415344397,Anjali Singh,Chandigarh,Jio,Mobile,0
+917448997910,Ajay Chauhan 2,Coimbatore,Vodafone Idea,Mobile,0
+916088230414,Neha Patel,Chennai,BSNL,Mobile,0
+919014151574,Padma Das,Surat,BSNL,Mobile,0
+916670246977,Rashmi Yadav,Chandigarh,BSNL,Mobile,0
+916189231061,Anita Mehta,Chandigarh,Vodafone Idea,Mobile,0
+916827838812,Amit Kumar,Bhopal,Airtel,Mobile,0
+919714924166,Naveen Saxena,Vadodara,Jio,Mobile,0
+916656489612,Geeta Saxena,Pune,Vodafone Idea,Mobile,0
+917786367553,Pooja Reddy,Mysore,Jio,Mobile,0
+918260913870,Deepak Verma,Mumbai,Jio,Mobile,0
+919771930004,Lakshmi Thakur,Jaipur,BSNL,Mobile,0
+916142916155,Rashmi Yadav,Pune,Airtel,Mobile,0
+917542657497,Sneha Verma 7,Ahmedabad,BSNL,Mobile,0
+916978294383,Naveen Saxena 12,Chandigarh,Vodafone Idea,Mobile,0
+919683194833,Sunil Menon,Jaipur,Jio,Mobile,0
+916955225577,Nandini Agarwal,Bangalore,BSNL,Mobile,0
+918785338381,Lakshmi Thakur,Nagpur,Jio,Mobile,0
+919711149935,Rashmi Yadav,Kochi,Vodafone Idea,Mobile,0
+919827354385,Rashmi Yadav,Surat,BSNL,Mobile,0
+919371700241,Rahul Sharma 3,Coimbatore,Vodafone Idea,Mobile,0
+917222128290,Arun Nair 9,Pune,Vodafone Idea,Mobile,0
+917115835943,Divya Nair,Surat,Airtel,Mobile,0
+918082423863,Rashmi Yadav,Lucknow,Vodafone Idea,Mobile,0
+919897314297,Swati Iyer,Ahmedabad,BSNL,Mobile,0
+917168028447,Padma Das,Kolkata,Jio,Mobile,0
+918094106084,Pooja Reddy,Kochi,Airtel,Mobile,0
+916737268625,Kavita Gupta,Surat,Vodafone Idea,Mobile,0
+918158206650,Karthik Iyer,Delhi,Jio,Mobile,0
+917862649380,Nandini Agarwal,Chennai,Airtel,Mobile,0
+916513019906,Anjali Singh 27,Vadodara,Jio,Mobile,0
+917214174473,Radha Pandey 74,Kolkata,Jio,Mobile,0
+918861799076,Meera Joshi,Ahmedabad,Airtel,Mobile,0
+919491363956,Meera Joshi,Jaipur,Vodafone Idea,Mobile,0
+919489126218,Swati Iyer,Ahmedabad,Airtel,Mobile,0
+917618326180,Swati Iyer,Indore,Vodafone Idea,Mobile,0
+919115608778,Padma Das 2,Chandigarh,Jio,Mobile,0
+917593831148,Deepak Verma,Delhi,Airtel,Mobile,0
+918632509552,Rahul Sharma,Chennai,Airtel,Mobile,0
+916355693304,Geeta Saxena,Kochi,Jio,Mobile,0
+917384828411,Rekha Mishra,Indore,BSNL,Mobile,0
+917480701006,Manoj Gupta,Indore,BSNL,Mobile,0
+918264759397,Padma Das,Surat,Vodafone Idea,Mobile,0
+919648401112,Harish Bhat 30,Vizag,Airtel,Mobile,0
+917590094171,Deepak Verma 80,Bangalore,Jio,Mobile,0
+917382334457,Neha Patel,Bangalore,Vodafone Idea,Mobile,0
+917998280710,Amit Kumar 87,Kolkata,Airtel,Mobile,0
+916241569927,Rashmi Yadav 17,Indore,BSNL,Mobile,0
+917511841025,Rashmi Yadav,Bhopal,Vodafone Idea,Mobile,0
+918944392078,Raj Patel,Kochi,Airtel,Mobile,0
+918690825559,Divya Nair,Chandigarh,BSNL,Mobile,0
+916557839183,Vikram Singh,Lucknow,BSNL,Mobile,0
+917967936489,Vinod Pandey,Chandigarh,BSNL,Mobile,0
+916080259838,Karthik Iyer,Bhopal,Jio,Mobile,0
+916830109683,Rekha Mishra,Indore,Airtel,Mobile,0
+917753517165,Pooja Reddy,Pune,Jio,Mobile,0
+918839974798,Rohit Mishra 78,Chandigarh,Airtel,Mobile,0
+916370552213,Rahul Sharma,Lucknow,BSNL,Mobile,0
+916990218087,Rahul Sharma,Bangalore,BSNL,Mobile,0
+919320657244,Neha Patel 33,Mumbai,Vodafone Idea,Mobile,0
+916729166586,Deepak Verma,Mumbai,Vodafone Idea,Mobile,0
+919336998719,Swati Iyer,Jaipur,BSNL,Mobile,0
+917730876399,Pooja Reddy,Pune,BSNL,Mobile,0
+918233320826,Harish Bhat,Pune,BSNL,Mobile,0
+916711288572,Gaurav Thakur,Nagpur,BSNL,Mobile,0
+916376270192,Nandini Agarwal,Mumbai,BSNL,Mobile,0
+916262367629,Rekha Mishra 50,Pune,BSNL,Mobile,0
+919450571839,Ajay Chauhan,Kochi,Airtel,Mobile,0
+917726834011,Karthik Iyer,Vizag,Vodafone Idea,Mobile,0
+917955502772,Karthik Iyer,Kochi,Vodafone Idea,Mobile,0
+917143672379,Suresh Reddy 70,Vadodara,Vodafone Idea,Mobile,0
+918788834346,Priya Sharma,Vadodara,Jio,Mobile,0
+918696100181,Meera Joshi,Coimbatore,Vodafone Idea,Mobile,0
+917629558682,Shalini Bhat,Ahmedabad,Vodafone Idea,Mobile,0
+916282097232,Arun Nair,Mysore,BSNL,Mobile,0
+919863491557,Padma Das 75,Pune,Vodafone Idea,Mobile,0
+918420070413,Vikram Singh,Surat,Airtel,Mobile,0
+919333982568,Vinod Pandey,Coimbatore,BSNL,Mobile,0
+917954577009,Harish Bhat,Hyderabad,BSNL,Mobile,0
+918872860981,Vinod Pandey 20,Vizag,Vodafone Idea,Mobile,0
+919427514396,Sneha Verma,Mysore,Vodafone Idea,Mobile,0
+917166467511,Meera Joshi,Lucknow,Vodafone Idea,Mobile,0
+919414447761,Pooja Reddy 96,Vadodara,Jio,Mobile,0
+917414072552,Divya Nair,Ahmedabad,Airtel,Mobile,0
+919826950076,Shalini Bhat,Vadodara,Vodafone Idea,Mobile,0
+917951323734,Suresh Reddy 69,Chennai,Vodafone Idea,Mobile,0
+916673277883,Manoj Gupta 99,Ahmedabad,BSNL,Mobile,0
+919534939756,Lakshmi Thakur 27,Ahmedabad,Jio,Mobile,0
+918658675183,Rahul Sharma 86,Surat,Vodafone Idea,Mobile,0
+919161589126,Vikram Singh 40,Ahmedabad,Airtel,Mobile,0
+916124862123,Sneha Verma 87,Surat,BSNL,Mobile,0
+917090083954,Naveen Saxena,Nagpur,Vodafone Idea,Mobile,0
+916977335482,Rahul Sharma,Nagpur,Airtel,Mobile,0
+917424778456,Nandini Agarwal 79,Jaipur,Airtel,Mobile,0
+918223301490,Karthik Iyer,Hyderabad,Airtel,Mobile,0
+918935264833,Ramesh Agarwal,Nagpur,BSNL,Mobile,0
+917975322269,Suresh Reddy,Ahmedabad,Airtel,Mobile,0
+916178284428,Karthik Iyer 82,Coimbatore,BSNL,Mobile,0
+919477410948,Suresh Reddy,Nagpur,BSNL,Mobile,0
+917789365826,Uma Menon 97,Jaipur,BSNL,Mobile,0
+919848493398,Radha Pandey,Mysore,BSNL,Mobile,0
+917636236521,Rashmi Yadav,Bhopal,Jio,Mobile,0
+917019150926,Priya Sharma 93,Delhi,BSNL,Mobile,0
+917329022806,Geeta Saxena 99,Nagpur,Vodafone Idea,Mobile,0
+918863084300,Uma Menon 84,Pune,BSNL,Mobile,0
+918497266816,Sanjay Joshi,Kochi,Vodafone Idea,Mobile,0
+916113206948,Naveen Saxena,Nagpur,Jio,Mobile,0
+919645585576,Ajay Chauhan,Hyderabad,Vodafone Idea,Mobile,0
+919618698306,Anjali Singh,Bhopal,Jio,Mobile,0
+918412722952,Manoj Gupta,Pune,Vodafone Idea,Mobile,0
+918435401769,Vinod Pandey,Kolkata,Jio,Mobile,0
+916217398428,Pooja Reddy,Indore,Vodafone Idea,Mobile,0
+916085935000,Uma Menon,Nagpur,Jio,Mobile,0
+918372525789,Kavita Gupta,Kochi,Vodafone Idea,Mobile,0
+918666198656,Geeta Saxena,Chandigarh,Airtel,Mobile,0
+919887755267,Vikram Singh 46,Mumbai,Vodafone Idea,Mobile,0
+919769052042,Arun Nair 29,Ahmedabad,Airtel,Mobile,0
+917171030631,Harish Bhat,Mumbai,BSNL,Mobile,0
+917289027148,Deepak Verma 20,Mysore,BSNL,Mobile,0
+917795430711,Kavita Gupta,Indore,Vodafone Idea,Mobile,0
+917557735823,Divya Nair,Surat,Airtel,Mobile,0
+918972116190,Pradeep Yadav,Surat,BSNL,Mobile,0
+916618915148,Priya Sharma,Mysore,Jio,Mobile,0
+918279188516,Rahul Sharma,Kochi,BSNL,Mobile,0
+918675589140,Shalini Bhat 98,Jaipur,Vodafone Idea,Mobile,0
+919420741393,Swati Iyer,Pune,Airtel,Mobile,0
+916128898866,Swati Iyer,Ahmedabad,Vodafone Idea,Mobile,0
+919828257296,Padma Das 74,Indore,Vodafone Idea,Mobile,0
+916058284266,Pooja Reddy,Jaipur,BSNL,Mobile,0
+919655267948,Naveen Saxena 69,Jaipur,Airtel,Mobile,0
+917181400500,Karthik Iyer,Pune,Airtel,Mobile,0
+918851700082,Vinod Pandey,Lucknow,Vodafone Idea,Mobile,0
+916824624112,Rashmi Yadav 36,Chennai,Airtel,Mobile,0
+917713187834,Rekha Mishra,Surat,Airtel,Mobile,0
+918944847603,Geeta Saxena,Ahmedabad,Airtel,Mobile,0
+917990380267,Neha Patel,Mysore,BSNL,Mobile,0
+918395744313,Deepak Verma 46,Indore,BSNL,Mobile,0
+918489458215,Rashmi Yadav 96,Lucknow,BSNL,Mobile,0
+917579600422,Geeta Saxena,Delhi,Vodafone Idea,Mobile,0
+919512032652,Uma Menon,Ahmedabad,Vodafone Idea,Mobile,0
+917857414721,Rahul Sharma,Vadodara,BSNL,Mobile,0
+917720976209,Arun Nair,Ahmedabad,BSNL,Mobile,0
+916354442971,Radha Pandey,Mysore,Vodafone Idea,Mobile,0
+919840278893,Vikram Singh,Kochi,Vodafone Idea,Mobile,0
+917165659455,Radha Pandey,Indore,Vodafone Idea,Mobile,0
+917614669597,Raj Patel,Mysore,Airtel,Mobile,0
+917376275723,Nandini Agarwal,Mumbai,Vodafone Idea,Mobile,0
+916160010701,Manoj Gupta,Surat,Airtel,Mobile,0
+918822271158,Padma Das,Bangalore,Jio,Mobile,0
+916084113676,Karthik Iyer 9,Chandigarh,BSNL,Mobile,0
+919157932819,Karthik Iyer,Kochi,Airtel,Mobile,0
+916942626281,Amit Kumar,Chennai,Airtel,Mobile,0
+916635537442,Naveen Saxena 16,Vizag,Jio,Mobile,0
+917584124546,Rahul Sharma,Pune,BSNL,Mobile,0
+919489662571,Suresh Reddy,Surat,Jio,Mobile,0
+919848196201,Sneha Verma 83,Hyderabad,Vodafone Idea,Mobile,0
+918432203028,Geeta Saxena,Bangalore,Jio,Mobile,0
+917430518445,Vinod Pandey 63,Vadodara,Jio,Mobile,0
+918164648430,Padma Das,Jaipur,BSNL,Mobile,0
+917644067207,Kavita Gupta 64,Nagpur,BSNL,Mobile,0
+918674645168,Vikram Singh 17,Vadodara,Jio,Mobile,0
+919459266689,Anita Mehta,Mumbai,Airtel,Mobile,0
+918052318112,Karthik Iyer,Surat,Airtel,Mobile,0
+916260523281,Manoj Gupta 18,Kochi,Vodafone Idea,Mobile,0
+918729532224,Ramesh Agarwal,Hyderabad,BSNL,Mobile,0
+918043884243,Sunita Chauhan 50,Surat,BSNL,Mobile,0
+916527965213,Sanjay Joshi 70,Chennai,Jio,Mobile,0
+918815784563,Anjali Singh,Bhopal,Vodafone Idea,Mobile,0
+919541972783,Amit Kumar,Mumbai,Vodafone Idea,Mobile,0
+918160696691,Ajay Chauhan,Ahmedabad,Airtel,Mobile,0
+918640116728,Pooja Reddy 65,Nagpur,BSNL,Mobile,0
+919134739832,Sanjay Joshi,Coimbatore,BSNL,Mobile,0
+916077420099,Manoj Gupta 93,Surat,Vodafone Idea,Mobile,0
+918456806756,Padma Das,Mumbai,Vodafone Idea,Mobile,0
+919558205958,Pradeep Yadav 33,Jaipur,BSNL,Mobile,0
+919033308673,Pradeep Yadav,Bangalore,BSNL,Mobile,0
+916162648645,Amit Kumar,Mumbai,BSNL,Mobile,0
+917547251159,Radha Pandey,Bangalore,Vodafone Idea,Mobile,0
+918444327146,Raj Patel,Coimbatore,Airtel,Mobile,0
+916828544460,Uma Menon,Vadodara,Airtel,Mobile,0
+919791336496,Arun Nair,Chennai,Vodafone Idea,Mobile,0
+917843697421,Swati Iyer,Kolkata,Vodafone Idea,Mobile,0
+919888111101,Radha Pandey,Kolkata,Jio,Mobile,0
+917997276907,Rekha Mishra,Bangalore,Jio,Mobile,0
+917272944052,Padma Das,Delhi,BSNL,Mobile,0
+918399244255,Divya Nair,Hyderabad,Vodafone Idea,Mobile,0
+917852265823,Suresh Reddy,Indore,Vodafone Idea,Mobile,0
+917456258028,Pradeep Yadav,Lucknow,Airtel,Mobile,0
+918623606725,Arun Nair,Indore,Airtel,Mobile,0
+918570451498,Sunil Menon,Hyderabad,Jio,Mobile,0
+916957248096,Rekha Mishra,Mumbai,Airtel,Mobile,0
+918021299632,Sunita Chauhan,Bangalore,BSNL,Mobile,0
+918277267272,Neha Patel,Hyderabad,Airtel,Mobile,0
+916115619891,Padma Das,Hyderabad,Vodafone Idea,Mobile,0
+918144384886,Deepak Verma 29,Kolkata,Airtel,Mobile,0
+918747641284,Rekha Mishra,Hyderabad,BSNL,Mobile,0
+919789581297,Radha Pandey,Pune,BSNL,Mobile,0
+917896796556,Divya Nair 24,Kolkata,Jio,Mobile,0
+917950543109,Anjali Singh,Surat,BSNL,Mobile,0
+918036954168,Anjali Singh,Mumbai,BSNL,Mobile,0
+918992736588,Nitin Mehta,Bhopal,Jio,Mobile,0
+918776003144,Uma Menon 26,Vizag,Airtel,Mobile,0
+919894818509,Meera Joshi 7,Vizag,Jio,Mobile,0
+919796221015,Amit Kumar 59,Bhopal,Jio,Mobile,0
+916186812067,Pooja Reddy,Mysore,Jio,Mobile,0
+917160431330,Raj Patel,Lucknow,Jio,Mobile,0
+918278051385,Ramesh Agarwal 36,Lucknow,BSNL,Mobile,0
+916247502090,Rekha Mishra,Indore,BSNL,Mobile,0
+916793708084,Rohit Mishra 45,Bangalore,Jio,Mobile,0
+919688872367,Amit Kumar 46,Chandigarh,Vodafone Idea,Mobile,0
+918081080870,Nandini Agarwal 72,Chandigarh,Jio,Mobile,0
+916675027744,Nitin Mehta,Indore,Jio,Mobile,0
+917450082951,Suresh Reddy,Bhopal,Jio,Mobile,0
+916763544317,Rohit Mishra,Indore,Jio,Mobile,0
+917657529194,Nandini Agarwal,Lucknow,Vodafone Idea,Mobile,0
+916375900594,Ramesh Agarwal 66,Nagpur,Vodafone Idea,Mobile,0
+918363531186,Karthik Iyer 19,Delhi,BSNL,Mobile,0
+919395191216,Rohit Mishra 35,Kochi,Airtel,Mobile,0
+919766943485,Geeta Saxena,Delhi,Airtel,Mobile,0
+917235280183,Rekha Mishra,Ahmedabad,Jio,Mobile,0
+919810598337,Sneha Verma,Vizag,Airtel,Mobile,0
+919166471968,Neha Patel,Surat,Jio,Mobile,0
+918226058562,Harish Bhat,Mumbai,Jio,Mobile,0
+918295747426,Rohit Mishra 69,Mysore,Airtel,Mobile,0
+918949575850,Lakshmi Thakur 72,Bangalore,BSNL,Mobile,0
+916036707882,Radha Pandey,Bangalore,Airtel,Mobile,0
+919642186197,Meera Joshi,Vizag,BSNL,Mobile,0
+917425616282,Radha Pandey,Chennai,Jio,Mobile,0
+919593664693,Pradeep Yadav,Chandigarh,Vodafone Idea,Mobile,0
+917387935587,Rahul Sharma 69,Delhi,BSNL,Mobile,0
+919557471841,Anita Mehta 85,Pune,Vodafone Idea,Mobile,0
+919181944558,Anita Mehta,Chennai,BSNL,Mobile,0
+916248062307,Harish Bhat,Chennai,Vodafone Idea,Mobile,0
+918493531063,Naveen Saxena,Jaipur,Vodafone Idea,Mobile,0
+919199530375,Shalini Bhat,Kochi,Vodafone Idea,Mobile,0
+919625899141,Sunita Chauhan,Chennai,Jio,Mobile,0
+919452310334,Anjali Singh 68,Kochi,BSNL,Mobile,0
+919317074606,Ajay Chauhan,Indore,Airtel,Mobile,0
+916022312316,Raj Patel,Jaipur,Airtel,Mobile,0
+919761628926,Uma Menon 77,Hyderabad,Vodafone Idea,Mobile,0
+916031637902,Divya Nair,Mysore,BSNL,Mobile,0
+916257946977,Naveen Saxena 85,Mysore,Vodafone Idea,Mobile,0
+916641129186,Nitin Mehta,Hyderabad,Vodafone Idea,Mobile,0
+916138759645,Uma Menon 61,Vadodara,BSNL,Mobile,0
+918262918949,Rashmi Yadav,Kochi,BSNL,Mobile,0
+918019041651,Geeta Saxena,Hyderabad,Vodafone Idea,Mobile,0
+916774864635,Deepak Verma 92,Coimbatore,Vodafone Idea,Mobile,0
+918699892588,Rekha Mishra,Kolkata,BSNL,Mobile,0
+919070632121,Suresh Reddy,Bangalore,Jio,Mobile,0
+916351441465,Pradeep Yadav,Bhopal,Vodafone Idea,Mobile,0
+918462287180,Ajay Chauhan 20,Indore,Vodafone Idea,Mobile,0
+918529342679,Lakshmi Thakur 2,Chennai,Vodafone Idea,Mobile,0
+917362297882,Rekha Mishra 6,Bhopal,BSNL,Mobile,0
+918929198711,Gaurav Thakur 2,Kochi,Jio,Mobile,0
+919652263434,Priya Sharma,Kolkata,BSNL,Mobile,0
+919485145854,Vinod Pandey,Kolkata,Airtel,Mobile,0
+918197908988,Sneha Verma,Kochi,Airtel,Mobile,0
+917268031498,Rahul Sharma,Vizag,Vodafone Idea,Mobile,0
+918829091049,Harish Bhat,Kolkata,Airtel,Mobile,0
+918729499803,Pradeep Yadav 63,Pune,Vodafone Idea,Mobile,0
+916867782034,Nitin Mehta,Ahmedabad,BSNL,Mobile,0
+916063607264,Vikram Singh,Hyderabad,Airtel,Mobile,0
+918275498160,Sunita Chauhan,Mumbai,Airtel,Mobile,0
+916839129085,Rashmi Yadav,Bhopal,Vodafone Idea,Mobile,0
+917341761864,Rahul Sharma,Vizag,Airtel,Mobile,0
+919360949789,Harish Bhat,Delhi,BSNL,Mobile,0
+918594690006,Pooja Reddy,Pune,Jio,Mobile,0
+919789367003,Padma Das 48,Vadodara,Airtel,Mobile,0
+917758976163,Swati Iyer,Jaipur,BSNL,Mobile,0
+919386109247,Rekha Mishra 56,Indore,Vodafone Idea,Mobile,0
+917567894865,Sunita Chauhan 49,Nagpur,Jio,Mobile,0
+917152635927,Geeta Saxena,Lucknow,Vodafone Idea,Mobile,0
+918268920047,Rohit Mishra,Lucknow,Vodafone Idea,Mobile,0
+916596291583,Kavita Gupta 66,Mysore,Airtel,Mobile,0
+918768993875,Pradeep Yadav,Jaipur,Vodafone Idea,Mobile,0
+918897751608,Sneha Verma,Hyderabad,Jio,Mobile,0
+918245358336,Raj Patel,Mysore,BSNL,Mobile,0
+916856084233,Deepak Verma 91,Bhopal,Vodafone Idea,Mobile,0
+917818941064,Harish Bhat,Chandigarh,BSNL,Mobile,0
+918833706421,Nitin Mehta,Kolkata,Airtel,Mobile,0
+919824206268,Lakshmi Thakur 21,Vadodara,BSNL,Mobile,0
+917910948299,Deepak Verma,Lucknow,Vodafone Idea,Mobile,0
+917684273821,Uma Menon,Coimbatore,Airtel,Mobile,0
+917627304381,Rahul Sharma 58,Surat,Vodafone Idea,Mobile,0
+917722762491,Pooja Reddy 87,Chandigarh,BSNL,Mobile,0
+916883432141,Vikram Singh 1,Chennai,BSNL,Mobile,0
+918128333361,Kavita Gupta,Delhi,BSNL,Mobile,0
+918264820542,Priya Sharma,Ahmedabad,Airtel,Mobile,0
+918320748772,Uma Menon 8,Bhopal,Airtel,Mobile,0
+918740030086,Suresh Reddy,Delhi,Airtel,Mobile,0
+918982810806,Arun Nair 12,Lucknow,Jio,Mobile,0
+916352181523,Vikram Singh 21,Bangalore,Jio,Mobile,0
+918010798690,Rohit Mishra,Jaipur,Vodafone Idea,Mobile,0
+918113589659,Divya Nair 93,Nagpur,Vodafone Idea,Mobile,0
+917484304019,Meera Joshi 32,Jaipur,BSNL,Mobile,0
+916288114811,Nitin Mehta,Coimbatore,Airtel,Mobile,0
+917285021192,Divya Nair 71,Mysore,Jio,Mobile,0
+916238561296,Ajay Chauhan 21,Delhi,Airtel,Mobile,0
+917910000524,Sanjay Joshi,Vizag,Airtel,Mobile,0
+917766357984,Nandini Agarwal 99,Bangalore,Jio,Mobile,0
+918417712138,Suresh Reddy 31,Surat,BSNL,Mobile,0
+918937507733,Sunita Chauhan,Jaipur,Vodafone Idea,Mobile,0
+916869536033,Anjali Singh 43,Ahmedabad,Jio,Mobile,0
+919826515727,Anjali Singh,Hyderabad,Vodafone Idea,Mobile,0
+917911746720,Divya Nair,Mumbai,Jio,Mobile,0
+918683917810,Sneha Verma,Hyderabad,Jio,Mobile,0
+917963454401,Vinod Pandey 18,Bhopal,Airtel,Mobile,0
+917562928303,Sneha Verma,Coimbatore,Airtel,Mobile,0
+918544519429,Vikram Singh,Jaipur,Vodafone Idea,Mobile,0
+917197733373,Anjali Singh,Ahmedabad,Vodafone Idea,Mobile,0
+919859500679,Kavita Gupta,Surat,BSNL,Mobile,0
+919643067819,Manoj Gupta,Lucknow,Jio,Mobile,0
+919699906223,Divya Nair 61,Mysore,BSNL,Mobile,0
+916276477743,Manoj Gupta,Jaipur,Airtel,Mobile,0
+918341379873,Neha Patel,Hyderabad,Airtel,Mobile,0
+917242617644,Geeta Saxena,Bangalore,Vodafone Idea,Mobile,0
+917667589516,Rohit Mishra,Kolkata,BSNL,Mobile,0
+919634821648,Pradeep Yadav 36,Indore,Jio,Mobile,0
+918697021263,Naveen Saxena,Coimbatore,Vodafone Idea,Mobile,0
+919558904330,Rahul Sharma,Mumbai,Airtel,Mobile,0
+919085193324,Uma Menon 59,Kochi,BSNL,Mobile,0
+917118103768,Shalini Bhat,Surat,Jio,Mobile,0
+918654055896,Amit Kumar,Vizag,Jio,Mobile,0
+917256937038,Radha Pandey,Bhopal,Airtel,Mobile,0
+917289013895,Pradeep Yadav,Lucknow,Airtel,Mobile,0
+919852768579,Deepak Verma,Pune,Jio,Mobile,0
+918843383096,Anita Mehta 31,Jaipur,Jio,Mobile,0
+917531687614,Nandini Agarwal,Lucknow,Airtel,Mobile,0
+917410305881,Raj Patel,Nagpur,Airtel,Mobile,0
+919338104379,Sanjay Joshi,Bhopal,Airtel,Mobile,0
+916327589310,Harish Bhat,Vizag,Jio,Mobile,0
+917476711957,Vikram Singh 13,Kolkata,BSNL,Mobile,0
+916888051494,Raj Patel,Chandigarh,Airtel,Mobile,0
+916141118530,Radha Pandey,Lucknow,Jio,Mobile,0
+919687053733,Vikram Singh,Bangalore,BSNL,Mobile,0
+916040982544,Naveen Saxena,Indore,Jio,Mobile,0
+916515431158,Anita Mehta 32,Vizag,BSNL,Mobile,0
+917245147257,Vinod Pandey,Chennai,Airtel,Mobile,0
+917690688528,Amit Kumar,Kolkata,Airtel,Mobile,0
+919833815638,Suresh Reddy,Hyderabad,Vodafone Idea,Mobile,0
+916769340966,Naveen Saxena,Surat,BSNL,Mobile,0
+918850136424,Divya Nair,Vizag,Airtel,Mobile,0
+918240682332,Kavita Gupta,Bangalore,Airtel,Mobile,0
+918940357287,Gaurav Thakur,Mumbai,Vodafone Idea,Mobile,0
+917880546496,Rashmi Yadav 26,Kolkata,Jio,Mobile,0
+919042832919,Lakshmi Thakur,Mumbai,BSNL,Mobile,0
+917740208133,Ramesh Agarwal,Mumbai,Jio,Mobile,0
+919690251269,Uma Menon,Delhi,Vodafone Idea,Mobile,0
+918613854619,Amit Kumar,Lucknow,Jio,Mobile,0
+916271614714,Nandini Agarwal 78,Vizag,BSNL,Mobile,0
+919678635871,Priya Sharma 54,Chandigarh,Airtel,Mobile,0
+918811222683,Padma Das,Delhi,Airtel,Mobile,0
+917779035744,Geeta Saxena,Lucknow,Jio,Mobile,0
+918711221581,Geeta Saxena,Jaipur,Jio,Mobile,0
+919792615042,Rohit Mishra 30,Lucknow,Airtel,Mobile,0
+917894645085,Divya Nair 89,Pune,Airtel,Mobile,0
+919654791429,Rekha Mishra 91,Kochi,BSNL,Mobile,0
+916795210122,Divya Nair 75,Lucknow,Vodafone Idea,Mobile,0
+916375680056,Sunita Chauhan 95,Nagpur,Vodafone Idea,Mobile,0
+918493233425,Nitin Mehta 69,Chennai,Vodafone Idea,Mobile,0
+918943726738,Nandini Agarwal,Kolkata,Airtel,Mobile,0
+917727402247,Deepak Verma 19,Coimbatore,Jio,Mobile,0
+919151580338,Manoj Gupta 65,Surat,BSNL,Mobile,0
+917632837094,Manoj Gupta,Kolkata,Airtel,Mobile,0
+917737188884,Pooja Reddy,Coimbatore,Jio,Mobile,0
+917898030836,Sunita Chauhan,Mysore,Jio,Mobile,0
+916618809822,Rahul Sharma,Mumbai,BSNL,Mobile,0
+918688222699,Padma Das 87,Coimbatore,Airtel,Mobile,0
+916145051614,Uma Menon,Surat,Vodafone Idea,Mobile,0
+919899661091,Lakshmi Thakur,Hyderabad,Vodafone Idea,Mobile,0
+918964718445,Amit Kumar 22,Delhi,Vodafone Idea,Mobile,0
+918552475830,Ajay Chauhan,Kochi,BSNL,Mobile,0
+916225583492,Uma Menon 46,Coimbatore,BSNL,Mobile,0
+917510366614,Arun Nair,Kolkata,Airtel,Mobile,0
+917146471220,Suresh Reddy,Chennai,Vodafone Idea,Mobile,0
+916552339649,Rashmi Yadav,Indore,BSNL,Mobile,0
+917813171245,Radha Pandey 1,Chandigarh,BSNL,Mobile,0
+917754613759,Gaurav Thakur,Delhi,Airtel,Mobile,0
+916044321331,Geeta Saxena,Chandigarh,Airtel,Mobile,0
+918740585165,Gaurav Thakur,Bhopal,Jio,Mobile,0
+916297217349,Sunil Menon,Vadodara,Vodafone Idea,Mobile,0
+918696953738,Ajay Chauhan,Surat,BSNL,Mobile,0
+918857343861,Neha Patel,Jaipur,Vodafone Idea,Mobile,0
+919360649406,Nandini Agarwal,Kolkata,Vodafone Idea,Mobile,0
+916622199414,Shalini Bhat,Ahmedabad,BSNL,Mobile,0
+918483446660,Kavita Gupta,Lucknow,BSNL,Mobile,0
+916899329879,Rekha Mishra,Kochi,BSNL,Mobile,0
+919778758048,Anita Mehta,Pune,BSNL,Mobile,0
+917815713464,Suresh Reddy,Mysore,Airtel,Mobile,0
+918031520633,Kavita Gupta 28,Kochi,Jio,Mobile,0
+919889332561,Nandini Agarwal,Mysore,Vodafone Idea,Mobile,0
+917781061079,Padma Das,Chandigarh,Jio,Mobile,0
+918823934706,Suresh Reddy,Lucknow,Airtel,Mobile,0
+918860631501,Harish Bhat,Coimbatore,Airtel,Mobile,0
+919848034464,Nandini Agarwal,Pune,BSNL,Mobile,0
+919711243291,Ajay Chauhan,Hyderabad,Jio,Mobile,0
+916523560845,Naveen Saxena,Vizag,Vodafone Idea,Mobile,0
+919145441391,Vikram Singh,Delhi,Airtel,Mobile,0
+916176671681,Rohit Mishra 9,Surat,Airtel,Mobile,0
+918598180497,Harish Bhat,Bhopal,BSNL,Mobile,0
+916532554271,Rashmi Yadav,Vadodara,BSNL,Mobile,0
+918053416086,Radha Pandey,Pune,Airtel,Mobile,0
+917025016964,Karthik Iyer 29,Mumbai,Vodafone Idea,Mobile,0
+918989972100,Vinod Pandey,Chandigarh,Jio,Mobile,0
+916894628547,Rashmi Yadav 5,Chandigarh,Vodafone Idea,Mobile,0
+917943973859,Pradeep Yadav,Chennai,Jio,Mobile,0
+916194466172,Shalini Bhat,Mumbai,Airtel,Mobile,0
+917253057012,Amit Kumar,Jaipur,Airtel,Mobile,0
+918381165634,Suresh Reddy,Chennai,BSNL,Mobile,0
+917490822752,Rahul Sharma,Kochi,Jio,Mobile,0
+918558087555,Priya Sharma,Kochi,Jio,Mobile,0
+919559629326,Naveen Saxena,Vizag,Airtel,Mobile,0
+919059978728,Rashmi Yadav,Coimbatore,BSNL,Mobile,0
+918776765998,Anita Mehta,Mysore,Jio,Mobile,0
+917732360937,Uma Menon,Chandigarh,BSNL,Mobile,0
+916632002525,Meera Joshi,Lucknow,Jio,Mobile,0
+919850500232,Anita Mehta,Bangalore,BSNL,Mobile,0
+918914059094,Rahul Sharma,Kochi,BSNL,Mobile,0
+916718051422,Nitin Mehta,Vizag,Airtel,Mobile,0
+918731191869,Sanjay Joshi,Delhi,BSNL,Mobile,0
+917876632668,Uma Menon,Mysore,Vodafone Idea,Mobile,0
+919758033933,Lakshmi Thakur,Vizag,Jio,Mobile,0
+916039288145,Uma Menon 30,Mumbai,BSNL,Mobile,0
+917843492373,Harish Bhat,Indore,Airtel,Mobile,0
+919339364166,Amit Kumar,Lucknow,Jio,Mobile,0
+918763028166,Karthik Iyer,Kolkata,Vodafone Idea,Mobile,0
+917680334945,Rekha Mishra,Pune,Airtel,Mobile,0
+918055334803,Deepak Verma 72,Hyderabad,BSNL,Mobile,0
+918868947260,Rekha Mishra,Nagpur,Vodafone Idea,Mobile,0
+919734671483,Naveen Saxena 73,Delhi,Vodafone Idea,Mobile,0
+918696502037,Karthik Iyer,Pune,Vodafone Idea,Mobile,0
+917241291439,Swati Iyer,Coimbatore,Jio,Mobile,0
+918717447553,Sunita Chauhan,Indore,Jio,Mobile,0
+918417182656,Padma Das,Pune,Vodafone Idea,Mobile,0
+917918582816,Swati Iyer,Mysore,BSNL,Mobile,0
+918678721369,Raj Patel,Mumbai,Vodafone Idea,Mobile,0
+919038213234,Rashmi Yadav,Surat,BSNL,Mobile,0
+917589273203,Meera Joshi 48,Mumbai,Airtel,Mobile,0
+918223113247,Harish Bhat,Kochi,Vodafone Idea,Mobile,0
+916650024543,Raj Patel 6,Kolkata,Airtel,Mobile,0
+917026906571,Nitin Mehta,Bhopal,BSNL,Mobile,0
+918212575713,Shalini Bhat,Lucknow,Jio,Mobile,0
+916734308726,Raj Patel,Mysore,Vodafone Idea,Mobile,0
+917253870910,Radha Pandey 28,Pune,Airtel,Mobile,0
+917178046759,Arun Nair 10,Vadodara,Jio,Mobile,0
+918244134590,Radha Pandey,Pune,Airtel,Mobile,0
+916599179785,Kavita Gupta,Nagpur,Jio,Mobile,0
+918059370402,Uma Menon,Chennai,Vodafone Idea,Mobile,0
+916183155139,Kavita Gupta,Hyderabad,Airtel,Mobile,0
+918640730180,Harish Bhat 89,Chandigarh,Jio,Mobile,0
+916774535020,Priya Sharma,Vizag,Jio,Mobile,0
+918932284643,Swati Iyer 38,Jaipur,Airtel,Mobile,0
+916682544714,Meera Joshi,Delhi,BSNL,Mobile,0
+918033149306,Sunil Menon 77,Surat,Jio,Mobile,0
+918218446557,Divya Nair,Nagpur,Vodafone Idea,Mobile,0
+918190505103,Priya Sharma,Coimbatore,BSNL,Mobile,0
+917611345449,Swati Iyer,Mumbai,BSNL,Mobile,0
+919446525366,Rekha Mishra,Lucknow,Vodafone Idea,Mobile,0
+916082375021,Sunita Chauhan,Mumbai,BSNL,Mobile,0
+919051165961,Nitin Mehta,Vizag,Jio,Mobile,0
+919464399456,Shalini Bhat 98,Bhopal,BSNL,Mobile,0
+918032713238,Padma Das,Chennai,BSNL,Mobile,0
+916654523541,Rashmi Yadav,Indore,Airtel,Mobile,0
+918945996520,Ramesh Agarwal,Nagpur,Airtel,Mobile,0
+919117050671,Sunil Menon,Delhi,Jio,Mobile,0
+918544935845,Sneha Verma,Jaipur,Jio,Mobile,0
+916532328503,Nitin Mehta,Delhi,Jio,Mobile,0
+917581948425,Priya Sharma,Mysore,BSNL,Mobile,0
+916892642393,Nitin Mehta,Indore,Jio,Mobile,0
+918163448127,Vikram Singh,Chandigarh,Jio,Mobile,0
+916272856909,Manoj Gupta,Bangalore,BSNL,Mobile,0
+918240954247,Deepak Verma 67,Indore,Airtel,Mobile,0
+916219279174,Manoj Gupta,Indore,Airtel,Mobile,0
+916919621134,Geeta Saxena,Vadodara,BSNL,Mobile,0
+917295178620,Meera Joshi,Lucknow,Vodafone Idea,Mobile,0
+917031433994,Karthik Iyer 76,Surat,Vodafone Idea,Mobile,0
+918298258698,Rekha Mishra 60,Surat,Airtel,Mobile,0
+917585367841,Nitin Mehta,Indore,Jio,Mobile,0
+916651493879,Gaurav Thakur,Delhi,Jio,Mobile,0
+919362389882,Sunita Chauhan,Kochi,Jio,Mobile,0
+917914159020,Uma Menon,Lucknow,Vodafone Idea,Mobile,0
+918813256985,Rekha Mishra,Lucknow,BSNL,Mobile,0
+918714527572,Divya Nair,Jaipur,Vodafone Idea,Mobile,0
+918912886103,Lakshmi Thakur,Chennai,BSNL,Mobile,0
+918732356938,Rekha Mishra,Hyderabad,Airtel,Mobile,0
+916686784654,Arun Nair,Indore,Jio,Mobile,0
+919544211778,Padma Das,Vadodara,Vodafone Idea,Mobile,0
+918647779227,Divya Nair,Pune,Airtel,Mobile,0
+919618821938,Swati Iyer,Indore,Vodafone Idea,Mobile,0
+919424906848,Suresh Reddy,Bhopal,Jio,Mobile,0
+919369947947,Suresh Reddy 81,Pune,Airtel,Mobile,0
+917140946802,Amit Kumar,Pune,BSNL,Mobile,0
+917747346193,Ajay Chauhan,Vizag,Jio,Mobile,0
+918881303178,Karthik Iyer,Nagpur,BSNL,Mobile,0
+919366959291,Suresh Reddy 70,Mysore,Jio,Mobile,0
+918538784943,Sunil Menon 18,Bangalore,BSNL,Mobile,0
+916314155431,Radha Pandey,Ahmedabad,Vodafone Idea,Mobile,0
+918042080298,Karthik Iyer,Kochi,BSNL,Mobile,0
+917569822134,Shalini Bhat 98,Nagpur,Vodafone Idea,Mobile,0
+916271582850,Ramesh Agarwal,Vizag,BSNL,Mobile,0
+919696413137,Rahul Sharma 50,Kochi,Jio,Mobile,0
+918069824082,Pradeep Yadav,Jaipur,Airtel,Mobile,0
+916938325087,Swati Iyer,Surat,Airtel,Mobile,0
+917613649636,Padma Das,Ahmedabad,Airtel,Mobile,0
+916088562219,Ajay Chauhan,Jaipur,Jio,Mobile,0
+918370327698,Kavita Gupta,Nagpur,Airtel,Mobile,0
+917823875815,Neha Patel,Bangalore,Airtel,Mobile,0
+917278235789,Nandini Agarwal,Bhopal,Airtel,Mobile,0
+916264718190,Sneha Verma,Kochi,Vodafone Idea,Mobile,0
+916184793363,Geeta Saxena,Nagpur,Airtel,Mobile,0
+917847024755,Pooja Reddy 28,Chennai,BSNL,Mobile,0
+918741677276,Sunil Menon 36,Surat,Jio,Mobile,0
+917872265594,Rashmi Yadav,Kolkata,BSNL,Mobile,0
+916698215138,Ramesh Agarwal,Surat,Vodafone Idea,Mobile,0
+917757151557,Sunil Menon,Indore,Vodafone Idea,Mobile,0
+917431363220,Lakshmi Thakur 28,Pune,Vodafone Idea,Mobile,0
+917336405426,Swati Iyer 80,Coimbatore,Jio,Mobile,0
+919431736859,Harish Bhat,Bangalore,Vodafone Idea,Mobile,0
+916025788451,Arun Nair,Mysore,Jio,Mobile,0
+918143130809,Sanjay Joshi 59,Chandigarh,Jio,Mobile,0
+916752897988,Manoj Gupta,Jaipur,Vodafone Idea,Mobile,0
+919599450036,Sunil Menon,Hyderabad,BSNL,Mobile,0
+918654257879,Rohit Mishra,Chandigarh,Airtel,Mobile,0
+917478794267,Naveen Saxena,Surat,BSNL,Mobile,0
+919548302205,Uma Menon,Chandigarh,Jio,Mobile,0
+919464896894,Deepak Verma,Bhopal,Vodafone Idea,Mobile,0
+918861364993,Arun Nair,Coimbatore,Vodafone Idea,Mobile,0
+916720627618,Lakshmi Thakur,Bangalore,BSNL,Mobile,0
+919639890348,Swati Iyer 55,Vizag,BSNL,Mobile,0
+917166368363,Ramesh Agarwal 72,Bangalore,Airtel,Mobile,0
+917282328676,Priya Sharma 85,Delhi,Jio,Mobile,0
+918696006176,Deepak Verma,Kochi,Jio,Mobile,0
+918724905017,Harish Bhat,Chennai,Vodafone Idea,Mobile,0
+916519421555,Raj Patel 32,Pune,Jio,Mobile,0
+919884221550,Divya Nair,Coimbatore,BSNL,Mobile,0
+917338186815,Ajay Chauhan,Hyderabad,Vodafone Idea,Mobile,0
+916634737847,Gaurav Thakur,Chennai,Jio,Mobile,0
+917036413530,Anita Mehta 46,Mumbai,Airtel,Mobile,0
+917536782496,Sneha Verma 47,Chennai,BSNL,Mobile,0
+918243591362,Anjali Singh,Surat,BSNL,Mobile,0
+917527270772,Naveen Saxena,Mysore,Vodafone Idea,Mobile,0
+916366820093,Harish Bhat,Kolkata,Jio,Mobile,0
+919115485627,Amit Kumar,Lucknow,BSNL,Mobile,0
+916794239151,Karthik Iyer,Kolkata,Vodafone Idea,Mobile,0
+917625735745,Radha Pandey,Pune,Airtel,Mobile,0
+918638603712,Pooja Reddy,Bangalore,BSNL,Mobile,0
+917258103421,Lakshmi Thakur,Chennai,Airtel,Mobile,0
+916184928181,Amit Kumar,Vadodara,Vodafone Idea,Mobile,0
+917682874183,Naveen Saxena,Nagpur,BSNL,Mobile,0
+919135114213,Rashmi Yadav,Bangalore,Vodafone Idea,Mobile,0
+918392206031,Sunil Menon,Vadodara,Airtel,Mobile,0
+919447151895,Geeta Saxena,Lucknow,Vodafone Idea,Mobile,0
+919627481857,Rahul Sharma,Mysore,Jio,Mobile,0
+916933030350,Kavita Gupta,Bhopal,Vodafone Idea,Mobile,0
+918214378846,Rashmi Yadav 71,Surat,Vodafone Idea,Mobile,0
+918788481728,Sunita Chauhan,Lucknow,Jio,Mobile,0
+919073217404,Nandini Agarwal 82,Mysore,Airtel,Mobile,0
+919326661197,Shalini Bhat,Jaipur,BSNL,Mobile,0
+917360051204,Pooja Reddy,Mysore,Airtel,Mobile,0
+918565319987,Amit Kumar,Pune,BSNL,Mobile,0
+918089342477,Sunil Menon,Chennai,Jio,Mobile,0
+919198434622,Swati Iyer,Ahmedabad,BSNL,Mobile,0
+917186364367,Naveen Saxena 42,Chennai,Jio,Mobile,0
+919846903205,Karthik Iyer,Lucknow,Jio,Mobile,0
+918242920643,Suresh Reddy,Surat,Airtel,Mobile,0
+918089704252,Ajay Chauhan 8,Ahmedabad,Jio,Mobile,0
+918772641649,Neha Patel,Bhopal,Vodafone Idea,Mobile,0
+918895325316,Pooja Reddy 20,Bangalore,Airtel,Mobile,0
+918082045448,Deepak Verma,Jaipur,Vodafone Idea,Mobile,0
+919814576787,Rohit Mishra,Jaipur,Jio,Mobile,0
+917072280204,Rekha Mishra,Mysore,Jio,Mobile,0
+917568329517,Sanjay Joshi,Bangalore,BSNL,Mobile,0
+919588598332,Raj Patel,Coimbatore,Jio,Mobile,0
+917834666817,Ramesh Agarwal 29,Vizag,BSNL,Mobile,0
+916994821076,Naveen Saxena,Ahmedabad,Jio,Mobile,0
+916019930944,Vikram Singh 20,Coimbatore,Jio,Mobile,0
+918489512759,Gaurav Thakur 17,Surat,Airtel,Mobile,0
+916937150365,Ramesh Agarwal,Surat,Airtel,Mobile,0
+917047270711,Anjali Singh,Chandigarh,Vodafone Idea,Mobile,0
+917559402291,Lakshmi Thakur 33,Hyderabad,BSNL,Mobile,0
+916173181483,Priya Sharma,Pune,Vodafone Idea,Mobile,0
+917482717487,Suresh Reddy 35,Jaipur,Airtel,Mobile,0
+916089334978,Anjali Singh,Nagpur,Vodafone Idea,Mobile,0
+918078830303,Ramesh Agarwal 99,Vizag,BSNL,Mobile,0
+916390104384,Manoj Gupta,Nagpur,BSNL,Mobile,0
+917832425800,Vikram Singh 57,Bangalore,Jio,Mobile,0
+917593275170,Rashmi Yadav,Mumbai,Vodafone Idea,Mobile,0
+918345005126,Lakshmi Thakur 34,Mysore,Airtel,Mobile,0
+917820246497,Neha Patel,Mysore,Airtel,Mobile,0
+918177091815,Divya Nair,Delhi,BSNL,Mobile,0
+916863308244,Kavita Gupta 58,Indore,BSNL,Mobile,0
+919858259878,Rekha Mishra 44,Mumbai,Vodafone Idea,Mobile,0
+918451714292,Rashmi Yadav 4,Pune,BSNL,Mobile,0
+916271897956,Raj Patel,Chennai,BSNL,Mobile,0
+917222578547,Priya Sharma 98,Chennai,BSNL,Mobile,0
+916239924280,Anjali Singh 43,Kochi,Airtel,Mobile,0
+918652421232,Suresh Reddy 31,Hyderabad,BSNL,Mobile,0
+918856878968,Raj Patel,Coimbatore,Jio,Mobile,0
+917592544693,Pooja Reddy,Ahmedabad,Jio,Mobile,0
+919399652563,Nitin Mehta 82,Mysore,BSNL,Mobile,0
+917619118598,Nitin Mehta,Jaipur,Vodafone Idea,Mobile,0
+916648967715,Manoj Gupta,Mysore,Vodafone Idea,Mobile,0
+919887900785,Pradeep Yadav,Bangalore,Vodafone Idea,Mobile,0
+918022515220,Manoj Gupta,Jaipur,Vodafone Idea,Mobile,0
+917134447443,Anita Mehta,Vizag,Vodafone Idea,Mobile,0
+918992989246,Shalini Bhat,Vizag,Airtel,Mobile,0
+916355616396,Rekha Mishra,Chandigarh,BSNL,Mobile,0
+918362540928,Neha Patel,Pune,Airtel,Mobile,0
+916313156360,Gaurav Thakur,Mumbai,BSNL,Mobile,0
+916380711417,Manoj Gupta,Vadodara,Vodafone Idea,Mobile,0
+918347255615,Rahul Sharma,Chandigarh,Jio,Mobile,0
+919612423798,Uma Menon,Jaipur,Jio,Mobile,0
+917380503535,Ajay Chauhan,Hyderabad,Jio,Mobile,0
+917978094439,Gaurav Thakur,Hyderabad,Vodafone Idea,Mobile,0
+918523884675,Lakshmi Thakur,Ahmedabad,Jio,Mobile,0
+918146236437,Arun Nair 24,Pune,Vodafone Idea,Mobile,0
+919882555424,Manoj Gupta,Mysore,Airtel,Mobile,0
+916119773416,Nitin Mehta,Bangalore,Vodafone Idea,Mobile,0
+918567863338,Pooja Reddy 46,Bangalore,Vodafone Idea,Mobile,0
+918338207592,Rekha Mishra 69,Lucknow,Jio,Mobile,0
+919310154723,Suresh Reddy 97,Vadodara,Vodafone Idea,Mobile,0
+919573907140,Rashmi Yadav 59,Nagpur,Vodafone Idea,Mobile,0
+918845554648,Padma Das,Vizag,BSNL,Mobile,0
+917298368245,Sunil Menon,Nagpur,Airtel,Mobile,0
+916844573101,Ajay Chauhan,Indore,BSNL,Mobile,0
+916369882511,Pooja Reddy,Kolkata,Airtel,Mobile,0
+918192375666,Meera Joshi 41,Indore,Airtel,Mobile,0
+919782056101,Pradeep Yadav,Vadodara,BSNL,Mobile,0
+917337191189,Anita Mehta 16,Surat,Jio,Mobile,0
+916248098226,Harish Bhat 37,Vadodara,BSNL,Mobile,0
+919656537015,Sunil Menon,Bangalore,Jio,Mobile,0
+916845131030,Divya Nair,Mysore,BSNL,Mobile,0
+916280949725,Vinod Pandey 3,Mysore,Airtel,Mobile,0
+918050963823,Kavita Gupta 24,Kolkata,Jio,Mobile,0
+918544558579,Rohit Mishra,Jaipur,Airtel,Mobile,0
+917777282555,Nitin Mehta,Kochi,Vodafone Idea,Mobile,0
+919451791455,Manoj Gupta,Mysore,Jio,Mobile,0
+916311860378,Naveen Saxena 70,Ahmedabad,Vodafone Idea,Mobile,0
+918986321063,Pooja Reddy,Ahmedabad,Airtel,Mobile,0
+917840401765,Swati Iyer,Lucknow,Vodafone Idea,Mobile,0
+918150350568,Priya Sharma,Chandigarh,Vodafone Idea,Mobile,0
+919723016417,Vikram Singh 73,Chennai,Vodafone Idea,Mobile,0
+916395306825,Gaurav Thakur,Mumbai,BSNL,Mobile,0
+916131398637,Anjali Singh,Coimbatore,Vodafone Idea,Mobile,0
+917769480310,Rohit Mishra 64,Chandigarh,BSNL,Mobile,0
+918551832875,Meera Joshi,Pune,BSNL,Mobile,0
+918296823305,Suresh Reddy 7,Lucknow,Jio,Mobile,0
+919644959700,Pooja Reddy,Delhi,Airtel,Mobile,0
+916655680969,Sunil Menon,Indore,BSNL,Mobile,0
+916310294782,Nitin Mehta,Vadodara,Jio,Mobile,0
+919565432708,Arun Nair,Delhi,Jio,Mobile,0
+918686752186,Lakshmi Thakur,Bangalore,BSNL,Mobile,0
+918469474239,Sneha Verma,Bhopal,Airtel,Mobile,0
+916619874190,Gaurav Thakur 3,Indore,Airtel,Mobile,0
+916282482455,Rahul Sharma,Nagpur,Vodafone Idea,Mobile,0
+917892031661,Suresh Reddy,Pune,Vodafone Idea,Mobile,0
+919639023434,Swati Iyer 63,Delhi,Airtel,Mobile,0
+919072690983,Shalini Bhat,Indore,BSNL,Mobile,0
+917798733346,Rekha Mishra 57,Mysore,BSNL,Mobile,0
+918237469916,Padma Das,Ahmedabad,Vodafone Idea,Mobile,0
+918229963916,Amit Kumar 59,Kochi,BSNL,Mobile,0
+917935105642,Uma Menon,Kochi,Jio,Mobile,0
+916032144986,Divya Nair 82,Hyderabad,Airtel,Mobile,0
+918588225803,Vikram Singh,Lucknow,Vodafone Idea,Mobile,0
+918916618524,Sanjay Joshi,Pune,Jio,Mobile,0
+919191985759,Anita Mehta,Nagpur,Jio,Mobile,0
+917793219586,Rekha Mishra,Lucknow,Vodafone Idea,Mobile,0
+916121783690,Ajay Chauhan,Mumbai,BSNL,Mobile,0
+919862613827,Lakshmi Thakur 80,Ahmedabad,Airtel,Mobile,0
+916727458159,Harish Bhat,Surat,Jio,Mobile,0
+917786633513,Gaurav Thakur,Bhopal,Jio,Mobile,0
+917374152121,Pooja Reddy,Lucknow,Vodafone Idea,Mobile,0
+916638097158,Raj Patel,Chennai,Jio,Mobile,0
+916564568125,Swati Iyer,Vizag,Jio,Mobile,0
+918166815706,Suresh Reddy,Kolkata,BSNL,Mobile,0
+919578870440,Priya Sharma,Nagpur,BSNL,Mobile,0
+919449975593,Rekha Mishra 24,Kochi,Jio,Mobile,0
+918252613276,Priya Sharma 51,Vizag,BSNL,Mobile,0
+917453721727,Rekha Mishra,Lucknow,BSNL,Mobile,0
+919331819114,Ramesh Agarwal 13,Indore,Jio,Mobile,0
+919367034302,Anjali Singh,Vadodara,Jio,Mobile,0
+916845335946,Rashmi Yadav,Pune,Jio,Mobile,0
+918055809200,Geeta Saxena 88,Hyderabad,Airtel,Mobile,0
+916670341890,Radha Pandey,Lucknow,Airtel,Mobile,0
+919820054832,Gaurav Thakur,Surat,Jio,Mobile,0
+916939405823,Ramesh Agarwal,Pune,Jio,Mobile,0
+918278545309,Suresh Reddy,Delhi,Jio,Mobile,0
+919513747221,Meera Joshi 65,Nagpur,BSNL,Mobile,0
+917489966231,Uma Menon,Bangalore,Jio,Mobile,0
+916162452553,Neha Patel 49,Vizag,Vodafone Idea,Mobile,0
+918544380170,Rashmi Yadav,Hyderabad,Jio,Mobile,0
+918067425431,Rekha Mishra,Lucknow,Vodafone Idea,Mobile,0
+919869834211,Manoj Gupta 7,Vadodara,Airtel,Mobile,0
+919589588518,Geeta Saxena,Bangalore,Airtel,Mobile,0
+917825168865,Uma Menon,Bangalore,Airtel,Mobile,0
+917784543190,Pooja Reddy,Delhi,Airtel,Mobile,0
+917425984662,Divya Nair,Coimbatore,BSNL,Mobile,0
+916639254051,Swati Iyer,Bangalore,Jio,Mobile,0
+919757726192,Swati Iyer,Jaipur,Airtel,Mobile,0
+916635188086,Sanjay Joshi,Jaipur,BSNL,Mobile,0
+919735164128,Vikram Singh,Chennai,BSNL,Mobile,0
+917776108730,Amit Kumar,Delhi,BSNL,Mobile,0
+918366726982,Shalini Bhat,Bhopal,Airtel,Mobile,0
+918361911749,Amit Kumar,Pune,BSNL,Mobile,0
+916639459793,Suresh Reddy,Vadodara,BSNL,Mobile,0
+919360887297,Swati Iyer,Nagpur,BSNL,Mobile,0
+918245932724,Kavita Gupta,Chandigarh,Airtel,Mobile,0
+916250467083,Sanjay Joshi,Delhi,BSNL,Mobile,0
+918820614601,Harish Bhat 96,Coimbatore,Vodafone Idea,Mobile,0
+916362244016,Nitin Mehta,Vadodara,Vodafone Idea,Mobile,0
+916742142847,Padma Das 21,Jaipur,BSNL,Mobile,0
+917386458747,Sunita Chauhan,Hyderabad,BSNL,Mobile,0
+917094139495,Ramesh Agarwal,Bhopal,Airtel,Mobile,0
+916180410445,Swati Iyer,Jaipur,Vodafone Idea,Mobile,0
+918311514670,Meera Joshi,Bangalore,Jio,Mobile,0
+917218990386,Vinod Pandey,Bangalore,Airtel,Mobile,0
+919687429543,Lakshmi Thakur 69,Bangalore,Jio,Mobile,0
+917512951387,Kavita Gupta 10,Hyderabad,Vodafone Idea,Mobile,0
+916376387010,Anita Mehta 2,Chandigarh,BSNL,Mobile,0
+918332573615,Vinod Pandey 92,Jaipur,Jio,Mobile,0
+917640878035,Pradeep Yadav 51,Mysore,Jio,Mobile,0
+918951585965,Priya Sharma,Chandigarh,Jio,Mobile,0
+919325751631,Vikram Singh,Chandigarh,Jio,Mobile,0
+918525345303,Ramesh Agarwal,Ahmedabad,Airtel,Mobile,0
+918418065786,Sunita Chauhan,Chandigarh,Vodafone Idea,Mobile,0
+917351328360,Sanjay Joshi,Chennai,BSNL,Mobile,0
+916366491772,Priya Sharma,Nagpur,Airtel,Mobile,0
+918940335586,Lakshmi Thakur 66,Vizag,Jio,Mobile,0
+917634293645,Meera Joshi,Chennai,BSNL,Mobile,0
+919367373449,Ajay Chauhan,Indore,BSNL,Mobile,0
+919079859352,Sanjay Joshi 86,Mumbai,Jio,Mobile,0
+919072042796,Ramesh Agarwal 5,Indore,Airtel,Mobile,0
+917160595099,Manoj Gupta,Pune,Airtel,Mobile,0
+917538995990,Vikram Singh 20,Kolkata,Vodafone Idea,Mobile,0
+917065488093,Swati Iyer,Nagpur,BSNL,Mobile,0
+916057247535,Nandini Agarwal 67,Mysore,BSNL,Mobile,0
+919877785335,Ajay Chauhan 88,Delhi,Vodafone Idea,Mobile,0
+918085254960,Sunil Menon,Jaipur,Jio,Mobile,0
+916624575929,Radha Pandey,Chennai,Airtel,Mobile,0
+916382312940,Sunita Chauhan,Jaipur,Airtel,Mobile,0
+916286740274,Deepak Verma,Chandigarh,BSNL,Mobile,0
+917714466481,Shalini Bhat 24,Kolkata,Jio,Mobile,0
+919819959444,Vinod Pandey,Jaipur,BSNL,Mobile,0
+919863053978,Ajay Chauhan,Bangalore,Jio,Mobile,0
+918695453092,Kavita Gupta 52,Jaipur,Jio,Mobile,0
+919815151129,Rekha Mishra 77,Vadodara,BSNL,Mobile,0
+919059907305,Shalini Bhat,Mumbai,Airtel,Mobile,0
+918423580540,Raj Patel,Jaipur,Vodafone Idea,Mobile,0
+918990092819,Vikram Singh,Vadodara,Airtel,Mobile,0
+917291502633,Karthik Iyer 96,Mumbai,Airtel,Mobile,0
+919819712779,Rekha Mishra 3,Bangalore,BSNL,Mobile,0
+919599237398,Sunil Menon,Delhi,Jio,Mobile,0
+917125882742,Naveen Saxena,Vadodara,Jio,Mobile,0
+919593436465,Padma Das 48,Mysore,Vodafone Idea,Mobile,0
+917869498536,Manoj Gupta,Indore,Jio,Mobile,0
+916741482936,Rashmi Yadav 73,Ahmedabad,Jio,Mobile,0
+919136098164,Raj Patel,Indore,Jio,Mobile,0
+916769088864,Rekha Mishra,Bangalore,Airtel,Mobile,0
+919772969956,Arun Nair,Indore,Airtel,Mobile,0
+917740056331,Lakshmi Thakur,Hyderabad,BSNL,Mobile,0
+919313741469,Sanjay Joshi 36,Kolkata,BSNL,Mobile,0
+919787710552,Vinod Pandey 20,Nagpur,BSNL,Mobile,0
+918565337276,Sunil Menon,Bhopal,Airtel,Mobile,0
+917997187595,Geeta Saxena 31,Lucknow,Airtel,Mobile,0
+916146692001,Geeta Saxena,Coimbatore,Jio,Mobile,0
+918333678424,Swati Iyer 61,Chandigarh,BSNL,Mobile,0
+917387914675,Suresh Reddy 18,Mysore,Airtel,Mobile,0
+919891974206,Neha Patel 33,Vadodara,BSNL,Mobile,0
+916518686910,Sunita Chauhan,Chennai,BSNL,Mobile,0
+917583265534,Rohit Mishra,Delhi,Vodafone Idea,Mobile,0
+917562160893,Neha Patel,Bangalore,Jio,Mobile,0
+918338699277,Pooja Reddy,Kolkata,Jio,Mobile,0
+916618458844,Vikram Singh 52,Lucknow,Vodafone Idea,Mobile,0
+917662075800,Nandini Agarwal 4,Mumbai,Airtel,Mobile,0
+919358078725,Ramesh Agarwal,Chandigarh,Vodafone Idea,Mobile,0
+918082548498,Nitin Mehta,Vizag,BSNL,Mobile,0
+917188718738,Pooja Reddy 5,Surat,Jio,Mobile,0
+916193941549,Kavita Gupta 63,Indore,Airtel,Mobile,0
+916611535031,Rashmi Yadav,Vadodara,Airtel,Mobile,0
+918783912291,Harish Bhat,Kolkata,Jio,Mobile,0
+916832796318,Sneha Verma 43,Vadodara,Vodafone Idea,Mobile,0
+917845250906,Rekha Mishra 13,Pune,Airtel,Mobile,0
+918999886972,Sneha Verma,Bangalore,Vodafone Idea,Mobile,0
+918711298653,Sanjay Joshi,Pune,BSNL,Mobile,0
+917618699653,Shalini Bhat 16,Bangalore,BSNL,Mobile,0
+918144685758,Vikram Singh,Bangalore,Jio,Mobile,0
+918411979811,Nandini Agarwal,Delhi,Jio,Mobile,0
+918955743279,Vinod Pandey,Mumbai,BSNL,Mobile,0
+918034002501,Rekha Mishra,Mumbai,BSNL,Mobile,0
+918978762906,Harish Bhat,Vizag,Airtel,Mobile,0
+917638821829,Meera Joshi 12,Indore,Jio,Mobile,0
+919526352772,Divya Nair,Coimbatore,Airtel,Mobile,0
+918424465390,Rahul Sharma,Pune,Jio,Mobile,0
+918918375983,Sanjay Joshi 73,Bhopal,Airtel,Mobile,0
+918736295096,Karthik Iyer 24,Kochi,Vodafone Idea,Mobile,0
+919099903659,Rahul Sharma,Delhi,BSNL,Mobile,0
+916040845186,Anjali Singh,Kochi,Vodafone Idea,Mobile,0
+916329285225,Ajay Chauhan 19,Mumbai,Jio,Mobile,0
+917380151427,Nandini Agarwal 22,Vadodara,Jio,Mobile,0
+919499010677,Rashmi Yadav 83,Vadodara,Jio,Mobile,0
+917343232124,Sunita Chauhan,Chennai,BSNL,Mobile,0
+919779388139,Sunil Menon,Coimbatore,Jio,Mobile,0
+918288113920,Rashmi Yadav 1,Bangalore,Airtel,Mobile,0
+916280479866,Sanjay Joshi,Chandigarh,Airtel,Mobile,0
+918261949977,Arun Nair,Chennai,BSNL,Mobile,0
+918177729580,Manoj Gupta,Surat,Jio,Mobile,0
+917593801358,Meera Joshi,Bangalore,Airtel,Mobile,0
+917956087923,Rohit Mishra 89,Surat,Airtel,Mobile,0
+919679415064,Harish Bhat 6,Jaipur,BSNL,Mobile,0
+919537640319,Ramesh Agarwal,Chandigarh,Airtel,Mobile,0
+918796895183,Suresh Reddy,Kolkata,Vodafone Idea,Mobile,0
+916246564580,Rashmi Yadav,Surat,Vodafone Idea,Mobile,0
+919013464384,Rekha Mishra 5,Bangalore,BSNL,Mobile,0
+919695455802,Neha Patel,Vadodara,Jio,Mobile,0
+919167642983,Rekha Mishra,Indore,Airtel,Mobile,0
+918897402714,Swati Iyer,Coimbatore,Jio,Mobile,0
+919711434714,Amit Kumar,Hyderabad,Jio,Mobile,0
+919069646126,Suresh Reddy 35,Bhopal,BSNL,Mobile,0
+916060173221,Vikram Singh 22,Chandigarh,Jio,Mobile,0
+918964840722,Shalini Bhat 7,Kolkata,Jio,Mobile,0
+918094732755,Amit Kumar,Indore,Vodafone Idea,Mobile,0
+918237963074,Harish Bhat 59,Vizag,Airtel,Mobile,0
+917287938991,Divya Nair 47,Pune,Airtel,Mobile,0
+916731739365,Vikram Singh,Kochi,Vodafone Idea,Mobile,0
+917076520885,Rekha Mishra 61,Jaipur,Airtel,Mobile,0
+918955783666,Rahul Sharma 39,Chandigarh,BSNL,Mobile,0
+918574227557,Ramesh Agarwal 66,Delhi,BSNL,Mobile,0
+917490770914,Pooja Reddy,Pune,BSNL,Mobile,0
+917042886354,Shalini Bhat 18,Pune,Jio,Mobile,0
+919553816321,Rahul Sharma 32,Pune,Vodafone Idea,Mobile,0
+919526016378,Karthik Iyer,Chennai,Jio,Mobile,0
+917485708048,Anjali Singh,Bangalore,BSNL,Mobile,0
+916559548725,Divya Nair,Hyderabad,Vodafone Idea,Mobile,0
+917198916375,Sanjay Joshi,Pune,Airtel,Mobile,0
+916867734304,Ajay Chauhan,Delhi,BSNL,Mobile,0
+917463955153,Rohit Mishra,Jaipur,Jio,Mobile,0
+916725214763,Divya Nair,Coimbatore,Vodafone Idea,Mobile,0
+918968524195,Padma Das,Vizag,BSNL,Mobile,0
+917197268920,Naveen Saxena 45,Nagpur,BSNL,Mobile,0
+917013590450,Pradeep Yadav,Kolkata,Airtel,Mobile,0
+918740269879,Shalini Bhat,Mumbai,Vodafone Idea,Mobile,0
+917489040246,Vinod Pandey,Lucknow,Airtel,Mobile,0
+916268555001,Anjali Singh,Lucknow,Jio,Mobile,0
+916789186031,Amit Kumar,Chandigarh,Jio,Mobile,0
+919634760141,Radha Pandey,Mysore,Vodafone Idea,Mobile,0
+916591909106,Lakshmi Thakur,Indore,Vodafone Idea,Mobile,0
+916845176160,Neha Patel,Nagpur,BSNL,Mobile,0
+916931029659,Arun Nair,Bhopal,Jio,Mobile,0
+917751957848,Deepak Verma 33,Vadodara,BSNL,Mobile,0
+919644575983,Raj Patel,Nagpur,BSNL,Mobile,0
+918165459210,Vikram Singh,Nagpur,Vodafone Idea,Mobile,0
+916184633074,Ramesh Agarwal,Chennai,Vodafone Idea,Mobile,0
+918232196031,Vikram Singh,Kochi,Airtel,Mobile,0
+917844873652,Radha Pandey,Pune,Vodafone Idea,Mobile,0
+918941801647,Ramesh Agarwal,Mysore,BSNL,Mobile,0
+917710228443,Sanjay Joshi 76,Chandigarh,BSNL,Mobile,0
+917377611375,Pradeep Yadav,Kochi,Airtel,Mobile,0
+919676849693,Rohit Mishra,Jaipur,BSNL,Mobile,0
+916594624453,Amit Kumar,Indore,Jio,Mobile,0
+919712999122,Anita Mehta,Jaipur,Vodafone Idea,Mobile,0
+918395771081,Divya Nair,Kochi,Airtel,Mobile,0
+916028603862,Uma Menon,Vizag,BSNL,Mobile,0
+918164877185,Manoj Gupta,Surat,Jio,Mobile,0
+916741935526,Meera Joshi,Jaipur,BSNL,Mobile,0
+917315828682,Priya Sharma,Vadodara,Vodafone Idea,Mobile,0
+916716568931,Karthik Iyer 71,Vadodara,BSNL,Mobile,0
+918956406022,Vikram Singh,Vadodara,Vodafone Idea,Mobile,0
+919795189441,Nandini Agarwal,Delhi,Jio,Mobile,0
+919590377186,Lakshmi Thakur,Ahmedabad,Airtel,Mobile,0
+917453861678,Anjali Singh,Mumbai,Vodafone Idea,Mobile,0
+916969311228,Priya Sharma,Bhopal,BSNL,Mobile,0
+918729787214,Rekha Mishra 34,Jaipur,Airtel,Mobile,0
+916051563260,Geeta Saxena 32,Hyderabad,BSNL,Mobile,0
+918272940611,Rashmi Yadav,Mysore,Vodafone Idea,Mobile,0
+916080791913,Arun Nair 68,Hyderabad,BSNL,Mobile,0
+918468720568,Rekha Mishra 1,Kochi,Airtel,Mobile,0
+917456885852,Pooja Reddy,Mumbai,Vodafone Idea,Mobile,0
+919785360659,Vikram Singh,Delhi,BSNL,Mobile,0
+918940446665,Arun Nair,Chandigarh,Airtel,Mobile,0
+919121325936,Sanjay Joshi 3,Vizag,Vodafone Idea,Mobile,0
+917880380741,Lakshmi Thakur,Vadodara,Vodafone Idea,Mobile,0
+917523730234,Pradeep Yadav,Surat,Airtel,Mobile,0
+916645333195,Rashmi Yadav,Bhopal,BSNL,Mobile,0
+917953948080,Sanjay Joshi,Pune,Airtel,Mobile,0
+917969693968,Padma Das 74,Surat,Airtel,Mobile,0
+917110253870,Shalini Bhat,Bhopal,Vodafone Idea,Mobile,0
+919634241919,Meera Joshi,Vizag,Airtel,Mobile,0
+918659354284,Nitin Mehta,Bangalore,Vodafone Idea,Mobile,0
+919694981321,Radha Pandey,Ahmedabad,Jio,Mobile,0
+918323796736,Priya Sharma,Kochi,BSNL,Mobile,0
+916564504688,Shalini Bhat,Coimbatore,Airtel,Mobile,0
+918591041084,Ramesh Agarwal,Ahmedabad,Jio,Mobile,0
+918527356495,Nandini Agarwal,Bangalore,BSNL,Mobile,0
+919378476479,Pradeep Yadav 84,Jaipur,BSNL,Mobile,0
+918257134039,Suresh Reddy,Jaipur,Airtel,Mobile,0
+917554531140,Neha Patel,Mumbai,Airtel,Mobile,0
+919421685475,Meera Joshi,Pune,BSNL,Mobile,0
+917128591332,Geeta Saxena,Hyderabad,Vodafone Idea,Mobile,0
+917940030604,Deepak Verma 7,Delhi,Vodafone Idea,Mobile,0
+918330841967,Harish Bhat,Kochi,Vodafone Idea,Mobile,0
+918615562407,Karthik Iyer 43,Surat,Airtel,Mobile,0
+917976299495,Priya Sharma 19,Coimbatore,BSNL,Mobile,0
+918920765538,Vinod Pandey,Vizag,Airtel,Mobile,0
+918854394021,Kavita Gupta,Mysore,Airtel,Mobile,0
+918639518231,Kavita Gupta,Indore,BSNL,Mobile,0
+918199793732,Sneha Verma 68,Nagpur,Vodafone Idea,Mobile,0
+916918962725,Ramesh Agarwal 72,Chandigarh,Vodafone Idea,Mobile,0
+919616969084,Geeta Saxena,Nagpur,Vodafone Idea,Mobile,0
+916715075261,Pooja Reddy 75,Delhi,BSNL,Mobile,0
+917037402571,Sunil Menon,Mysore,Vodafone Idea,Mobile,0
+919096139024,Shalini Bhat,Surat,Airtel,Mobile,0
+918634002872,Nitin Mehta,Mysore,Vodafone Idea,Mobile,0
+917388920197,Geeta Saxena,Chennai,Airtel,Mobile,0
+917828843747,Neha Patel,Lucknow,Jio,Mobile,0
+916525398627,Arun Nair 30,Lucknow,Vodafone Idea,Mobile,0
+916657090325,Rashmi Yadav,Hyderabad,Vodafone Idea,Mobile,0
+918062792063,Raj Patel 83,Mumbai,Airtel,Mobile,0
+916943934342,Naveen Saxena,Coimbatore,Jio,Mobile,0
+919555440704,Ramesh Agarwal,Nagpur,BSNL,Mobile,0
+918769609736,Raj Patel,Indore,Jio,Mobile,0
+917256383053,Arun Nair,Kochi,Jio,Mobile,0
+919779184961,Geeta Saxena,Bangalore,Vodafone Idea,Mobile,0
+918143413041,Sunil Menon,Chandigarh,Airtel,Mobile,0
+919710171925,Rahul Sharma,Pune,Jio,Mobile,0
+916921161263,Raj Patel 49,Chandigarh,BSNL,Mobile,0
+916224708943,Suresh Reddy 80,Bangalore,Jio,Mobile,0
+918450871923,Sneha Verma,Nagpur,Airtel,Mobile,0
+917911802115,Harish Bhat,Nagpur,BSNL,Mobile,0
+916238759326,Arun Nair 54,Nagpur,BSNL,Mobile,0
+917419810703,Nitin Mehta 82,Mysore,BSNL,Mobile,0
+917890573454,Suresh Reddy 48,Vizag,Vodafone Idea,Mobile,0
+916835094711,Rahul Sharma 99,Chandigarh,BSNL,Mobile,0
+916581976481,Meera Joshi,Bhopal,Vodafone Idea,Mobile,0
+919135572157,Arun Nair,Ahmedabad,Airtel,Mobile,0
+917993151755,Pooja Reddy 27,Hyderabad,Vodafone Idea,Mobile,0
+918363803387,Vinod Pandey,Nagpur,Airtel,Mobile,0
+916215214457,Raj Patel,Bhopal,Vodafone Idea,Mobile,0
+916853161699,Vikram Singh 5,Kochi,Jio,Mobile,0
+917957805053,Gaurav Thakur,Coimbatore,Jio,Mobile,0
+918882916908,Rekha Mishra,Ahmedabad,Vodafone Idea,Mobile,0
+916929545841,Pradeep Yadav,Chandigarh,Jio,Mobile,0
+916843856412,Sunil Menon,Bangalore,Vodafone Idea,Mobile,0
+918086099363,Vinod Pandey 14,Bangalore,BSNL,Mobile,0
+918347174993,Neha Patel,Kolkata,Vodafone Idea,Mobile,0
+917532407012,Ramesh Agarwal,Delhi,Vodafone Idea,Mobile,0
+916953745561,Sneha Verma,Indore,Jio,Mobile,0
+918887466592,Priya Sharma 97,Mysore,Vodafone Idea,Mobile,0
+919893776411,Nitin Mehta,Jaipur,Airtel,Mobile,0
+918977958951,Rohit Mishra 82,Pune,BSNL,Mobile,0
+917416631491,Raj Patel,Pune,Airtel,Mobile,0
+918332351231,Rashmi Yadav,Pune,Vodafone Idea,Mobile,0
+918383046657,Rekha Mishra 69,Chennai,Jio,Mobile,0
+918633328646,Vikram Singh 82,Mumbai,Vodafone Idea,Mobile,0
+917833368920,Padma Das 62,Kolkata,Airtel,Mobile,0
+918637661262,Sunita Chauhan,Vizag,Vodafone Idea,Mobile,0
+917082886807,Pooja Reddy,Lucknow,BSNL,Mobile,0
+917126689939,Anita Mehta,Vizag,Airtel,Mobile,0
+916634217459,Lakshmi Thakur 7,Kolkata,Vodafone Idea,Mobile,0
+916926674478,Gaurav Thakur,Surat,Vodafone Idea,Mobile,0
+919865064099,Manoj Gupta,Indore,Airtel,Mobile,0
+919714447654,Vikram Singh,Bhopal,Airtel,Mobile,0
+916962548065,Sunil Menon,Jaipur,Jio,Mobile,0
+918638786531,Ajay Chauhan 81,Kolkata,Jio,Mobile,0
+919441492163,Vinod Pandey,Pune,Jio,Mobile,0
+918382543331,Sanjay Joshi,Bhopal,BSNL,Mobile,0
+916555103536,Sneha Verma 8,Kolkata,Jio,Mobile,0
+918512425659,Uma Menon,Coimbatore,Jio,Mobile,0
+918552799564,Deepak Verma,Hyderabad,Airtel,Mobile,0
+919634050002,Sanjay Joshi,Hyderabad,Vodafone Idea,Mobile,0
+916091402046,Rekha Mishra 23,Indore,Jio,Mobile,0
+918869728610,Rashmi Yadav 59,Bhopal,Vodafone Idea,Mobile,0
+918257205178,Manoj Gupta 42,Delhi,Airtel,Mobile,0
+919831724323,Swati Iyer,Coimbatore,BSNL,Mobile,0
+917343045791,Sunita Chauhan 40,Hyderabad,Vodafone Idea,Mobile,0
+919459951579,Nandini Agarwal,Nagpur,Airtel,Mobile,0
+916785878443,Geeta Saxena,Delhi,Jio,Mobile,0
+918576975195,Gaurav Thakur,Delhi,Airtel,Mobile,0
+916085851271,Geeta Saxena 67,Hyderabad,Airtel,Mobile,0
+919792331678,Vikram Singh,Vadodara,BSNL,Mobile,0
+917074875566,Padma Das,Ahmedabad,Jio,Mobile,0
+916087725334,Pradeep Yadav,Nagpur,Airtel,Mobile,0
+919571804714,Radha Pandey,Kochi,Airtel,Mobile,0
+918476233478,Kavita Gupta,Nagpur,Airtel,Mobile,0
+917846659566,Amit Kumar,Hyderabad,Airtel,Mobile,0
+918536987134,Uma Menon 19,Kochi,BSNL,Mobile,0
+918659739474,Nandini Agarwal,Vizag,Vodafone Idea,Mobile,0
+916947637695,Pooja Reddy,Lucknow,Airtel,Mobile,0
+916988325942,Rahul Sharma 66,Kochi,Airtel,Mobile,0
+917651254183,Sunil Menon,Lucknow,Airtel,Mobile,0
+918760321246,Pooja Reddy 52,Coimbatore,Vodafone Idea,Mobile,0
+919158826031,Shalini Bhat,Mysore,Jio,Mobile,0
+917929027430,Naveen Saxena 95,Jaipur,Vodafone Idea,Mobile,0
+917436423480,Ramesh Agarwal,Surat,Airtel,Mobile,0
+918165245563,Rekha Mishra,Lucknow,Airtel,Mobile,0
+918965378513,Raj Patel,Mumbai,Airtel,Mobile,0
+917852001382,Divya Nair,Indore,BSNL,Mobile,0
+919632410512,Radha Pandey,Pune,Jio,Mobile,0
+916544138355,Geeta Saxena,Chennai,Airtel,Mobile,0
+918339791925,Divya Nair,Mysore,Vodafone Idea,Mobile,0
+918727303435,Rahul Sharma,Kolkata,BSNL,Mobile,0
+916961585032,Deepak Verma,Lucknow,Jio,Mobile,0
+919826018752,Deepak Verma,Mysore,Airtel,Mobile,0
+916257261402,Sanjay Joshi,Chandigarh,Airtel,Mobile,0
+919091409361,Sneha Verma 51,Nagpur,Vodafone Idea,Mobile,0
+918327765533,Nandini Agarwal 18,Vadodara,BSNL,Mobile,0
+919737133337,Deepak Verma,Vizag,Airtel,Mobile,0
+916643386232,Amit Kumar,Surat,BSNL,Mobile,0
+918448837717,Anjali Singh 53,Lucknow,BSNL,Mobile,0
+917123030687,Priya Sharma,Chandigarh,BSNL,Mobile,0
+918126360534,Rahul Sharma,Mumbai,Vodafone Idea,Mobile,0
+916877944066,Neha Patel 63,Surat,BSNL,Mobile,0
+919889087584,Rahul Sharma 22,Kochi,Airtel,Mobile,0
+919796404343,Rekha Mishra,Surat,BSNL,Mobile,0
+919470336536,Lakshmi Thakur 17,Pune,Vodafone Idea,Mobile,0
+918299053973,Nitin Mehta,Chandigarh,BSNL,Mobile,0
+916394522880,Lakshmi Thakur,Surat,BSNL,Mobile,0
+916724794762,Priya Sharma,Coimbatore,Airtel,Mobile,0
+916248745305,Meera Joshi,Ahmedabad,BSNL,Mobile,0
+917892641552,Kavita Gupta 86,Nagpur,Airtel,Mobile,0
+918782110890,Anjali Singh,Pune,Jio,Mobile,0
+916531603122,Priya Sharma 91,Vizag,Airtel,Mobile,0
+916727923408,Geeta Saxena,Indore,BSNL,Mobile,0
+918242621650,Priya Sharma,Bhopal,Airtel,Mobile,0
+918664900053,Sunil Menon,Vadodara,Airtel,Mobile,0
+919182025312,Harish Bhat,Lucknow,Vodafone Idea,Mobile,0
+916627225707,Nitin Mehta,Pune,BSNL,Mobile,0
+918116853452,Radha Pandey 63,Indore,Jio,Mobile,0
+916838967191,Manoj Gupta,Hyderabad,BSNL,Mobile,0
+918422329867,Rashmi Yadav 38,Mysore,BSNL,Mobile,0
+918477247591,Sunita Chauhan 6,Pune,BSNL,Mobile,0
+916335491172,Sunita Chauhan 58,Coimbatore,Vodafone Idea,Mobile,0
+918377288184,Anita Mehta,Mumbai,Airtel,Mobile,0
+916372678299,Amit Kumar,Mumbai,Airtel,Mobile,0
+919816382837,Sanjay Joshi,Mumbai,BSNL,Mobile,0
+917479266270,Pooja Reddy 14,Chandigarh,Vodafone Idea,Mobile,0
+917748638119,Harish Bhat,Chandigarh,Airtel,Mobile,0
+917584337849,Rashmi Yadav,Ahmedabad,Vodafone Idea,Mobile,0
+917963168933,Suresh Reddy,Chennai,Jio,Mobile,0
+917267280755,Pradeep Yadav,Vadodara,Vodafone Idea,Mobile,0
+917117478725,Rekha Mishra 49,Delhi,Vodafone Idea,Mobile,0
+917028086342,Arun Nair,Nagpur,BSNL,Mobile,0
+916990751232,Anita Mehta 31,Kochi,BSNL,Mobile,0
+916847815066,Nitin Mehta,Jaipur,Jio,Mobile,0
+919452405533,Pradeep Yadav,Pune,Vodafone Idea,Mobile,0
+919754012766,Meera Joshi,Kochi,Vodafone Idea,Mobile,0
+918483396464,Amit Kumar,Bhopal,Jio,Mobile,0
+916196514685,Vinod Pandey,Coimbatore,BSNL,Mobile,0
+916852511968,Pradeep Yadav,Pune,Airtel,Mobile,0
+917518141282,Kavita Gupta,Hyderabad,Jio,Mobile,0
+919371493835,Vinod Pandey,Pune,Vodafone Idea,Mobile,0
+919359775279,Shalini Bhat 13,Bhopal,Vodafone Idea,Mobile,0
+919894536804,Karthik Iyer,Coimbatore,Vodafone Idea,Mobile,0
+918888863221,Amit Kumar 10,Ahmedabad,BSNL,Mobile,0
+916363197686,Rahul Sharma 96,Mysore,Airtel,Mobile,0
+916693710936,Harish Bhat,Hyderabad,Jio,Mobile,0
+916197123480,Ramesh Agarwal,Surat,Vodafone Idea,Mobile,0
+918632024328,Rohit Mishra,Lucknow,Vodafone Idea,Mobile,0
+916648354042,Manoj Gupta 74,Bangalore,Airtel,Mobile,0
+916159691401,Vikram Singh,Bhopal,Vodafone Idea,Mobile,0
+918561720730,Rashmi Yadav,Delhi,Jio,Mobile,0
+919873732038,Nandini Agarwal,Kochi,Jio,Mobile,0
+916899804424,Shalini Bhat,Mumbai,Jio,Mobile,0
+916746186329,Pooja Reddy,Mumbai,BSNL,Mobile,0
+918680239365,Sneha Verma,Mysore,Vodafone Idea,Mobile,0
+919678795085,Rekha Mishra,Pune,Vodafone Idea,Mobile,0
+916192307330,Padma Das,Kochi,Vodafone Idea,Mobile,0
+916537769695,Nitin Mehta,Surat,Airtel,Mobile,0
+919747467487,Arun Nair,Coimbatore,Jio,Mobile,0
+918286455980,Radha Pandey,Indore,BSNL,Mobile,0
+916718720533,Uma Menon,Mumbai,BSNL,Mobile,0
+917746936545,Nandini Agarwal,Surat,Vodafone Idea,Mobile,0
+917322623807,Lakshmi Thakur 91,Indore,Jio,Mobile,0
+917079117891,Harish Bhat,Chandigarh,Airtel,Mobile,0
+916343525896,Pradeep Yadav,Mysore,Jio,Mobile,0
+918440818336,Karthik Iyer 45,Coimbatore,Jio,Mobile,0
+919881808945,Sanjay Joshi,Nagpur,Airtel,Mobile,0
+917367160377,Shalini Bhat,Delhi,BSNL,Mobile,0
+918666260905,Rohit Mishra,Mysore,Jio,Mobile,0
+918455964270,Lakshmi Thakur,Mysore,Jio,Mobile,0
+919515276682,Uma Menon 23,Pune,Airtel,Mobile,0
+918218368966,Rohit Mishra 79,Vadodara,Vodafone Idea,Mobile,0
+918343596879,Arun Nair 82,Hyderabad,BSNL,Mobile,0
+918541276677,Nandini Agarwal,Mumbai,Jio,Mobile,0
+916592937505,Pradeep Yadav 13,Bangalore,Jio,Mobile,0
+919077400938,Kavita Gupta,Ahmedabad,Airtel,Mobile,0
+916544894027,Manoj Gupta,Mumbai,BSNL,Mobile,0
+917233356047,Swati Iyer,Hyderabad,BSNL,Mobile,0
+918026387829,Sunita Chauhan,Jaipur,Airtel,Mobile,0
+918885144220,Swati Iyer,Ahmedabad,Airtel,Mobile,0
+918226703659,Karthik Iyer,Ahmedabad,Jio,Mobile,0
+916870084995,Geeta Saxena 20,Kochi,Airtel,Mobile,0
+916921882443,Uma Menon,Chandigarh,BSNL,Mobile,0
+918159210626,Amit Kumar,Vadodara,BSNL,Mobile,0
+918028546370,Vinod Pandey,Coimbatore,Airtel,Mobile,0
+918589361740,Nandini Agarwal,Vizag,BSNL,Mobile,0
+916953529676,Gaurav Thakur 9,Bhopal,Airtel,Mobile,0
+918929046194,Swati Iyer,Kochi,Airtel,Mobile,0
+917715843158,Ramesh Agarwal 73,Chandigarh,BSNL,Mobile,0
+917783780927,Anjali Singh,Delhi,Airtel,Mobile,0
+917079201505,Rekha Mishra,Nagpur,Jio,Mobile,0
+918178614358,Swati Iyer,Lucknow,Vodafone Idea,Mobile,0
+918353676586,Rashmi Yadav 31,Coimbatore,Jio,Mobile,0
+916744521290,Meera Joshi 45,Kochi,BSNL,Mobile,0
+919630456522,Sanjay Joshi,Pune,Jio,Mobile,0
+918488458818,Nitin Mehta 12,Hyderabad,BSNL,Mobile,0
+916516668672,Sunita Chauhan 71,Lucknow,Vodafone Idea,Mobile,0
+918137268443,Sunita Chauhan,Ahmedabad,Vodafone Idea,Mobile,0
+916353691228,Rashmi Yadav,Kochi,Vodafone Idea,Mobile,0
+916921942370,Ajay Chauhan,Jaipur,Jio,Mobile,0
+917094754246,Manoj Gupta,Delhi,Jio,Mobile,0
+916162887169,Arun Nair,Mysore,Airtel,Mobile,0
+918246823520,Padma Das,Kochi,Jio,Mobile,0
+919529557961,Priya Sharma 67,Vizag,BSNL,Mobile,0
+916742288984,Vikram Singh,Mysore,Vodafone Idea,Mobile,0
+918336854405,Suresh Reddy,Vizag,Jio,Mobile,0
+917018306630,Neha Patel 24,Kolkata,Vodafone Idea,Mobile,0
+919678725421,Ramesh Agarwal,Kolkata,Airtel,Mobile,0
+918822478965,Radha Pandey,Vadodara,Vodafone Idea,Mobile,0
+916832826618,Raj Patel,Bhopal,BSNL,Mobile,0
+917831790697,Manoj Gupta,Indore,Jio,Mobile,0
+917282577566,Naveen Saxena 33,Lucknow,Airtel,Mobile,0
+916260575552,Pooja Reddy 10,Hyderabad,Jio,Mobile,0
+917889101196,Swati Iyer,Indore,Vodafone Idea,Mobile,0
+918027653902,Pradeep Yadav 93,Hyderabad,Airtel,Mobile,0
+916638479580,Karthik Iyer,Jaipur,Airtel,Mobile,0
+917715309794,Divya Nair,Chandigarh,BSNL,Mobile,0
+919112849986,Uma Menon,Surat,Vodafone Idea,Mobile,0
+918686391700,Karthik Iyer,Hyderabad,Airtel,Mobile,0
+919821170264,Divya Nair 84,Mysore,Jio,Mobile,0
+917590347941,Padma Das 57,Vizag,Airtel,Mobile,0
+919463801256,Nitin Mehta,Bangalore,Vodafone Idea,Mobile,0
+918944533029,Lakshmi Thakur,Ahmedabad,Airtel,Mobile,0
+917639858561,Gaurav Thakur 77,Indore,Jio,Mobile,0
+918224386374,Geeta Saxena,Bhopal,BSNL,Mobile,0
+919476995271,Padma Das,Kolkata,Vodafone Idea,Mobile,0
+918137163473,Neha Patel,Indore,Airtel,Mobile,0
+918162052546,Anjali Singh 90,Indore,Vodafone Idea,Mobile,0
+917550105889,Vikram Singh,Nagpur,Jio,Mobile,0
+919538797245,Amit Kumar,Lucknow,BSNL,Mobile,0
+916091721194,Sunil Menon,Jaipur,Airtel,Mobile,0
+917575981991,Sanjay Joshi,Hyderabad,Vodafone Idea,Mobile,0
+919578511924,Amit Kumar 65,Jaipur,Vodafone Idea,Mobile,0
+916142890341,Manoj Gupta 38,Bhopal,BSNL,Mobile,0
+919894439167,Vinod Pandey,Kolkata,Jio,Mobile,0
+917415730578,Amit Kumar 2,Mumbai,Jio,Mobile,0
+917193583835,Sunil Menon 97,Chennai,Vodafone Idea,Mobile,0
+919895312510,Anjali Singh 15,Bangalore,Vodafone Idea,Mobile,0
+918973105016,Sneha Verma,Kolkata,Airtel,Mobile,0
+916914339387,Padma Das 12,Lucknow,Airtel,Mobile,0
+919879589635,Ajay Chauhan,Mumbai,Vodafone Idea,Mobile,0
+917851541717,Rekha Mishra,Mumbai,BSNL,Mobile,0
+919498129954,Harish Bhat,Ahmedabad,Airtel,Mobile,0
+918181323455,Geeta Saxena,Vadodara,Airtel,Mobile,0
+919414847642,Amit Kumar,Delhi,Jio,Mobile,0
+917736917908,Padma Das 82,Vizag,Vodafone Idea,Mobile,0
+919153491758,Ramesh Agarwal,Hyderabad,Vodafone Idea,Mobile,0
+919593563281,Kavita Gupta 11,Nagpur,Airtel,Mobile,0
+916020402898,Rohit Mishra,Indore,BSNL,Mobile,0
+917916771508,Rekha Mishra,Coimbatore,Airtel,Mobile,0
+919037949160,Rekha Mishra,Mumbai,BSNL,Mobile,0
+917977475190,Rohit Mishra,Pune,Airtel,Mobile,0
+918464809055,Sunil Menon,Mysore,BSNL,Mobile,0
+918490714545,Karthik Iyer,Ahmedabad,Jio,Mobile,0
+919465724071,Rahul Sharma,Vadodara,Airtel,Mobile,0
+916767205593,Sneha Verma,Mumbai,Airtel,Mobile,0
+919437421516,Sanjay Joshi,Kochi,Vodafone Idea,Mobile,0
+919134085677,Vinod Pandey,Lucknow,Vodafone Idea,Mobile,0
+919124522932,Uma Menon 4,Bhopal,Airtel,Mobile,0
+918346789712,Deepak Verma,Chennai,Vodafone Idea,Mobile,0
+916960874553,Suresh Reddy,Kochi,Jio,Mobile,0
+918035456900,Padma Das,Vizag,Jio,Mobile,0
+919712731870,Pradeep Yadav,Vadodara,Airtel,Mobile,0
+917395469676,Geeta Saxena 94,Delhi,Jio,Mobile,0
+916557560531,Nitin Mehta,Ahmedabad,Airtel,Mobile,0
+918199755802,Sunita Chauhan,Bangalore,Vodafone Idea,Mobile,0
+917251823906,Pooja Reddy 39,Mysore,Airtel,Mobile,0
+918991392523,Nitin Mehta,Ahmedabad,Airtel,Mobile,0
+917455846069,Meera Joshi 99,Nagpur,BSNL,Mobile,0
+918511192574,Swati Iyer 37,Nagpur,Jio,Mobile,0
+918837942459,Ajay Chauhan,Hyderabad,Airtel,Mobile,0
+917211414676,Rashmi Yadav,Bangalore,Jio,Mobile,0
+917522299164,Rahul Sharma 86,Pune,Airtel,Mobile,0
+919649221164,Neha Patel,Mumbai,Airtel,Mobile,0
+919361000564,Uma Menon,Surat,Vodafone Idea,Mobile,0
+918427040296,Suresh Reddy,Bangalore,Vodafone Idea,Mobile,0
+918291001828,Kavita Gupta,Vizag,Jio,Mobile,0
+918289670499,Geeta Saxena 51,Nagpur,Airtel,Mobile,0
+918077048621,Padma Das,Ahmedabad,BSNL,Mobile,0
+918446150147,Vinod Pandey,Chennai,Vodafone Idea,Mobile,0
+918440458960,Sunil Menon,Chandigarh,Vodafone Idea,Mobile,0
+918325442055,Uma Menon,Jaipur,Jio,Mobile,0
+919697159782,Amit Kumar,Bhopal,Vodafone Idea,Mobile,0
+917336866399,Vinod Pandey 9,Mysore,Airtel,Mobile,0
+916389662279,Kavita Gupta,Hyderabad,Vodafone Idea,Mobile,0
+918279529310,Ramesh Agarwal,Ahmedabad,BSNL,Mobile,0
+916691251055,Gaurav Thakur,Hyderabad,Jio,Mobile,0
+919413427782,Sunita Chauhan 42,Bhopal,Jio,Mobile,0
+917694493001,Swati Iyer,Chandigarh,Jio,Mobile,0
+917818061551,Neha Patel,Kolkata,Airtel,Mobile,0
+917888533272,Ramesh Agarwal,Delhi,BSNL,Mobile,0
+919610802092,Anjali Singh,Chennai,Airtel,Mobile,0
+918325274209,Pradeep Yadav 32,Surat,Vodafone Idea,Mobile,0
+919021604056,Arun Nair 75,Indore,Jio,Mobile,0
+918183017821,Neha Patel,Jaipur,Jio,Mobile,0
+916935154339,Deepak Verma 18,Chandigarh,BSNL,Mobile,0
+918063782458,Geeta Saxena,Hyderabad,BSNL,Mobile,0
+918172121769,Padma Das,Mumbai,Vodafone Idea,Mobile,0
+918737107953,Gaurav Thakur,Lucknow,Airtel,Mobile,0
+919081730429,Pradeep Yadav 93,Mysore,BSNL,Mobile,0
+917865292882,Karthik Iyer 46,Kochi,Jio,Mobile,0
+917519290345,Suresh Reddy,Ahmedabad,BSNL,Mobile,0
+919173018440,Anjali Singh,Jaipur,Vodafone Idea,Mobile,0
+919138497224,Raj Patel 20,Vizag,Jio,Mobile,0
+918621479749,Karthik Iyer 51,Delhi,BSNL,Mobile,0
+919458184221,Shalini Bhat 9,Jaipur,Jio,Mobile,0
+917331578474,Arun Nair 48,Ahmedabad,BSNL,Mobile,0
+919417105259,Padma Das,Hyderabad,Airtel,Mobile,0
+918731649982,Harish Bhat 55,Chandigarh,BSNL,Mobile,0
+918129350831,Lakshmi Thakur,Nagpur,BSNL,Mobile,0
+918949467776,Sanjay Joshi,Chennai,Vodafone Idea,Mobile,0
+918121541630,Sunil Menon,Vizag,BSNL,Mobile,0
+917661080056,Amit Kumar,Ahmedabad,BSNL,Mobile,0
+917190798363,Nitin Mehta,Bangalore,Jio,Mobile,0
+917661700656,Priya Sharma 19,Vizag,Jio,Mobile,0
+916379000598,Sunil Menon,Vadodara,Airtel,Mobile,0
+917180148847,Pradeep Yadav,Vadodara,Vodafone Idea,Mobile,0
+919346752047,Raj Patel 18,Lucknow,BSNL,Mobile,0
+916013006925,Padma Das,Delhi,BSNL,Mobile,0
+919811787846,Naveen Saxena 63,Bhopal,BSNL,Mobile,0
+916386422111,Amit Kumar,Hyderabad,Airtel,Mobile,0
+917544653102,Radha Pandey,Ahmedabad,BSNL,Mobile,0
+917761823408,Manoj Gupta,Kochi,Vodafone Idea,Mobile,0
+917452860278,Sneha Verma,Kochi,Jio,Mobile,0
+916185123612,Sanjay Joshi,Bhopal,Airtel,Mobile,0
+919033460027,Sunil Menon,Bangalore,Jio,Mobile,0
+918717573517,Naveen Saxena 20,Hyderabad,Vodafone Idea,Mobile,0
+916196953055,Pradeep Yadav,Lucknow,Airtel,Mobile,0
+919738791107,Radha Pandey,Bhopal,Airtel,Mobile,0
+918684762633,Rohit Mishra,Chennai,Jio,Mobile,0
+919546805052,Pradeep Yadav,Ahmedabad,Jio,Mobile,0
+917584010064,Rahul Sharma 79,Indore,Jio,Mobile,0
+918031951438,Vikram Singh,Coimbatore,Airtel,Mobile,0
+919777302455,Sunita Chauhan,Pune,Vodafone Idea,Mobile,0
+917012280604,Harish Bhat,Bhopal,Vodafone Idea,Mobile,0
+918978802932,Gaurav Thakur,Vadodara,Jio,Mobile,0
+919098352431,Gaurav Thakur,Lucknow,Jio,Mobile,0
+916789887115,Pooja Reddy 19,Pune,Airtel,Mobile,0
+916880175575,Radha Pandey,Nagpur,Vodafone Idea,Mobile,0
+919537165669,Gaurav Thakur,Bhopal,BSNL,Mobile,0
+917011210929,Geeta Saxena 35,Kochi,Airtel,Mobile,0
+918977746233,Manoj Gupta,Jaipur,Jio,Mobile,0
+919479186548,Rahul Sharma 39,Delhi,Airtel,Mobile,0
+917196737002,Meera Joshi,Surat,BSNL,Mobile,0
+918978300694,Harish Bhat 26,Jaipur,Airtel,Mobile,0
+918236905643,Ramesh Agarwal,Chennai,BSNL,Mobile,0
+919815894784,Neha Patel 66,Indore,Airtel,Mobile,0
+916950139784,Kavita Gupta,Kolkata,Jio,Mobile,0
+917187900990,Ajay Chauhan,Bangalore,Airtel,Mobile,0
+919730066658,Amit Kumar,Bhopal,Airtel,Mobile,0
+918280862327,Deepak Verma 72,Bangalore,BSNL,Mobile,0
+918034479687,Deepak Verma,Jaipur,Vodafone Idea,Mobile,0
+919746767856,Nitin Mehta 24,Chandigarh,BSNL,Mobile,0
+916635514376,Radha Pandey,Delhi,BSNL,Mobile,0
+916081468005,Rahul Sharma 80,Vizag,Vodafone Idea,Mobile,0
+918315319852,Priya Sharma,Bangalore,Vodafone Idea,Mobile,0
+917767879148,Rahul Sharma,Kochi,Vodafone Idea,Mobile,0
+917691922067,Anjali Singh,Ahmedabad,Jio,Mobile,0
+917772199723,Priya Sharma,Coimbatore,BSNL,Mobile,0
+917512636373,Arun Nair,Vadodara,Vodafone Idea,Mobile,0
+918181041724,Shalini Bhat,Vadodara,Jio,Mobile,0
+918798876055,Sneha Verma 60,Coimbatore,Jio,Mobile,0
+918539815704,Lakshmi Thakur,Ahmedabad,Jio,Mobile,0
+918810170101,Gaurav Thakur,Indore,Airtel,Mobile,0
+917912166095,Sunil Menon 38,Surat,Airtel,Mobile,0
+919738365248,Radha Pandey,Vadodara,Vodafone Idea,Mobile,0
+919035665443,Vikram Singh,Mysore,BSNL,Mobile,0
+917622643310,Lakshmi Thakur,Pune,BSNL,Mobile,0
+918523968276,Amit Kumar 3,Coimbatore,Vodafone Idea,Mobile,0
+918131368374,Padma Das,Jaipur,Jio,Mobile,0
+918535169823,Shalini Bhat,Mysore,Vodafone Idea,Mobile,0
+918849952275,Rashmi Yadav,Vizag,BSNL,Mobile,0
+917036352803,Priya Sharma,Kolkata,Vodafone Idea,Mobile,0
+917010339210,Naveen Saxena,Lucknow,BSNL,Mobile,0
+918082980068,Divya Nair 2,Mysore,Airtel,Mobile,0
+917082961536,Anita Mehta,Nagpur,Airtel,Mobile,0
+919864123980,Lakshmi Thakur,Nagpur,BSNL,Mobile,0
+918877360911,Gaurav Thakur,Ahmedabad,Airtel,Mobile,0
+917573587201,Rahul Sharma,Kolkata,Jio,Mobile,0
+917371377722,Suresh Reddy 99,Hyderabad,BSNL,Mobile,0
+917885274877,Nitin Mehta,Nagpur,Jio,Mobile,0
+918724279799,Amit Kumar,Mumbai,Vodafone Idea,Mobile,0
+918632460528,Sunita Chauhan 24,Chennai,Vodafone Idea,Mobile,0
+918387010530,Kavita Gupta 76,Vadodara,Jio,Mobile,0
+916377671957,Ramesh Agarwal,Pune,Airtel,Mobile,0
+917923720077,Uma Menon,Nagpur,Airtel,Mobile,0
+916291644152,Suresh Reddy,Chandigarh,BSNL,Mobile,0
+919861569092,Rahul Sharma,Kochi,Vodafone Idea,Mobile,0
+916678313495,Nandini Agarwal,Delhi,Vodafone Idea,Mobile,0
+917285216686,Lakshmi Thakur,Kolkata,BSNL,Mobile,0
+918864311357,Naveen Saxena,Hyderabad,Jio,Mobile,0
+919612695238,Ajay Chauhan 60,Jaipur,Jio,Mobile,0
+916157054588,Arun Nair 45,Bangalore,Airtel,Mobile,0
+917410251331,Nitin Mehta,Mumbai,Jio,Mobile,0
+917839056104,Rekha Mishra,Coimbatore,Jio,Mobile,0
+918028525547,Shalini Bhat 65,Kolkata,Airtel,Mobile,0
+919159270825,Priya Sharma,Jaipur,Vodafone Idea,Mobile,0
+917137961676,Neha Patel,Indore,BSNL,Mobile,0
+916822880803,Naveen Saxena 93,Vadodara,Jio,Mobile,0
+917413557266,Uma Menon 90,Mysore,Vodafone Idea,Mobile,0
+918087356601,Nandini Agarwal 21,Delhi,BSNL,Mobile,0
+918847343114,Deepak Verma,Delhi,Airtel,Mobile,0
+917336485447,Kavita Gupta,Lucknow,Vodafone Idea,Mobile,0
+916853043912,Anita Mehta,Delhi,BSNL,Mobile,0
+918947789665,Radha Pandey,Mysore,BSNL,Mobile,0
+918246531866,Nandini Agarwal,Lucknow,Airtel,Mobile,0
+916239603776,Shalini Bhat 24,Chennai,BSNL,Mobile,0
+918018042897,Vinod Pandey,Chennai,Jio,Mobile,0
+916518297043,Pradeep Yadav 56,Chennai,Airtel,Mobile,0
+918965826478,Neha Patel,Vadodara,Vodafone Idea,Mobile,0
+916113177370,Raj Patel,Lucknow,Vodafone Idea,Mobile,0
+917626219477,Rekha Mishra,Chandigarh,Airtel,Mobile,0
+919426824802,Ajay Chauhan 50,Mumbai,Jio,Mobile,0
+916079790946,Manoj Gupta 8,Kochi,Jio,Mobile,0
+918594768579,Meera Joshi,Chennai,Vodafone Idea,Mobile,0
+916196089677,Sanjay Joshi,Chennai,BSNL,Mobile,0
+919089572596,Priya Sharma,Vizag,Airtel,Mobile,0
+917139880303,Suresh Reddy,Bangalore,Vodafone Idea,Mobile,0
+918786647597,Priya Sharma,Nagpur,Jio,Mobile,0
+917565128529,Sunil Menon 48,Vadodara,BSNL,Mobile,0
+918681974555,Raj Patel,Surat,Vodafone Idea,Mobile,0
+918310712464,Suresh Reddy,Bangalore,Vodafone Idea,Mobile,0
+917020949996,Suresh Reddy 46,Coimbatore,Vodafone Idea,Mobile,0
+916944570797,Uma Menon,Pune,Airtel,Mobile,0
+919191079481,Ramesh Agarwal,Chandigarh,Jio,Mobile,0
+918397998656,Pooja Reddy 94,Coimbatore,Airtel,Mobile,0
+916388191373,Rahul Sharma,Kochi,Airtel,Mobile,0
+916861269470,Kavita Gupta,Delhi,Vodafone Idea,Mobile,0
+917647094026,Karthik Iyer,Vadodara,Airtel,Mobile,0
+916696324852,Nitin Mehta 89,Lucknow,Vodafone Idea,Mobile,0
+916734903839,Rohit Mishra 1,Surat,Jio,Mobile,0
+919576622168,Raj Patel 44,Kolkata,BSNL,Mobile,0
+918436749342,Gaurav Thakur 68,Indore,Jio,Mobile,0
+917694322206,Manoj Gupta,Jaipur,Vodafone Idea,Mobile,0
+918686545287,Divya Nair,Hyderabad,Vodafone Idea,Mobile,0
+918229926567,Neha Patel,Bhopal,Jio,Mobile,0
+916646866534,Sanjay Joshi,Chandigarh,Jio,Mobile,0
+916266097479,Rekha Mishra,Kolkata,Airtel,Mobile,0
+919727204083,Rahul Sharma 7,Surat,Jio,Mobile,0
+916712844397,Rahul Sharma,Chandigarh,Jio,Mobile,0
+916072610201,Rohit Mishra,Ahmedabad,Vodafone Idea,Mobile,0
+919018648503,Amit Kumar,Chandigarh,Vodafone Idea,Mobile,0
+919551323016,Nandini Agarwal 52,Bhopal,Vodafone Idea,Mobile,0
+918745459312,Sanjay Joshi 87,Mysore,BSNL,Mobile,0
+916739674650,Rashmi Yadav,Chennai,Jio,Mobile,0
+918650541308,Pradeep Yadav 8,Chennai,Jio,Mobile,0
+916574167866,Ramesh Agarwal,Mumbai,BSNL,Mobile,0
+916852542516,Radha Pandey 79,Bhopal,Airtel,Mobile,0
+917385083409,Manoj Gupta,Mumbai,BSNL,Mobile,0
+918247500854,Anita Mehta 11,Bhopal,Jio,Mobile,0
+919811049741,Padma Das 77,Bhopal,Airtel,Mobile,0
+916762689516,Meera Joshi 85,Ahmedabad,BSNL,Mobile,0
+919536508257,Arun Nair,Kochi,Airtel,Mobile,0
+917910859053,Shalini Bhat,Lucknow,Airtel,Mobile,0
+916989404071,Sanjay Joshi,Coimbatore,BSNL,Mobile,0
+916558709635,Priya Sharma 1,Kolkata,BSNL,Mobile,0
+917422018852,Anita Mehta,Bhopal,Vodafone Idea,Mobile,0
+916552543602,Uma Menon,Bhopal,Jio,Mobile,0
+919386109768,Kavita Gupta 99,Kochi,Jio,Mobile,0
+918969881044,Nandini Agarwal,Pune,Vodafone Idea,Mobile,0
+916286397361,Uma Menon 1,Mumbai,Jio,Mobile,0
+916517303253,Ajay Chauhan,Pune,BSNL,Mobile,0
+916025236435,Shalini Bhat 43,Chennai,Jio,Mobile,0
+919795861893,Gaurav Thakur,Vizag,Jio,Mobile,0
+917488154117,Sunil Menon 35,Kochi,Airtel,Mobile,0
+916530407231,Raj Patel,Jaipur,Jio,Mobile,0
+916655161102,Karthik Iyer 84,Chandigarh,Jio,Mobile,0
+919056642359,Anjali Singh,Hyderabad,BSNL,Mobile,0
+918885868417,Anjali Singh,Surat,Vodafone Idea,Mobile,0
+919057134356,Raj Patel,Mysore,Airtel,Mobile,0
+918555744907,Naveen Saxena 31,Vadodara,Jio,Mobile,0
+917673858349,Rahul Sharma 97,Vadodara,Airtel,Mobile,0
+918762095943,Manoj Gupta,Pune,Vodafone Idea,Mobile,0
+916610725472,Ramesh Agarwal 44,Bangalore,Vodafone Idea,Mobile,0
+919137340592,Radha Pandey,Vizag,Airtel,Mobile,0
+917920788658,Sanjay Joshi,Coimbatore,Vodafone Idea,Mobile,0
+918343449337,Pradeep Yadav,Bangalore,Jio,Mobile,0
+918971460536,Harish Bhat 68,Indore,Airtel,Mobile,0
+918361554951,Lakshmi Thakur,Mysore,BSNL,Mobile,0
+916196901893,Sunil Menon 13,Vadodara,Vodafone Idea,Mobile,0
+918813862711,Sneha Verma 32,Jaipur,Vodafone Idea,Mobile,0
+919871466678,Nitin Mehta,Bangalore,Airtel,Mobile,0
+916898002644,Lakshmi Thakur,Indore,BSNL,Mobile,0
+919580503800,Pooja Reddy,Mumbai,Vodafone Idea,Mobile,0
+916061997000,Kavita Gupta,Chennai,BSNL,Mobile,0
+919589781232,Suresh Reddy,Nagpur,Jio,Mobile,0
+918146613114,Karthik Iyer,Kochi,BSNL,Mobile,0
+916630522644,Sanjay Joshi 83,Jaipur,BSNL,Mobile,0
+919683168933,Deepak Verma,Ahmedabad,Jio,Mobile,0
+917559272789,Uma Menon,Delhi,Jio,Mobile,0
+916512534726,Geeta Saxena,Chennai,BSNL,Mobile,0
+916053786819,Vikram Singh 82,Bhopal,Vodafone Idea,Mobile,0
+917129235466,Anita Mehta,Jaipur,Jio,Mobile,0
+919658810435,Shalini Bhat,Kochi,Airtel,Mobile,0
+918799345109,Harish Bhat 81,Hyderabad,BSNL,Mobile,0
+918249428820,Harish Bhat 63,Surat,Vodafone Idea,Mobile,0
+919559078358,Uma Menon 27,Surat,Airtel,Mobile,0
+917672303344,Meera Joshi,Vadodara,Jio,Mobile,0
+917865430583,Padma Das,Bangalore,Vodafone Idea,Mobile,0
+917551204188,Rohit Mishra 99,Vizag,Jio,Mobile,0
+919714942405,Swati Iyer,Mumbai,BSNL,Mobile,0
+916128191532,Nandini Agarwal,Jaipur,BSNL,Mobile,0
+917480107348,Harish Bhat,Kochi,Airtel,Mobile,0
+917599084730,Lakshmi Thakur,Hyderabad,Vodafone Idea,Mobile,0
+917887908202,Rekha Mishra 94,Ahmedabad,BSNL,Mobile,0
+917979104686,Radha Pandey,Vadodara,Vodafone Idea,Mobile,0
+918436823756,Rahul Sharma 95,Bangalore,Airtel,Mobile,0
+916282179269,Swati Iyer,Vizag,Vodafone Idea,Mobile,0
+917436408031,Karthik Iyer,Mysore,BSNL,Mobile,0
+919717028838,Uma Menon,Mumbai,Jio,Mobile,0
+918170525084,Gaurav Thakur,Vizag,BSNL,Mobile,0
+917523630932,Rekha Mishra,Jaipur,BSNL,Mobile,0
+919790125120,Harish Bhat,Nagpur,Airtel,Mobile,0
+917213070800,Gaurav Thakur 37,Vizag,Airtel,Mobile,0
+917248601340,Suresh Reddy 19,Pune,Airtel,Mobile,0
+918159537729,Shalini Bhat,Coimbatore,Jio,Mobile,0
+919197044803,Sunita Chauhan,Ahmedabad,Vodafone Idea,Mobile,0
+919066490790,Shalini Bhat,Ahmedabad,Jio,Mobile,0
+918236933747,Geeta Saxena 52,Jaipur,Airtel,Mobile,0
+917213313413,Uma Menon,Kolkata,Vodafone Idea,Mobile,0
+917668426185,Ajay Chauhan,Delhi,Airtel,Mobile,0
+917564121723,Vinod Pandey,Surat,Vodafone Idea,Mobile,0
+917928260825,Lakshmi Thakur,Bhopal,Vodafone Idea,Mobile,0
+918815839045,Anita Mehta,Lucknow,Vodafone Idea,Mobile,0
+917455755655,Lakshmi Thakur 63,Bhopal,Jio,Mobile,0
+919694523712,Nitin Mehta 28,Pune,Jio,Mobile,0
+918062913933,Rahul Sharma,Ahmedabad,Vodafone Idea,Mobile,0
+917665675656,Divya Nair 45,Vizag,Vodafone Idea,Mobile,0
+917634286131,Rohit Mishra,Vizag,BSNL,Mobile,0
+918232507736,Manoj Gupta 19,Chennai,Vodafone Idea,Mobile,0
+917775945453,Pooja Reddy 9,Kolkata,BSNL,Mobile,0
+916343656917,Pooja Reddy,Ahmedabad,Vodafone Idea,Mobile,0
+916337370362,Anita Mehta,Kolkata,Airtel,Mobile,0
+917610686227,Ajay Chauhan 27,Delhi,Jio,Mobile,0
+916328010336,Sneha Verma,Pune,BSNL,Mobile,0
+916361091853,Rashmi Yadav,Bangalore,Vodafone Idea,Mobile,0
+919474836559,Nandini Agarwal,Indore,BSNL,Mobile,0
+919463114408,Sneha Verma,Coimbatore,Airtel,Mobile,0
+918022794139,Sunita Chauhan 93,Kochi,Vodafone Idea,Mobile,0
+917814395328,Rohit Mishra 54,Chandigarh,Vodafone Idea,Mobile,0
+919411575744,Ajay Chauhan,Bhopal,Jio,Mobile,0
+916899641441,Ramesh Agarwal 3,Nagpur,Jio,Mobile,0
+917168021321,Vinod Pandey,Pune,BSNL,Mobile,0
+918396640166,Suresh Reddy,Coimbatore,Jio,Mobile,0
+919125136090,Harish Bhat 91,Ahmedabad,BSNL,Mobile,0
+918148405023,Divya Nair 38,Vadodara,Jio,Mobile,0
+917920029079,Uma Menon 27,Delhi,BSNL,Mobile,0
+918576095218,Uma Menon,Mysore,Vodafone Idea,Mobile,0
+918863721103,Padma Das 97,Lucknow,Jio,Mobile,0
+918270922097,Ajay Chauhan 41,Vizag,Airtel,Mobile,0
+918073876499,Raj Patel,Delhi,BSNL,Mobile,0
+917928098003,Karthik Iyer,Lucknow,Vodafone Idea,Mobile,0
+919745988844,Sanjay Joshi,Nagpur,Vodafone Idea,Mobile,0
+918214445815,Ajay Chauhan,Kochi,Jio,Mobile,0
+919555298303,Naveen Saxena,Surat,BSNL,Mobile,0
+916591643854,Vikram Singh,Jaipur,Vodafone Idea,Mobile,0
+918989975830,Vikram Singh,Mumbai,Airtel,Mobile,0
+918082127949,Anita Mehta,Indore,BSNL,Mobile,0
+918515075044,Karthik Iyer 44,Mysore,Vodafone Idea,Mobile,0
+918933523205,Harish Bhat,Chandigarh,BSNL,Mobile,0
+918774174465,Swati Iyer,Bangalore,Jio,Mobile,0
+917119979225,Vinod Pandey,Ahmedabad,BSNL,Mobile,0
+919847010769,Nitin Mehta,Bangalore,BSNL,Mobile,0
+917699981281,Nandini Agarwal,Vadodara,Vodafone Idea,Mobile,0
+917114900452,Swati Iyer 77,Mumbai,Airtel,Mobile,0
+916394634308,Geeta Saxena 2,Indore,Jio,Mobile,0
+917534075795,Neha Patel,Surat,Vodafone Idea,Mobile,0
+918172001809,Amit Kumar 55,Lucknow,BSNL,Mobile,0
+917150171352,Uma Menon 50,Vadodara,Airtel,Mobile,0
+918448115764,Gaurav Thakur,Indore,Jio,Mobile,0
+918796197939,Nitin Mehta,Bangalore,Vodafone Idea,Mobile,0
+919427798172,Divya Nair 2,Bangalore,Airtel,Mobile,0
+917178387413,Deepak Verma,Kolkata,Airtel,Mobile,0
+919894296129,Deepak Verma,Pune,Airtel,Mobile,0
+916176169460,Rekha Mishra,Mumbai,BSNL,Mobile,0
+916371043850,Ajay Chauhan,Hyderabad,BSNL,Mobile,0
+917253023319,Divya Nair 16,Chandigarh,Vodafone Idea,Mobile,0
+917152815350,Harish Bhat,Mumbai,BSNL,Mobile,0
+916583336842,Naveen Saxena 78,Kolkata,Vodafone Idea,Mobile,0
+917712438659,Neha Patel,Pune,Vodafone Idea,Mobile,0
+916613266075,Sunil Menon,Hyderabad,Jio,Mobile,0
+916863510114,Radha Pandey,Delhi,BSNL,Mobile,0
+916896463768,Radha Pandey,Kolkata,BSNL,Mobile,0
+918973927966,Suresh Reddy 42,Vadodara,Vodafone Idea,Mobile,0
+917618718045,Meera Joshi,Coimbatore,Airtel,Mobile,0
+918450891980,Suresh Reddy,Kolkata,Jio,Mobile,0
+916591309242,Manoj Gupta,Vizag,Airtel,Mobile,0
+918077578570,Shalini Bhat,Lucknow,BSNL,Mobile,0
+918480822991,Rashmi Yadav,Pune,Vodafone Idea,Mobile,0
+916299072807,Neha Patel,Lucknow,BSNL,Mobile,0
+919719203300,Karthik Iyer 26,Mumbai,Jio,Mobile,0
+918831481628,Anita Mehta,Ahmedabad,BSNL,Mobile,0
+919456640798,Gaurav Thakur,Surat,Airtel,Mobile,0
+919437664074,Vinod Pandey 85,Chandigarh,Airtel,Mobile,0
+919127950469,Vinod Pandey 35,Chennai,Airtel,Mobile,0
+917487655443,Ajay Chauhan,Lucknow,Jio,Mobile,0
+918144635205,Anjali Singh,Pune,Jio,Mobile,0
+916196417635,Rohit Mishra,Mumbai,Jio,Mobile,0
+919326538446,Pradeep Yadav 59,Vizag,BSNL,Mobile,0
+917828518349,Sneha Verma,Chandigarh,Jio,Mobile,0
+918388899972,Lakshmi Thakur 59,Mysore,BSNL,Mobile,0
+919597843083,Ramesh Agarwal,Bhopal,Jio,Mobile,0
+917434778592,Naveen Saxena,Jaipur,BSNL,Mobile,0
+918534992968,Neha Patel 59,Vizag,Airtel,Mobile,0
+919482931848,Shalini Bhat,Vizag,Airtel,Mobile,0
+919353683252,Rekha Mishra 86,Lucknow,Airtel,Mobile,0
+917454531499,Sunil Menon,Jaipur,BSNL,Mobile,0
+917565269076,Naveen Saxena,Ahmedabad,Airtel,Mobile,0
+916524202686,Lakshmi Thakur,Ahmedabad,Airtel,Mobile,0
+917864250309,Amit Kumar 80,Kochi,Jio,Mobile,0
+916215617479,Uma Menon,Bangalore,Airtel,Mobile,0
+916237994795,Manoj Gupta 63,Chandigarh,Airtel,Mobile,0
+919370002244,Lakshmi Thakur,Jaipur,Vodafone Idea,Mobile,0
+916223956764,Harish Bhat 62,Vizag,BSNL,Mobile,0
+918170827882,Sneha Verma,Vadodara,BSNL,Mobile,0
+918055556891,Amit Kumar,Mumbai,Jio,Mobile,0
+916533069367,Rashmi Yadav,Hyderabad,Airtel,Mobile,0
+919642611342,Sneha Verma,Kochi,BSNL,Mobile,0
+918650134024,Harish Bhat,Pune,BSNL,Mobile,0
+917777610194,Manoj Gupta 21,Chandigarh,Airtel,Mobile,0
+917941302448,Pooja Reddy,Lucknow,Vodafone Idea,Mobile,0
+918744850121,Shalini Bhat,Chennai,Jio,Mobile,0
+918354946554,Radha Pandey,Coimbatore,Jio,Mobile,0
+917475865850,Anjali Singh,Hyderabad,Jio,Mobile,0
+916132823039,Sanjay Joshi,Delhi,Airtel,Mobile,0
+917090986154,Ramesh Agarwal,Mysore,Jio,Mobile,0
+918968426191,Deepak Verma,Chennai,Vodafone Idea,Mobile,0
+918094852234,Raj Patel 94,Pune,Vodafone Idea,Mobile,0
+918475209474,Uma Menon,Mysore,BSNL,Mobile,0
+918861319726,Vinod Pandey 43,Coimbatore,Vodafone Idea,Mobile,0
+916868099714,Rohit Mishra,Chennai,BSNL,Mobile,0
+916593813816,Sunil Menon 62,Pune,Airtel,Mobile,0
+919594053733,Vikram Singh,Vizag,Vodafone Idea,Mobile,0
+919338766085,Uma Menon,Delhi,Airtel,Mobile,0
+917950011657,Raj Patel 87,Jaipur,BSNL,Mobile,0
+918178083024,Karthik Iyer,Jaipur,BSNL,Mobile,0
+917611326004,Amit Kumar,Pune,BSNL,Mobile,0
+917939371787,Rashmi Yadav,Kochi,BSNL,Mobile,0
+919138670740,Shalini Bhat,Vizag,Jio,Mobile,0
+916925968173,Amit Kumar 43,Ahmedabad,Vodafone Idea,Mobile,0
+917595101367,Harish Bhat,Vadodara,BSNL,Mobile,0
+919546087410,Arun Nair,Indore,BSNL,Mobile,0
+916211897530,Geeta Saxena 24,Mysore,Jio,Mobile,0
+916578076513,Nandini Agarwal,Nagpur,Jio,Mobile,0
+919892899959,Geeta Saxena,Mysore,Airtel,Mobile,0
+918074122122,Arun Nair,Surat,Vodafone Idea,Mobile,0
+917032452299,Naveen Saxena 46,Nagpur,Airtel,Mobile,0
+918872424906,Sunil Menon 14,Bangalore,BSNL,Mobile,0
+916674975039,Suresh Reddy,Kolkata,Jio,Mobile,0
+918894552871,Naveen Saxena,Kolkata,Vodafone Idea,Mobile,0
+917133225991,Divya Nair,Nagpur,Jio,Mobile,0
+917255310403,Rahul Sharma,Bhopal,Jio,Mobile,0
+918539900687,Ajay Chauhan,Vizag,BSNL,Mobile,0
+918717006040,Kavita Gupta,Bangalore,Jio,Mobile,0
+917839094327,Rashmi Yadav 3,Hyderabad,Vodafone Idea,Mobile,0
+919191380144,Harish Bhat,Coimbatore,Jio,Mobile,0
+918344096834,Sneha Verma,Chandigarh,Jio,Mobile,0
+918983922447,Karthik Iyer,Vizag,Airtel,Mobile,0
+917812156630,Arun Nair,Bhopal,Vodafone Idea,Mobile,0
+919199485900,Priya Sharma,Pune,Vodafone Idea,Mobile,0
+919034583348,Ramesh Agarwal,Vizag,BSNL,Mobile,0
+918450194292,Sunita Chauhan 21,Indore,Airtel,Mobile,0
+919131308735,Pooja Reddy,Bangalore,Jio,Mobile,0
+918624177059,Kavita Gupta,Bhopal,BSNL,Mobile,0
+917362330465,Shalini Bhat 68,Vizag,Vodafone Idea,Mobile,0
+916932542464,Deepak Verma,Chennai,BSNL,Mobile,0
+917582788809,Divya Nair,Chandigarh,Jio,Mobile,0
+919728427754,Sunil Menon,Chandigarh,Vodafone Idea,Mobile,0
+916313222747,Deepak Verma,Indore,Airtel,Mobile,0
+919116890363,Sanjay Joshi,Ahmedabad,Vodafone Idea,Mobile,0
+917192507559,Ramesh Agarwal 83,Chennai,Vodafone Idea,Mobile,0
+919076260035,Pooja Reddy 64,Chandigarh,Airtel,Mobile,0
+917183471310,Karthik Iyer,Mysore,Airtel,Mobile,0
+918322812365,Padma Das 96,Mysore,Jio,Mobile,0
+919696928000,Amit Kumar,Kochi,Vodafone Idea,Mobile,0
+916841651965,Kavita Gupta,Bhopal,Vodafone Idea,Mobile,0
+916258693645,Kavita Gupta 53,Delhi,Vodafone Idea,Mobile,0
+918722585241,Rohit Mishra,Vadodara,BSNL,Mobile,0
+919715588849,Kavita Gupta,Bangalore,BSNL,Mobile,0
+919150762871,Nitin Mehta,Delhi,BSNL,Mobile,0
+919045337220,Rashmi Yadav,Surat,BSNL,Mobile,0
+917131407247,Deepak Verma,Coimbatore,BSNL,Mobile,0
+918826120178,Harish Bhat,Ahmedabad,BSNL,Mobile,0
+918181983388,Amit Kumar 53,Indore,BSNL,Mobile,0
+918411523771,Harish Bhat,Indore,Jio,Mobile,0
+916794351145,Kavita Gupta,Chennai,Airtel,Mobile,0
+918278084764,Rashmi Yadav,Surat,Airtel,Mobile,0
+919114612342,Arun Nair 57,Mysore,Vodafone Idea,Mobile,0
+917372632268,Gaurav Thakur,Vizag,Vodafone Idea,Mobile,0
+918056101047,Sneha Verma,Vadodara,BSNL,Mobile,0
+916971620256,Rekha Mishra,Lucknow,Airtel,Mobile,0
+916028842280,Padma Das 27,Jaipur,Airtel,Mobile,0
+916157652669,Meera Joshi,Vizag,BSNL,Mobile,0
+916717041130,Arun Nair 97,Pune,Vodafone Idea,Mobile,0
+919541061362,Swati Iyer,Indore,BSNL,Mobile,0
+918578253951,Anita Mehta,Bhopal,Airtel,Mobile,0
+918876305815,Uma Menon,Chennai,BSNL,Mobile,0
+916073125182,Deepak Verma,Bhopal,Jio,Mobile,0
+918855221970,Karthik Iyer 87,Surat,Jio,Mobile,0
+919328987875,Sunil Menon,Lucknow,Jio,Mobile,0
+919847033326,Manoj Gupta,Pune,Vodafone Idea,Mobile,0
+917734497955,Sunita Chauhan,Mumbai,Jio,Mobile,0
+918434153828,Anjali Singh 6,Mysore,Jio,Mobile,0
+917125039258,Priya Sharma,Kolkata,BSNL,Mobile,0
+917457286802,Amit Kumar 95,Bhopal,Airtel,Mobile,0
+918646694404,Vikram Singh 33,Kolkata,Airtel,Mobile,0
+917098312030,Raj Patel,Bangalore,Vodafone Idea,Mobile,0
+917192746742,Pradeep Yadav,Kolkata,Jio,Mobile,0
+917722546784,Sanjay Joshi,Hyderabad,Vodafone Idea,Mobile,0
+918892961369,Divya Nair 14,Vizag,Jio,Mobile,0
+917551126025,Rahul Sharma,Bangalore,BSNL,Mobile,0
+919795607659,Geeta Saxena,Kochi,Jio,Mobile,0
+918741672679,Anita Mehta,Chennai,Airtel,Mobile,0
+919571009238,Priya Sharma,Kochi,Jio,Mobile,0
+919374735371,Kavita Gupta,Indore,Vodafone Idea,Mobile,0
+919634211608,Lakshmi Thakur 43,Hyderabad,BSNL,Mobile,0
+917674573564,Sunil Menon,Hyderabad,Vodafone Idea,Mobile,0
+916355078678,Anita Mehta,Pune,BSNL,Mobile,0
+918577001867,Vikram Singh,Vadodara,BSNL,Mobile,0
+917566729977,Pooja Reddy 78,Bhopal,Vodafone Idea,Mobile,0
+918067672850,Pooja Reddy,Kolkata,Vodafone Idea,Mobile,0
+919617131490,Nandini Agarwal,Mysore,BSNL,Mobile,0
+918738431748,Gaurav Thakur,Vadodara,Vodafone Idea,Mobile,0
+917117901413,Sanjay Joshi 65,Mumbai,BSNL,Mobile,0
+917480001232,Priya Sharma 32,Surat,Jio,Mobile,0
+919467297681,Vinod Pandey,Chennai,Jio,Mobile,0
+919198511115,Kavita Gupta,Vizag,Airtel,Mobile,0
+919343810735,Amit Kumar 60,Ahmedabad,Airtel,Mobile,0
+917155227974,Karthik Iyer 71,Coimbatore,Jio,Mobile,0
+919043007107,Suresh Reddy,Chandigarh,BSNL,Mobile,0
+919471068731,Nitin Mehta 67,Mysore,Airtel,Mobile,0
+916341036702,Naveen Saxena,Pune,Jio,Mobile,0
+918220935657,Uma Menon,Jaipur,BSNL,Mobile,0
+916077348431,Lakshmi Thakur,Indore,BSNL,Mobile,0
+917167552182,Uma Menon,Jaipur,Airtel,Mobile,0
+919866515952,Sunil Menon,Mumbai,BSNL,Mobile,0
+917036741180,Arun Nair 65,Surat,Vodafone Idea,Mobile,0
+919820021715,Suresh Reddy,Vizag,Airtel,Mobile,0
+918416897892,Rashmi Yadav 80,Bhopal,Jio,Mobile,0
+918715919867,Sunil Menon,Bangalore,BSNL,Mobile,0
+917948005343,Rahul Sharma,Surat,Airtel,Mobile,0
+919081930049,Sunil Menon 45,Ahmedabad,Vodafone Idea,Mobile,0
+919627886644,Meera Joshi 56,Jaipur,Airtel,Mobile,0
+916544118024,Gaurav Thakur,Indore,Airtel,Mobile,0
+918870743652,Rohit Mishra,Chandigarh,Airtel,Mobile,0
+917651766677,Rashmi Yadav 91,Hyderabad,BSNL,Mobile,0
+919590116152,Priya Sharma,Mysore,Jio,Mobile,0
+919327950934,Nitin Mehta,Pune,Jio,Mobile,0
+917990825206,Harish Bhat,Bangalore,Vodafone Idea,Mobile,0
+916129014281,Pradeep Yadav 34,Coimbatore,BSNL,Mobile,0
+916174716198,Padma Das,Mysore,Airtel,Mobile,0
+917539508770,Deepak Verma,Ahmedabad,Airtel,Mobile,0
+917397043777,Rekha Mishra,Coimbatore,Jio,Mobile,0
+918210156327,Rohit Mishra,Jaipur,Jio,Mobile,0
+918794238594,Manoj Gupta 85,Vadodara,Vodafone Idea,Mobile,0
+919861412423,Sunil Menon,Pune,BSNL,Mobile,0
+918192639916,Deepak Verma 6,Vadodara,BSNL,Mobile,0
+918368632587,Nandini Agarwal,Mumbai,BSNL,Mobile,0
+919435774177,Arun Nair,Chandigarh,Airtel,Mobile,0
+916616815420,Vikram Singh,Jaipur,BSNL,Mobile,0
+918881260478,Sunil Menon,Hyderabad,Airtel,Mobile,0
+917278674852,Rashmi Yadav,Jaipur,Jio,Mobile,0
+916237498946,Rashmi Yadav 8,Bhopal,Jio,Mobile,0
+917920196176,Rekha Mishra 18,Vizag,Jio,Mobile,0
+917940777357,Gaurav Thakur,Pune,BSNL,Mobile,0
+919150540757,Rahul Sharma 44,Vadodara,Airtel,Mobile,0
+918838105982,Lakshmi Thakur,Hyderabad,Airtel,Mobile,0
+918327440450,Nandini Agarwal,Lucknow,BSNL,Mobile,0
+918231337866,Rekha Mishra 27,Bhopal,Airtel,Mobile,0
+917082663474,Nandini Agarwal,Surat,Airtel,Mobile,0
+918270193332,Deepak Verma,Kolkata,Vodafone Idea,Mobile,0
+917026064338,Arun Nair,Pune,Airtel,Mobile,0
+919878468866,Harish Bhat,Coimbatore,BSNL,Mobile,0
+918655431639,Gaurav Thakur 82,Delhi,Jio,Mobile,0
+918796290143,Rashmi Yadav,Vadodara,BSNL,Mobile,0
+918126365836,Vikram Singh 52,Mumbai,Airtel,Mobile,0
+916158229286,Amit Kumar,Pune,Jio,Mobile,0
+919772526403,Rashmi Yadav,Delhi,Jio,Mobile,0
+916275977306,Gaurav Thakur 52,Chandigarh,Vodafone Idea,Mobile,0
+918650816091,Swati Iyer,Bhopal,Airtel,Mobile,0
+918669710583,Meera Joshi 29,Surat,Jio,Mobile,0
+919823809364,Vinod Pandey,Coimbatore,Vodafone Idea,Mobile,0
+917719534110,Ajay Chauhan,Ahmedabad,Jio,Mobile,0
+916713812922,Rahul Sharma,Mysore,Jio,Mobile,0
+918950649553,Rekha Mishra 14,Coimbatore,Airtel,Mobile,0
+917099992422,Sunil Menon 65,Coimbatore,Vodafone Idea,Mobile,0
+916128924976,Sanjay Joshi 98,Bhopal,Jio,Mobile,0
+918471666340,Sunita Chauhan,Indore,Jio,Mobile,0
+918512109025,Manoj Gupta,Pune,BSNL,Mobile,0
+917889712742,Padma Das,Pune,Jio,Mobile,0
+918785743961,Priya Sharma,Vadodara,BSNL,Mobile,0
+917417374904,Nandini Agarwal,Kolkata,BSNL,Mobile,0
+917225182760,Ajay Chauhan,Indore,BSNL,Mobile,0
+917121806657,Vinod Pandey 5,Kochi,BSNL,Mobile,0
+917414138862,Nitin Mehta,Nagpur,Vodafone Idea,Mobile,0
+916966900534,Rekha Mishra,Hyderabad,Jio,Mobile,0
+916111301958,Kavita Gupta,Mysore,Airtel,Mobile,0
+918145935726,Anjali Singh,Nagpur,BSNL,Mobile,0
+916977150768,Divya Nair 55,Lucknow,BSNL,Mobile,0
+919423169050,Raj Patel,Indore,Vodafone Idea,Mobile,0
+917951631783,Nitin Mehta,Vadodara,Jio,Mobile,0
+918679756654,Sunita Chauhan,Hyderabad,Vodafone Idea,Mobile,0
+918820988181,Raj Patel,Kolkata,Vodafone Idea,Mobile,0
+916356711200,Anita Mehta,Pune,Vodafone Idea,Mobile,0
+919727290406,Neha Patel 48,Bhopal,BSNL,Mobile,0
+918415703611,Priya Sharma,Pune,BSNL,Mobile,0
+916827407235,Nitin Mehta,Bangalore,Jio,Mobile,0
+916338465319,Rashmi Yadav,Surat,Jio,Mobile,0
+916173193994,Pooja Reddy,Chennai,Airtel,Mobile,0
+918617428537,Anita Mehta 2,Vizag,Jio,Mobile,0
+918552332234,Rohit Mishra,Ahmedabad,BSNL,Mobile,0
+918958908426,Sunita Chauhan,Chennai,Jio,Mobile,0
+917297837629,Priya Sharma,Kochi,BSNL,Mobile,0
+918178485154,Swati Iyer,Delhi,Vodafone Idea,Mobile,0
+918198765344,Vinod Pandey,Vizag,Jio,Mobile,0
+918279344642,Sunil Menon 66,Kochi,BSNL,Mobile,0
+919131570298,Deepak Verma,Indore,Vodafone Idea,Mobile,0
+917466957116,Anita Mehta,Delhi,BSNL,Mobile,0
+916534319527,Nitin Mehta,Bangalore,Vodafone Idea,Mobile,0
+919160133657,Gaurav Thakur,Hyderabad,Vodafone Idea,Mobile,0
+917397125188,Pooja Reddy,Mumbai,BSNL,Mobile,0
+917691280564,Deepak Verma,Kolkata,BSNL,Mobile,0
+919380413076,Priya Sharma,Bhopal,Vodafone Idea,Mobile,0
+917685889996,Suresh Reddy,Vizag,BSNL,Mobile,0
+917314633055,Rekha Mishra 9,Mysore,Vodafone Idea,Mobile,0
+917895670963,Karthik Iyer,Bhopal,Jio,Mobile,0
+916744732221,Neha Patel 56,Surat,BSNL,Mobile,0
+917715872943,Sunita Chauhan,Coimbatore,Vodafone Idea,Mobile,0
+919582138260,Padma Das 44,Kolkata,BSNL,Mobile,0
+919336234630,Raj Patel,Bhopal,BSNL,Mobile,0
+919863375411,Sunil Menon,Nagpur,Jio,Mobile,0
+919176597308,Radha Pandey,Bangalore,Jio,Mobile,0
+917092520025,Ramesh Agarwal 67,Hyderabad,Airtel,Mobile,0
+918510801707,Suresh Reddy 26,Nagpur,Airtel,Mobile,0
+918231854386,Harish Bhat 69,Surat,Vodafone Idea,Mobile,0
+917366583678,Lakshmi Thakur 97,Pune,Vodafone Idea,Mobile,0
+917827502860,Padma Das,Kochi,BSNL,Mobile,0
+918947919723,Uma Menon,Ahmedabad,Jio,Mobile,0
+918069194234,Ramesh Agarwal,Hyderabad,Airtel,Mobile,0
+918255252098,Sanjay Joshi,Bangalore,Vodafone Idea,Mobile,0
+916278228160,Ramesh Agarwal 86,Mysore,Jio,Mobile,0
+918495504052,Deepak Verma,Chennai,BSNL,Mobile,0
+918173955627,Rashmi Yadav,Bhopal,Vodafone Idea,Mobile,0
+916850295359,Uma Menon 32,Nagpur,BSNL,Mobile,0
+919778409230,Kavita Gupta,Hyderabad,Jio,Mobile,0
+918193447205,Gaurav Thakur 29,Vadodara,BSNL,Mobile,0
+917887649021,Priya Sharma,Hyderabad,Airtel,Mobile,0
+917655038824,Geeta Saxena 94,Bangalore,Vodafone Idea,Mobile,0
+917297583017,Pradeep Yadav,Vadodara,BSNL,Mobile,0
+919063031325,Rohit Mishra,Coimbatore,Vodafone Idea,Mobile,0
+916830438938,Nitin Mehta,Surat,Vodafone Idea,Mobile,0
+919650098612,Ramesh Agarwal,Chandigarh,BSNL,Mobile,0
+918150354681,Priya Sharma,Hyderabad,Jio,Mobile,0
+916135069881,Pradeep Yadav 48,Lucknow,BSNL,Mobile,0
+919015203332,Karthik Iyer 47,Chandigarh,Vodafone Idea,Mobile,0
+919079175599,Sanjay Joshi,Vadodara,Jio,Mobile,0
+917554049299,Karthik Iyer,Hyderabad,Jio,Mobile,0
+917087882119,Geeta Saxena 22,Delhi,Airtel,Mobile,0
+917350872233,Rahul Sharma,Hyderabad,BSNL,Mobile,0
+918674707853,Priya Sharma 79,Coimbatore,BSNL,Mobile,0
+918633901326,Rohit Mishra,Jaipur,Jio,Mobile,0
+919819934273,Uma Menon,Lucknow,BSNL,Mobile,0
+916616561910,Vikram Singh,Ahmedabad,Jio,Mobile,0
+916591504126,Divya Nair,Coimbatore,Vodafone Idea,Mobile,0
+916864054421,Vikram Singh,Mysore,Airtel,Mobile,0
+918721617861,Nitin Mehta,Nagpur,Vodafone Idea,Mobile,0
+917863704330,Shalini Bhat,Kochi,BSNL,Mobile,0
+917771057369,Pooja Reddy,Jaipur,BSNL,Mobile,0
+918488661013,Kavita Gupta 15,Bangalore,Airtel,Mobile,0
+919762594005,Naveen Saxena 50,Coimbatore,Jio,Mobile,0
+918931463829,Radha Pandey,Surat,Jio,Mobile,0
+917254793404,Pradeep Yadav,Vadodara,BSNL,Mobile,0
+918715331345,Rohit Mishra 69,Kochi,Airtel,Mobile,0
+918914165810,Deepak Verma 41,Vadodara,Airtel,Mobile,0
+916344414342,Sunita Chauhan,Bangalore,Airtel,Mobile,0
+918636269412,Sanjay Joshi,Chandigarh,Jio,Mobile,0
+918289024760,Padma Das,Lucknow,BSNL,Mobile,0
+917951177650,Nandini Agarwal 59,Vadodara,Airtel,Mobile,0
+917949816736,Ajay Chauhan,Lucknow,BSNL,Mobile,0
+916393954018,Rahul Sharma,Kolkata,Vodafone Idea,Mobile,0
+918591251124,Amit Kumar,Hyderabad,Vodafone Idea,Mobile,0
+919818170654,Sneha Verma,Bhopal,Vodafone Idea,Mobile,0
+916775135112,Sunil Menon,Hyderabad,Jio,Mobile,0
+919132575064,Meera Joshi 59,Bangalore,Airtel,Mobile,0
+916191854652,Naveen Saxena 33,Pune,Jio,Mobile,0
+916740598308,Rahul Sharma,Surat,Jio,Mobile,0
+917880548875,Rashmi Yadav 50,Kolkata,Jio,Mobile,0
+918386415064,Sunil Menon,Chennai,Airtel,Mobile,0
+917291860278,Padma Das 55,Kochi,Vodafone Idea,Mobile,0
+919751873747,Vinod Pandey 29,Mumbai,Vodafone Idea,Mobile,0
+918195026620,Sunita Chauhan,Vizag,Vodafone Idea,Mobile,0
+917184988886,Nandini Agarwal,Delhi,BSNL,Mobile,0
+918329125836,Meera Joshi,Lucknow,BSNL,Mobile,0
+918735061504,Vinod Pandey,Lucknow,Jio,Mobile,0
+918892073659,Karthik Iyer,Jaipur,Jio,Mobile,0
+917918176190,Rashmi Yadav,Bangalore,Jio,Mobile,0
+916213670195,Deepak Verma 92,Vizag,Vodafone Idea,Mobile,0
+919048778337,Naveen Saxena 8,Indore,BSNL,Mobile,0
+916377763270,Divya Nair 51,Chennai,Vodafone Idea,Mobile,0
+917117659662,Sunita Chauhan,Vizag,BSNL,Mobile,0
+916747315567,Anita Mehta 70,Ahmedabad,BSNL,Mobile,0
+918319142969,Uma Menon,Kolkata,Jio,Mobile,0
+917150592885,Nandini Agarwal 30,Mysore,Jio,Mobile,0
+919651195031,Meera Joshi,Kolkata,BSNL,Mobile,0
+919550794834,Padma Das 82,Bhopal,BSNL,Mobile,0
+917964939359,Geeta Saxena,Kolkata,BSNL,Mobile,0
+919837394048,Ramesh Agarwal,Chandigarh,BSNL,Mobile,0
+918446317041,Sneha Verma 29,Delhi,Airtel,Mobile,0
+918228602670,Sneha Verma,Indore,Jio,Mobile,0
+917790488886,Meera Joshi,Bangalore,BSNL,Mobile,0
+918193608216,Vikram Singh,Bhopal,Airtel,Mobile,0
+919771663743,Vinod Pandey 85,Kolkata,BSNL,Mobile,0
+917997783357,Pradeep Yadav,Kochi,BSNL,Mobile,0
+918332174844,Arun Nair 83,Kochi,Airtel,Mobile,0
+918820779510,Anjali Singh 61,Bhopal,Jio,Mobile,0
+917770173184,Divya Nair,Chandigarh,Airtel,Mobile,0
+919319016348,Anita Mehta,Mysore,BSNL,Mobile,0
+917978465134,Kavita Gupta,Indore,Airtel,Mobile,0
+917088162955,Gaurav Thakur 8,Vadodara,Airtel,Mobile,0
+918245196069,Shalini Bhat 29,Jaipur,Airtel,Mobile,0
+918033564913,Karthik Iyer,Surat,Jio,Mobile,0
+919518541676,Anita Mehta,Mumbai,Airtel,Mobile,0
+917355174480,Meera Joshi,Surat,Airtel,Mobile,0
+916822185071,Priya Sharma,Chandigarh,Airtel,Mobile,0
+916783039900,Deepak Verma,Chandigarh,Vodafone Idea,Mobile,0
+916717459660,Ramesh Agarwal,Kochi,Airtel,Mobile,0
+916172703727,Karthik Iyer 62,Bhopal,Vodafone Idea,Mobile,0
+918262923513,Vikram Singh,Kolkata,Vodafone Idea,Mobile,0
+919682918648,Harish Bhat,Mysore,Vodafone Idea,Mobile,0
+916876915584,Priya Sharma,Chennai,Vodafone Idea,Mobile,0
+917928957445,Rohit Mishra,Chennai,BSNL,Mobile,0
+916326897543,Gaurav Thakur,Ahmedabad,Airtel,Mobile,0
+918852516717,Vinod Pandey,Mysore,BSNL,Mobile,0
+917362029673,Lakshmi Thakur 81,Hyderabad,Airtel,Mobile,0
+919639105465,Rekha Mishra,Mysore,BSNL,Mobile,0
+916740671972,Kavita Gupta 94,Vizag,Vodafone Idea,Mobile,0
+919516757781,Rekha Mishra,Nagpur,Airtel,Mobile,0
+917611978616,Sneha Verma 91,Kochi,BSNL,Mobile,0
+918769495060,Anjali Singh 92,Hyderabad,BSNL,Mobile,0
+919723731200,Sunil Menon,Kolkata,Jio,Mobile,0
+919169169085,Pradeep Yadav 37,Coimbatore,Vodafone Idea,Mobile,0
+919869879121,Amit Kumar,Ahmedabad,Airtel,Mobile,0
+917232449388,Neha Patel,Kolkata,Vodafone Idea,Mobile,0
+917865209880,Lakshmi Thakur,Indore,Airtel,Mobile,0
+916976883576,Pradeep Yadav,Vizag,BSNL,Mobile,0
+916074210041,Ramesh Agarwal,Hyderabad,BSNL,Mobile,0
+917045390175,Raj Patel 28,Indore,Vodafone Idea,Mobile,0
+918394782481,Uma Menon,Kochi,BSNL,Mobile,0
+917179236319,Anita Mehta 97,Jaipur,Vodafone Idea,Mobile,0
+919612821389,Sunita Chauhan,Chennai,Vodafone Idea,Mobile,0
+918410322423,Arun Nair,Lucknow,Jio,Mobile,0
+917927876941,Uma Menon 62,Lucknow,Airtel,Mobile,0
+918914193955,Rashmi Yadav,Kolkata,Airtel,Mobile,0
+917310652099,Ajay Chauhan 15,Chennai,Airtel,Mobile,0
+916946690489,Rahul Sharma,Delhi,Airtel,Mobile,0
+917419092335,Rahul Sharma,Surat,Jio,Mobile,0
+919525774780,Suresh Reddy,Bhopal,BSNL,Mobile,0
+916330482564,Divya Nair,Kochi,Jio,Mobile,0
+916310772047,Priya Sharma 64,Delhi,Airtel,Mobile,0
+917565300159,Shalini Bhat,Kolkata,Airtel,Mobile,0
+917866118129,Geeta Saxena,Coimbatore,Airtel,Mobile,0
+918881567715,Padma Das,Mysore,Airtel,Mobile,0
+918189939829,Pradeep Yadav,Delhi,Jio,Mobile,0
+916662041437,Rahul Sharma 13,Nagpur,BSNL,Mobile,0
+919459224598,Arun Nair 26,Bangalore,Vodafone Idea,Mobile,0
+916349292378,Priya Sharma 87,Hyderabad,BSNL,Mobile,0
+917329161328,Anita Mehta 26,Pune,Vodafone Idea,Mobile,0
+917028146608,Sanjay Joshi,Bangalore,Airtel,Mobile,0
+917145207594,Naveen Saxena,Bangalore,Vodafone Idea,Mobile,0
+916578602301,Rohit Mishra 24,Pune,Airtel,Mobile,0
+918746764267,Shalini Bhat,Bangalore,Jio,Mobile,0
+918069182743,Harish Bhat,Chandigarh,Jio,Mobile,0
+917865165074,Ajay Chauhan,Mysore,Jio,Mobile,0
+917326103577,Sunita Chauhan,Vizag,Vodafone Idea,Mobile,0
+919893721232,Sunita Chauhan,Vadodara,Airtel,Mobile,0
+918496448459,Geeta Saxena,Indore,Airtel,Mobile,0
+918915135057,Sunil Menon 52,Surat,Vodafone Idea,Mobile,0
+916787550473,Vinod Pandey,Bhopal,BSNL,Mobile,0
+916875344966,Divya Nair,Bangalore,Jio,Mobile,0
+918924018278,Sunita Chauhan,Delhi,Vodafone Idea,Mobile,0
